time,state,pressure,altitude,startAlt,temperature,velocity_world_x,velocity_world_y,velocity_world_z,baro_vz,lsm_accel_r,lsm_accel_p,lsm_accel_y,lsm_gyro_r,lsm_gyro_p,lsm_gyro_y,adxl_accel_r,adxl_accel_p,adxl_accel_y,predicted_apogee,airbrake_deployment,mag_r,mag_p,mag_y,q0,q1,q2,q3,accel_world_x,accel_world_y,accel_world_z,alt_fused,cam1_on,cam2_on,main_p_ematch_voltage,main_s_ematch_voltage,drogue_p_ematch_voltage,drogue_s_ematch_voltage,roll,pitch,yaw,t_burnout,t_apogee,t_drogue,t_main,t_land,drogue_validated_baro,main_validated_baro
590889,1,937.298,652.457,650.261,44.040,-0.004,0.004,-0.043,0.155,9.785,-0.260,-0.154,-0.009,0.001,0.001,13.454,-2.883,-1.922,0.000,0,-18.130,-8.272,-96.495,0.982,-0.010,0.010,0.189,-0.037,-0.015,-0.020,2.021,1,1,14140,14219,14190,14159,21.731,-0.903,1.290,0,0,0,0,0,0,0
591889,1,937.335,652.132,650.261,44.040,-0.003,0.003,-0.115,-0.153,9.793,-0.177,-0.146,-0.001,0.002,0.001,11.532,-2.883,13.454,0.000,0,-17.682,-8.160,-97.881,0.982,-0.011,0.007,0.189,-0.022,0.034,-0.015,1.974,1,1,14130,14224,14182,14164,21.793,-1.083,0.989,0,0,0,0,0,0,0
592889,1,937.332,652.155,650.261,44.040,-0.006,-0.001,-0.130,-0.038,9.796,-0.213,-0.196,-0.010,0.001,-0.001,20.181,-1.922,-9.610,0.000,0,-17.626,-8.370,-97.755,0.982,-0.012,0.009,0.189,0.011,0.011,-0.009,1.826,1,1,14132,14207,14184,14160,21.796,-1.183,1.329,0,0,0,0,0,0,0
593889,1,937.322,652.248,650.261,44.050,-0.008,-0.004,0.041,-0.126,9.813,-0.292,-0.202,0.013,0.002,-0.001,20.181,-2.883,-11.532,0.000,0,-18.466,-7.880,-96.901,0.982,-0.012,0.013,0.190,0.005,-0.028,0.009,2.208,1,1,14126,14218,14189,14170,21.862,-1.022,1.673,0,0,0,0,0,0,0
594889,1,937.285,652.570,650.261,44.050,-0.014,-0.014,0.079,0.118,9.813,-0.417,-0.224,0.038,0.003,-0.001,12.493,-1.922,10.571,0.000,0,-18.018,-8.076,-96.775,0.982,-0.014,0.011,0.190,-0.136,-0.050,0.013,2.268,1,1,14168,14212,14189,14165,21.853,-1.330,1.586,0,0,0,0,0,0,0
595890,1,937.279,652.631,650.261,44.050,-0.013,-0.018,0.033,0.181,9.809,-0.254,-0.259,-0.044,-0.002,0.001,12.493,-0.961,13.454,0.000,0,-17.444,-8.622,-96.789,0.982,-0.011,0.007,0.190,-0.037,-0.089,0.006,2.216,1,1,14160,14232,14187,14164,21.928,-1.109,1.088,0,0,0,0,0,0,0
596890,1,937.290,652.528,650.261,44.050,-0.011,-0.003,0.040,0.055,9.803,-0.192,-0.181,0.016,-0.002,0.000,21.142,-1.922,12.493,0.000,0,-17.822,-8.048,-98.413,0.982,-0.011,0.010,0.191,0.045,0.018,-0.003,2.234,1,1,14158,14214,14192,14161,21.993,-1.054,1.397,0,0,0,0,0,0,0
597890,1,937.313,652.322,650.261,44.050,-0.004,0.010,-0.090,-0.096,9.800,-0.280,-0.154,-0.009,-0.002,0.001,15.376,0.000,7.688,0.000,0,-17.612,-8.426,-98.119,0.981,-0.009,0.010,0.191,-0.038,-0.045,-0.005,2.107,1,1,14180,14215,14186,14161,22.024,-0.745,1.336,0,0,0,0,0,0,0
598890,1,937.308,652.372,650.261,44.050,-0.001,0.015,-0.036,0.012,9.805,-0.199,-0.129,0.004,-0.001,0.001,16.337,-1.922,0.000,0.000,0,-17.458,-8.370,-98.301,0.981,-0.008,0.007,0.192,-0.035,-0.019,-0.003,2.044,1,1,14133,14216,14189,14159,22.104,-0.732,0.935,0,0,0,0,0,0,0
599890,1,937.287,652.554,650.261,44.050,-0.001,0.017,0.087,0.105,9.796,-0.150,-0.162,0.016,0.001,0.000,14.415,-7.688,7.688,0.000,0,-17.178,-8.286,-96.593,0.981,-0.011,0.007,0.192,0.023,0.035,-0.011,2.254,1,1,14162,14217,14192,14160,22.124,-1.083,1.074,0,0,0,0,0,0,0
600890,1,937.341,652.081,650.261,44.050,-0.002,0.015,-0.082,-0.279,9.796,-0.182,-0.133,0.001,0.001,-0.001,7.688,-4.805,6.727,0.000,0,-18.396,-8.566,-96.915,0.981,-0.009,0.009,0.192,0.027,0.013,-0.011,2.051,1,1,14164,14220,14189,14164,22.150,-0.787,1.232,0,0,0,0,0,0,0
601890,1,937.342,652.074,650.261,44.050,-0.001,0.015,-0.090,-0.177,9.790,-0.257,-0.138,-0.001,0.002,-0.001,9.610,-0.961,12.493,0.000,0,-17.570,-8.132,-95.697,0.981,-0.011,0.012,0.192,-0.001,0.036,-0.015,1.908,1,1,14155,14216,14192,14165,22.175,-1.003,1.578,0,0,0,0,0,0,0
602890,1,937.323,652.240,650.261,44.060,-0.000,0.016,-0.027,-0.050,9.808,-0.263,-0.180,-0.010,0.002,-0.001,15.376,-3.844,-6.727,0.000,0,-17.808,-8.090,-96.677,0.981,-0.014,0.012,0.193,0.002,0.048,0.003,2.030,1,1,14154,14215,14190,14157,22.206,-1.301,1.655,0,0,0,0,0,0,0
603890,1,937.363,651.881,650.261,44.070,-0.001,0.016,-0.080,-0.371,9.815,-0.225,-0.182,0.007,0.001,0.000,6.727,-11.532,-2.883,0.000,0,-17.752,-8.776,-96.943,0.981,-0.011,0.009,0.193,0.000,0.000,0.010,1.951,1,1,14158,14222,14179,14160,22.246,-1.061,1.313,0,0,0,0,0,0,0
604890,1,937.349,652.005,650.261,44.080,-0.001,0.014,-0.124,-0.138,9.808,-0.263,-0.215,-0.000,-0.001,0.000,18.259,-4.805,-3.844,0.000,0,-17.388,-8.468,-96.439,0.981,-0.012,0.010,0.193,-0.009,-0.022,0.004,1.777,1,1,14160,14220,14188,14168,22.262,-1.160,1.445,0,0,0,0,0,0,0
605890,1,937.349,652.010,650.261,44.090,-0.000,0.014,-0.055,-0.153,9.808,-0.229,-0.166,0.006,0.002,0.000,10.571,-1.922,11.532,0.000,0,-17.626,-8.328,-98.315,0.981,-0.011,0.009,0.194,-0.008,-0.001,0.002,1.888,1,1,14150,14222,14173,14164,22.331,-0.985,1.292,0,0,0,0,0,0,0
606890,1,937.345,652.037,650.261,44.090,-0.001,0.014,0.028,-0.172,9.802,-0.229,-0.140,0.007,0.001,0.000,9.610,0.000,0.000,0.000,0,-18.144,-8.594,-96.523,0.981,-0.010,0.010,0.194,-0.007,0.012,-0.004,1.982,1,1,14164,14217,14177,14164,22.357,-0.897,1.323,0,0,0,0,0,0,0
607890,1,937.325,652.219,650.261,44.090,0.001,0.014,-0.026,0.045,9.794,-0.221,-0.217,0.013,0.001,0.001,16.337,0.000,1.922,0.000,0,-17.290,-8.468,-97.447,0.981,-0.012,0.009,0.194,0.006,-0.013,-0.011,1.896,1,1,14159,14215,14188,14164,22.378,-1.184,1.300,0,0,0,0,0,0,0
608890,1,937.333,652.145,650.261,44.100,0.001,0.014,0.022,-0.092,9.800,-0.245,-0.190,0.001,0.001,-0.001,5.766,-3.844,10.571,0.000,0,-17.542,-8.678,-97.881,0.981,-0.011,0.011,0.194,0.019,-0.015,-0.005,2.011,1,1,14159,14218,14190,14158,22.411,-0.993,1.502,0,0,0,0,0,0,0
609890,1,937.340,652.084,650.261,44.110,0.001,0.013,-0.035,-0.134,9.818,-0.254,-0.117,-0.005,0.002,0.000,8.649,-3.844,10.571,0.000,0,-18.256,-8.286,-97.363,0.981,-0.011,0.011,0.195,-0.022,0.043,0.012,1.943,1,1,14136,14221,14189,14164,22.476,-0.963,1.458,0,0,0,0,0,0,0
610890,1,937.297,652.470,650.261,44.100,0.004,0.013,0.010,0.239,9.793,-0.209,-0.192,0.002,0.001,0.001,9.610,-2.883,4.805,0.000,0,-17.402,-8.902,-96.383,0.981,-0.012,0.008,0.195,-0.022,0.007,-0.013,1.979,1,1,14157,14217,14191,14167,22.510,-1.204,1.122,0,0,0,0,0,0,0
611890,1,937.307,652.383,650.261,44.100,0.003,0.012,0.017,0.130,9.808,-0.183,-0.178,0.001,0.001,0.000,10.571,-2.883,10.571,0.000,0,-17.374,-8.020,-96.285,0.981,-0.010,0.008,0.196,0.008,-0.007,0.002,2.012,1,1,14154,14224,14184,14159,22.560,-0.987,1.096,0,0,0,0,0,0,0
612890,1,937.340,652.089,650.261,44.110,0.003,0.012,-0.075,-0.108,9.811,-0.239,-0.160,0.011,0.001,-0.001,15.376,-2.883,9.610,0.000,0,-17.808,-7.922,-96.257,0.981,-0.010,0.010,0.196,0.000,-0.000,0.005,1.897,1,1,14157,14219,14193,14164,22.593,-0.938,1.397,0,0,0,0,0,0,0
613890,1,937.369,651.828,650.261,44.110,0.003,0.010,-0.176,-0.230,9.801,-0.253,-0.215,0.004,0.002,0.000,8.649,-2.883,10.571,0.000,0,-17.892,-8.468,-95.991,0.980,-0.013,0.010,0.196,-0.000,-0.000,-0.003,1.668,1,1,14158,14222,14185,14168,22.599,-1.260,1.478,0,0,0,0,0,0,0
614890,1,937.339,652.092,650.261,44.120,0.002,0.008,0.069,-0.052,9.806,-0.249,-0.200,-0.001,0.002,-0.001,10.571,-6.727,2.883,0.000,0,-17.724,-8.244,-97.867,0.980,-0.014,0.011,0.196,0.009,0.036,0.001,1.928,1,1,14159,14219,14186,14164,22.639,-1.337,1.580,0,0,0,0,0,0,0
615890,1,937.344,652.047,650.261,44.120,0.002,0.008,-0.010,-0.114,9.790,-0.241,-0.192,0.011,0.001,0.000,16.337,0.000,3.844,0.000,0,-17.542,-8.132,-96.677,0.980,-0.013,0.011,0.197,0.005,0.015,-0.015,1.918,1,1,14160,14220,14186,14162,22.681,-1.186,1.466,0,0,0,0,0,0,0
616890,1,937.352,651.981,650.261,44.110,0.002,0.008,0.049,-0.279,9.790,-0.221,-0.192,-0.000,0.001,0.001,11.532,-1.922,13.454,0.000,0,-18.060,-8.678,-97.965,0.980,-0.011,0.010,0.197,0.015,-0.012,-0.015,2.074,1,1,14130,14218,14189,14160,22.730,-1.024,1.345,0,0,0,0,0,0,0
617890,1,937.298,652.457,650.261,44.110,-0.000,0.005,0.021,0.230,9.801,-0.231,-0.190,-0.006,-0.001,0.001,9.610,-3.844,9.610,0.000,0,-17.528,-7.782,-97.251,0.980,-0.012,0.009,0.197,-0.007,-0.008,-0.004,1.972,1,1,14156,14220,14189,14162,22.761,-1.087,1.296,0,0,0,0,0,0,0
618890,1,937.331,652.169,650.261,44.110,-0.000,0.005,-0.006,-0.038,9.801,-0.177,-0.159,-0.002,-0.001,0.001,20.181,-1.922,0.000,0.000,0,-17.360,-8.034,-96.761,0.980,-0.010,0.007,0.198,0.000,-0.000,-0.006,1.932,1,1,14151,14216,14184,14165,22.822,-0.932,1.034,0,0,0,0,0,0,0
619890,1,937.304,652.404,650.261,44.110,-0.002,0.003,0.069,0.170,9.812,-0.249,-0.160,0.011,0.002,-0.001,18.259,-1.922,7.688,0.000,0,-18.424,-7.768,-97.867,0.980,-0.011,0.011,0.198,-0.009,0.018,0.006,1.997,1,1,14156,14227,14190,14164,22.828,-1.050,1.449,0,0,0,0,0,0,0
620889,1,937.307,652.383,650.261,44.120,-0.002,0.001,-0.059,0.162,9.808,-0.180,-0.170,-0.006,-0.001,0.000,22.103,-2.883,-3.844,0.000,0,-17.094,-7.656,-97.783,0.980,-0.010,0.007,0.199,0.006,-0.011,0.001,1.936,1,1,14160,14215,14185,14168,22.903,-0.921,1.056,0,0,0,0,0,0,0
621890,1,937.334,652.140,650.261,44.120,-0.004,0.003,0.003,-0.018,9.811,-0.212,-0.086,0.010,0.002,-0.001,13.454,-3.844,0.000,0.000,0,-17.276,-7.278,-98.301,0.980,-0.010,0.011,0.199,0.003,0.081,0.003,1.846,1,1,14160,14215,14193,14166,22.954,-0.932,1.436,0,0,0,0,0,0,0
622890,1,937.361,651.902,650.261,44.140,-0.003,0.002,0.013,-0.333,9.807,-0.275,-0.260,0.004,0.003,-0.001,17.298,-4.805,-6.727,0.000,0,-18.004,-7.992,-97.447,0.980,-0.016,0.011,0.199,0.000,0.000,0.004,2.018,1,1,14153,14228,14192,14164,22.936,-1.517,1.607,0,0,0,0,0,0,0
623890,1,937.323,652.240,650.261,44.140,-0.000,0.005,-0.039,0.087,9.789,-0.284,-0.223,-0.001,-0.001,0.000,8.649,-3.844,11.532,0.000,0,-17.178,-7.964,-96.663,0.980,-0.014,0.011,0.199,-0.021,-0.014,-0.014,1.851,1,1,14155,14220,14186,14165,22.980,-1.273,1.519,0,0,0,0,0,0,0
624890,1,937.367,651.844,650.261,44.130,-0.000,0.005,-0.017,-0.318,9.789,-0.260,-0.200,-0.001,0.001,0.000,12.493,-5.766,9.610,0.000,0,-17.290,-7.950,-97.419,0.980,-0.013,0.011,0.200,0.000,0.000,-0.015,1.903,1,1,14160,14224,14185,14162,23.015,-1.170,1.519,0,0,0,0,0,0,0
625890,1,937.306,652.391,650.261,44.140,0.000,0.004,0.082,0.209,9.793,-0.207,-0.194,-0.006,-0.001,0.001,7.688,-0.961,10.571,0.000,0,-17.962,-8.062,-97.027,0.980,-0.012,0.008,0.200,-0.005,-0.005,-0.013,1.947,1,1,14166,14218,14186,14162,23.044,-1.120,1.173,0,0,0,0,0,0,0
626890,1,937.363,651.881,650.261,44.150,-0.001,0.002,-0.092,-0.283,9.807,-0.195,-0.181,-0.011,-0.002,0.001,18.259,-1.922,-6.727,0.000,0,-17.850,-7.796,-97.097,0.980,-0.011,0.009,0.200,0.015,-0.002,0.001,1.877,1,1,14157,14218,14183,14166,23.110,-1.011,1.214,0,0,0,0,0,0,0
627890,1,937.353,651.973,650.261,44.160,-0.002,0.002,-0.044,-0.110,9.802,-0.176,-0.114,0.001,0.001,-0.001,13.454,0.000,9.610,0.000,0,-17.668,-7.166,-96.467,0.980,-0.009,0.008,0.201,0.012,0.024,-0.006,1.766,1,1,14159,14216,14188,14164,23.154,-0.766,1.145,0,0,0,0,0,0,0
628890,1,937.341,652.074,650.261,44.160,-0.001,0.002,-0.012,-0.086,9.811,-0.241,-0.188,-0.002,0.001,0.000,10.571,-2.883,10.571,0.000,0,-17.570,-7.656,-96.971,0.979,-0.012,0.010,0.201,-0.009,-0.004,0.005,1.927,1,1,14156,14216,14189,14162,23.186,-1.095,1.350,0,0,0,0,0,0,0
629890,1,937.332,652.158,650.261,44.170,-0.001,0.001,-0.031,0.001,9.809,-0.217,-0.213,0.004,0.001,-0.001,10.571,-1.922,9.610,0.000,0,-18.116,-8.580,-96.887,0.979,-0.013,0.009,0.201,0.002,-0.005,0.004,1.889,1,1,14158,14215,14188,14163,23.213,-1.215,1.266,0,0,0,0,0,0,0
630890,1,937.363,651.883,650.261,44.160,-0.001,0.000,0.006,-0.335,9.807,-0.241,-0.158,0.007,0.001,0.000,15.376,0.000,8.649,0.000,0,-17.248,-8.132,-97.671,0.979,-0.011,0.010,0.202,-0.004,0.008,0.001,2.010,1,1,14155,14215,14192,14160,23.256,-0.971,1.403,0,0,0,0,0,0,0
631890,1,937.332,652.155,650.261,44.170,-0.002,-0.002,-0.023,-0.071,9.801,-0.230,-0.200,0.010,0.001,0.000,10.571,0.000,5.766,0.000,0,-17.724,-8.286,-95.725,0.979,-0.012,0.009,0.201,0.000,-0.001,-0.004,1.973,1,1,14132,14224,14200,14165,23.238,-1.165,1.343,0,0,0,0,0,0,0
632890,1,937.350,651.997,650.261,44.170,-0.002,-0.001,-0.099,-0.147,9.801,-0.253,-0.218,-0.006,0.001,0.000,21.142,-1.922,-0.961,0.000,0,-17.738,-8.454,-96.705,0.979,-0.013,0.010,0.202,-0.000,-0.000,-0.003,1.807,1,1,14160,14224,14193,14165,23.294,-1.273,1.478,0,0,0,0,0,0,0
633890,1,937.299,652.451,650.261,44.170,-0.000,0.001,0.001,0.261,9.799,-0.277,-0.226,-0.004,0.001,0.000,12.493,-0.961,0.000,0.000,0,-17.332,-8.328,-96.607,0.979,-0.014,0.011,0.202,-0.004,0.002,-0.005,1.947,1,1,14136,14217,14186,14159,23.335,-1.340,1.598,0,0,0,0,0,0,0
634890,1,937.344,652.055,650.261,44.170,-0.001,0.000,0.058,-0.194,9.803,-0.259,-0.199,0.002,-0.001,0.001,19.220,-4.805,-7.688,0.000,0,-17.668,-8.216,-97.279,0.979,-0.012,0.010,0.203,-0.018,-0.024,-0.001,2.039,1,1,14153,14217,14178,14162,23.383,-1.076,1.364,0,0,0,0,0,0,0
635890,1,937.339,652.092,650.261,44.180,-0.001,-0.001,-0.083,-0.093,9.813,-0.211,-0.184,-0.002,-0.001,0.001,11.532,-2.883,7.688,0.000,0,-18.368,-8.468,-97.153,0.979,-0.010,0.008,0.203,0.001,-0.021,0.007,1.881,1,1,14155,14221,14186,14161,23.419,-0.963,1.188,0,0,0,0,0,0,0
636890,1,937.341,652.076,650.261,44.190,-0.001,-0.000,-0.040,-0.076,9.813,-0.189,-0.168,0.007,-0.001,0.000,10.571,-1.922,6.727,0.000,0,-17.752,-8.230,-97.643,0.979,-0.010,0.008,0.203,0.006,-0.010,0.006,1.852,1,1,14158,14221,14185,14168,23.459,-0.917,1.112,0,0,0,0,0,0,0
637890,1,937.318,652.277,650.261,44.190,-0.001,0.002,0.033,0.070,9.813,-0.231,-0.169,0.006,-0.001,0.001,11.532,0.000,8.649,0.000,0,-17.542,-8.328,-97.041,0.979,-0.010,0.009,0.204,-0.007,-0.016,0.007,1.969,1,1,14112,14220,14188,14162,23.482,-0.917,1.277,0,0,0,0,0,0,0
638890,1,937.322,652.248,650.261,44.190,-0.001,0.001,-0.103,0.133,9.807,-0.225,-0.178,-0.006,0.001,-0.001,6.727,1.922,4.805,0.000,0,-17.906,-8.636,-97.615,0.979,-0.013,0.011,0.204,0.019,0.044,0.001,1.771,1,1,14160,14223,14189,14166,23.500,-1.231,1.515,0,0,0,0,0,0,0
639890,1,937.362,651.891,650.261,44.190,0.001,0.004,0.019,-0.192,9.796,-0.229,-0.188,-0.001,0.002,-0.001,16.337,-1.922,0.000,0.000,0,-17.710,-8.020,-96.859,0.979,-0.013,0.010,0.204,0.014,0.033,-0.009,1.783,1,1,14160,14221,14196,14162,23.532,-1.244,1.487,0,0,0,0,0,0,0
640890,1,937.312,652.330,650.261,44.190,0.001,0.003,0.025,0.244,9.794,-0.251,-0.211,-0.002,-0.001,-0.001,14.415,0.000,9.610,0.000,0,-16.926,-8.566,-96.579,0.979,-0.013,0.012,0.204,0.026,0.003,-0.011,1.823,1,1,14153,14216,14186,14168,23.566,-1.189,1.611,0,0,0,0,0,0,0
641890,1,937.336,652.118,650.261,44.200,0.001,0.002,-0.009,-0.018,9.799,-0.282,-0.215,0.001,0.001,0.001,8.649,-4.805,8.649,0.000,0,-17.556,-8.468,-98.483,0.979,-0.014,0.012,0.205,-0.000,-0.000,-0.005,1.899,1,1,14160,14209,14189,14160,23.597,-1.260,1.653,0,0,0,0,0,0,0
642890,1,937.333,652.145,650.261,44.190,0.001,0.002,-0.085,0.072,9.809,-0.238,-0.182,-0.000,-0.001,0.000,21.142,-1.922,-2.883,0.000,0,-17.654,-8.020,-96.467,0.979,-0.012,0.010,0.205,-0.002,0.008,0.004,1.753,1,1,14157,14218,14190,14161,23.641,-1.108,1.397,0,0,0,0,0,0,0
643890,1,937.326,652.214,650.261,44.160,0.001,0.002,-0.030,0.156,9.813,-0.243,-0.193,-0.007,-0.001,0.001,21.142,-1.922,-2.883,0.000,0,-17.808,-8.244,-96.537,0.979,-0.011,0.010,0.205,-0.006,-0.017,0.008,1.762,1,1,14128,14224,14189,14162,23.693,-1.051,1.349,0,0,0,0,0,0,0
644890,1,937.303,652.409,650.261,44.170,0.001,0.002,0.092,0.309,9.814,-0.211,-0.154,-0.001,0.001,0.000,14.415,0.000,2.883,0.000,0,-17.948,-8.720,-97.055,0.979,-0.010,0.009,0.206,0.003,-0.004,0.008,1.882,1,1,14146,14213,14192,14160,23.737,-0.876,1.236,0,0,0,0,0,0,0
645890,1,937.318,652.277,650.261,44.180,0.002,0.004,0.085,0.109,9.806,-0.212,-0.158,-0.002,0.002,0.000,21.142,-6.727,-0.961,0.000,0,-17.262,-8.398,-96.677,0.978,-0.010,0.009,0.206,0.000,-0.000,-0.001,1.978,1,1,14160,14218,14182,14164,23.784,-0.925,1.237,0,0,0,0,0,0,0
646890,1,937.301,652.433,650.261,44.200,0.003,0.006,0.104,0.203,9.803,-0.181,-0.151,0.015,0.001,0.001,19.220,-0.961,-6.727,0.000,0,-17.430,-7.992,-98.217,0.978,-0.010,0.008,0.206,0.007,0.006,-0.004,2.039,1,1,14160,14222,14182,14165,23.822,-0.894,1.106,0,0,0,0,0,0,0
647890,1,937.342,652.071,650.261,44.210,0.001,0.004,-0.036,-0.172,9.791,-0.213,-0.162,0.020,0.001,0.000,15.376,-13.454,-2.883,0.000,0,-17.528,-8.832,-96.803,0.978,-0.011,0.009,0.207,0.003,0.008,-0.015,1.991,1,1,14154,14220,14196,14162,23.840,-0.978,1.278,0,0,0,0,0,0,0
648890,1,937.313,652.322,650.261,44.210,-0.001,0.002,0.031,0.049,9.797,-0.209,-0.152,0.001,0.001,0.000,17.298,-2.883,-4.805,0.000,0,-17.430,-7.866,-96.775,0.978,-0.012,0.009,0.207,0.003,0.039,-0.009,2.042,1,1,14160,14217,14187,14164,23.871,-1.088,1.331,0,0,0,0,0,0,0
649890,1,937.337,652.108,650.261,44.210,-0.000,0.006,-0.067,-0.118,9.799,-0.215,-0.175,-0.000,0.001,0.000,18.259,-6.727,-9.610,0.000,0,-17.332,-8.202,-97.055,0.978,-0.014,0.010,0.207,0.017,0.058,-0.008,1.931,1,1,14158,14212,14193,14168,23.912,-1.291,1.485,0,0,0,0,0,0,0
650890,1,937.313,652.325,650.261,44.220,-0.006,-0.004,-0.037,0.097,9.738,-0.391,-0.220,-0.012,0.001,0.000,19.220,-3.844,-2.883,0.000,0,-17.864,-9.014,-97.167,0.978,-0.012,0.010,0.208,-0.126,-0.083,-0.063,1.949,1,1,14158,14226,14192,14168,23.947,-1.153,1.430,0,0,0,0,0,0,0
651889,1,937.314,652.319,650.261,44.220,0.003,0.030,0.039,0.046,12.266,0.048,0.239,-0.000,0.014,0.007,31.713,-1.922,7.688,0.000,0,-17.780,-8.720,-96.929,0.978,-0.014,0.010,0.208,0.111,0.612,2.442,2.035,1,1,14160,14222,14184,14159,23.968,-1.283,1.411,0,0,0,0,0,0,0
652889,1,934.537,676.974,650.261,44.140,1.761,1.469,18.037,19.502,39.192,0.320,0.334,-0.696,0.090,0.353,130.696,0.000,2.883,0.000,0,-8.904,-36.062,-76.909,0.960,-0.003,0.081,0.269,6.148,2.374,28.827,15.353,1,1,14160,14214,14188,14158,31.538,2.233,9.060,0,0,0,0,0,0,0
653889,1,921.941,789.554,650.261,43.940,9.426,5.141,70.727,83.406,39.192,0.241,3.192,-5.002,0.031,0.115,105.710,-11.532,13.454,0.000,0,-7.952,-6.144,-68.999,0.539,-0.091,0.024,-0.837,9.773,0.726,28.272,103.903,1,1,14153,14216,14185,14162,-113.994,-8.025,-7.294,0,0,0,0,0,0,0
654889,1,899.798,990.522,650.261,44.160,15.311,7.047,146.843,160.517,34.436,0.521,2.301,-8.380,0.052,0.090,39.401,-1.922,6.727,0.000,0,-6.916,-7.460,-58.471,-0.218,0.083,0.012,0.972,5.866,-0.237,24.204,297.348,1,1,14159,14218,14183,14160,-154.706,-0.697,-9.553,0,0,0,0,0,0,0
655889,1,875.282,1217.755,650.261,44.210,15.668,7.453,192.386,202.447,4.235,1.514,3.234,-9.416,0.257,0.156,17.298,0.000,-14.415,0.000,0,-7.070,-34.564,-72.821,-0.928,0.020,-0.083,-0.362,-0.506,3.805,-5.815,541.589,1,1,14154,14216,14185,14164,42.686,1.321,9.653,0,0,0,0,0,0,0
656889,1,852.045,1437.939,650.261,44.180,15.725,7.593,207.847,212.901,-4.849,2.632,3.099,-8.800,0.104,0.095,0.000,-15.376,22.103,0.000,0,-5.950,-2.658,-68.985,0.494,-0.071,0.017,-0.866,0.657,-4.044,-14.633,778.438,1,1,14152,14220,14185,14165,-120.261,-5.726,-6.163,0,0,0,0,0,0,0
657890,1,830.470,1646.776,650.261,44.150,13.510,5.974,206.234,208.906,-7.588,1.566,3.107,-8.080,0.199,0.161,-12.493,-0.961,14.415,0.000,0,-6.342,-25.422,-53.879,0.519,0.044,0.087,0.849,-4.689,-0.767,-16.674,996.629,1,1,14143,14220,14191,14164,117.169,11.173,0.843,0,0,0,0,0,0,0
658889,1,810.979,1839.253,650.261,44.030,10.863,5.332,196.234,197.772,-6.678,0.618,2.027,-7.329,0.123,0.114,-7.688,0.000,19.220,0.000,0,-7.476,-33.038,-69.503,-0.935,0.021,-0.143,-0.324,-2.479,1.084,-16.273,1193.211,1,1,14132,14220,14189,14160,38.713,3.191,16.350,0,0,0,0,0,0,0
659889,1,793.303,2017.064,650.261,43.830,8.784,4.534,183.483,184.839,-5.422,0.712,2.109,-6.410,0.089,0.106,-7.688,-2.883,-6.727,0.000,0,-7.896,-29.426,-77.315,0.986,-0.057,0.141,0.067,-1.104,1.442,-15.383,1372.091,1,1,14158,14216,14189,14168,6.942,-5.659,16.604,0,0,0,0,0,0,0
660890,1,777.473,2179.062,650.261,43.590,7.008,3.660,170.023,169.755,-4.726,0.625,1.721,-5.765,0.071,0.101,0.961,0.000,-20.181,0.000,0,-7.308,-31.274,-75.173,-0.974,0.045,-0.152,-0.162,-1.332,1.164,-14.560,1535.893,1,1,14160,14216,14191,14161,18.457,-2.368,18.068,0,0,0,0,0,0,0
661890,1,762.974,2329.785,650.261,43.400,5.583,2.758,156.666,156.790,-3.954,0.384,1.325,-5.191,0.070,0.087,5.766,-0.961,0.000,0.000,0,-7.560,-32.674,-65.429,0.831,0.017,0.157,0.533,-2.125,0.363,-13.400,1686.221,1,1,14156,14214,14186,14164,66.830,11.657,14.023,0,0,0,0,0,0,0
662890,1,749.821,2468.544,650.261,43.250,4.573,2.199,144.384,144.873,-3.231,0.390,1.106,-4.688,0.078,0.026,0.000,-2.883,0.000,0.000,0,-7.672,-18.842,-51.317,-0.316,-0.114,-0.103,-0.936,-1.828,-1.013,-12.539,1824.060,1,1,14143,14221,14183,14163,141.590,15.502,-8.535,0,0,0,0,0,0,0
663889,1,738.170,2593.112,650.261,43.070,3.388,2.099,131.934,131.544,-2.724,0.242,0.734,-4.272,0.009,0.022,0.961,-1.922,-2.883,0.000,0,-6.384,-5.360,-68.327,-0.543,0.166,-0.046,0.822,-0.319,-0.801,-12.507,1949.315,1,1,14155,14197,14173,14159,-111.353,-15.190,-12.834,0,0,0,0,0,0,0
664890,1,727.490,2708.714,650.261,42.930,2.100,1.517,120.723,120.644,-2.278,0.253,0.645,-3.901,0.058,0.062,2.883,-3.844,0.000,0.000,0,-7.420,-27.074,-76.755,0.975,-0.050,0.184,0.112,-0.717,0.362,-12.051,2064.234,1,1,14158,14226,14185,14167,12.416,-3.444,21.733,0,0,0,0,0,0,0
665889,1,717.958,2813.047,650.261,42.790,1.611,1.108,109.583,109.682,-1.884,0.117,0.626,-3.599,0.045,0.039,0.000,-5.766,6.727,0.000,0,-7.364,-16.756,-52.507,-0.183,-0.161,-0.091,-0.966,-0.954,-0.750,-11.385,2168.299,1,1,14154,14220,14188,14161,156.523,14.178,-16.106,0,0,0,0,0,0,0
666890,1,709.527,2906.271,650.261,42.690,0.636,1.022,98.635,98.693,-1.524,0.048,0.442,-3.295,0.013,0.068,4.805,1.922,9.610,0.000,0,-7.406,-11.912,-76.391,-0.923,0.129,-0.166,0.323,-0.316,0.104,-11.362,2261.507,1,1,14144,14216,14196,14166,-40.953,-20.813,12.915,0,0,0,0,0,0,0
667890,1,702.140,2988.687,650.261,42.590,0.266,0.580,87.927,87.785,-1.260,-0.024,0.603,-3.075,0.093,0.048,0.000,0.000,12.493,0.000,0,-7.616,-26.878,-55.727,0.334,0.169,0.134,0.918,-0.827,-0.631,-10.743,2343.922,1,1,14154,14211,14181,14164,137.613,21.527,-12.724,0,0,0,0,0,0,0
668889,1,695.687,3061.265,650.261,42.530,-0.459,0.510,77.657,77.436,-0.964,-0.042,0.202,-2.798,-0.021,0.059,3.844,0.000,10.571,0.000,0,-7.700,-10.554,-75.299,0.937,-0.139,0.213,-0.240,-0.404,0.040,-10.708,2416.471,1,1,14160,14215,14185,14160,-32.706,-22.642,19.456,0,0,0,0,0,0,0
669889,1,690.126,3124.240,650.261,42.470,-0.666,0.393,67.429,67.765,-0.699,0.248,0.494,-2.586,0.015,0.017,6.727,-2.883,-4.805,0.000,0,-7.616,-22.734,-52.577,-0.007,-0.252,-0.059,-0.966,-0.548,-0.558,-10.237,2478.782,1,1,14144,14221,14189,14162,177.164,7.746,-29.035,0,0,0,0,0,0,0
670889,1,685.463,3177.371,650.261,42.350,-1.162,0.214,57.784,58.158,-0.607,-0.105,0.446,-2.518,0.129,0.061,2.883,-3.844,13.454,0.000,0,-7.140,-19.416,-80.199,-0.913,0.004,-0.307,-0.269,-0.630,0.226,-10.172,2531.625,1,1,14154,14228,14196,14163,36.212,11.011,34.289,0,0,0,0,0,0,0
671889,1,681.759,3219.775,650.261,42.340,-1.458,0.220,47.774,47.776,-0.429,-0.152,0.251,-2.260,-0.058,-0.092,5.766,4.805,8.649,0.000,0,-4.634,-8.160,-51.219,-0.562,0.337,-0.171,0.736,-0.094,0.012,-10.321,2574.504,1,1,14156,14215,14186,14165,-98.588,-41.432,-17.637,0,0,0,0,0,0,0
672890,1,678.852,3253.199,650.261,42.290,-1.602,0.128,38.196,38.126,-0.336,-0.006,0.220,-1.984,0.107,-0.092,7.688,-0.961,4.805,0.000,0,-6.202,-38.064,-68.789,0.358,0.332,0.233,0.841,-0.339,-0.197,-9.899,2607.842,1,1,14160,14221,14189,14162,124.717,43.167,-23.065,0,0,0,0,0,0,0
673890,1,676.725,3277.714,650.261,42.370,-1.871,-0.071,28.861,28.995,-0.291,-0.202,-0.034,-1.787,0.057,0.268,8.649,-2.883,-8.649,0.000,0,-0.126,-3.736,-85.883,0.842,0.009,0.508,0.183,-0.324,-0.145,-9.785,2632.052,1,1,14124,14216,14188,14161,37.307,22.607,58.366,0,0,0,0,0,0,0
674890,1,675.458,3292.355,650.261,42.380,-2.067,-0.064,19.305,19.544,-0.232,-0.138,-0.142,-1.567,-0.234,0.075,4.805,-7.688,3.844,0.000,0,6.650,2.130,-40.075,0.640,-0.442,0.423,-0.465,-0.282,0.068,-9.714,2646.639,1,1,14158,14218,14186,14158,-77.747,-75.346,7.459,0,0,0,0,0,0,0
675890,1,675.023,3297.386,650.261,42.330,-2.216,0.005,9.995,9.723,-0.272,0.006,-0.057,-1.395,-0.084,-0.310,17.298,-4.805,-10.571,0.000,0,13.034,-46.338,-38.969,0.132,-0.714,0.033,-0.687,-0.276,0.015,-9.785,2652.127,1,1,14164,14220,14183,14161,-76.804,-95.120,-76.382,0,0,0,0,0,0,0
676890,1,675.324,3293.901,650.261,42.240,-2.389,-0.063,0.591,0.853,-0.321,-0.087,-0.011,-1.346,0.333,-0.112,1.922,-3.844,10.571,0.000,0,26.880,-50.608,-88.893,-0.261,-0.659,-0.493,-0.504,-0.300,-0.125,-9.741,2648.113,1,1,14141,14224,14189,14164,89.658,112.889,-24.078,0,0,0,0,0,0,0
677890,1,676.199,3283.786,650.261,42.510,-2.359,-0.189,-5.899,-4.905,-1.635,-0.232,-0.146,-2.002,-0.327,0.089,6.727,-1.922,-12.493,0.000,0,40.796,11.874,-88.669,-0.430,0.013,-0.890,-0.151,-1.076,-0.622,-8.713,2635.357,1,1,14160,14213,14188,14166,170.395,156.217,50.265,0,0,0,0,0,0,0
678889,1,677.105,3273.336,650.261,42.560,-13.015,-5.015,-11.064,-7.376,0.482,-3.914,-0.539,-0.996,-2.296,-0.737,6.727,-9.610,-8.649,0.000,0,73.458,-19.752,-46.277,0.176,0.964,-0.162,-0.117,-3.590,1.719,-9.795,2623.015,1,1,14156,14224,14189,14165,-21.063,157.514,9.686,0,0,0,0,0,0,0
679889,1,676.901,3275.690,650.261,42.340,-7.329,0.390,-4.440,3.149,4.313,1.971,-4.274,7.571,3.079,-1.371,8.649,0.000,-8.649,0.000,0,53.214,-17.694,-24.633,-0.129,0.099,-0.663,0.731,-0.749,-4.326,-5.175,2614.901,1,1,14160,14215,14196,14158,-161.355,-84.183,1.574,0,0,0,0,0,0,0
680889,1,680.183,3237.879,650.261,42.470,-19.865,-0.587,-21.120,-16.538,-11.556,-21.809,-4.826,-0.391,4.578,1.351,-4.805,-22.103,0.000,0.000,0,50.834,-22.286,-21.777,-0.438,0.877,-0.192,0.054,-21.710,2.376,2.660,2587.409,1,1,14152,14206,14188,14158,-22.673,-127.737,4.200,0,0,0,0,0,0,0
681889,1,681.737,3220.033,650.261,42.350,-13.326,-10.653,-15.563,-18.009,-8.599,16.966,-3.950,7.103,-0.384,-1.576,9.610,26.908,2.883,0.000,0,27.636,-43.048,-29.981,0.696,-0.591,-0.287,0.291,17.955,6.435,-6.120,2571.439,1,1,14150,14217,14185,14161,48.124,-82.067,-3.181,0,0,0,0,0,0,0
682890,1,683.607,3198.592,650.261,42.500,-15.807,-1.342,-25.890,-19.445,-11.857,-3.273,0.186,3.268,-1.761,2.993,-8.649,-1.922,4.805,0.000,0,33.152,-15.748,-104.083,-0.600,-0.434,-0.645,-0.186,-11.361,0.880,-5.173,2546.887,1,1,14156,14217,14183,14159,82.883,105.410,37.775,0,0,0,0,0,0,0
683890,1,686.800,3162.104,650.261,42.360,-19.467,-3.237,-22.988,-34.852,-1.608,-18.992,-3.862,-4.124,-3.948,-0.320,0.961,-25.947,-10.571,0.000,0,15.330,15.192,-68.159,-0.532,0.298,-0.702,-0.368,7.141,-2.979,8.031,2524.917,1,1,14158,14212,14184,14160,-174.063,129.233,75.127,0,0,0,0,0,0,0
684889,1,687.740,3151.395,650.261,42.280,-13.467,-0.228,-20.134,-21.749,-5.487,-1.587,16.491,-8.773,-2.839,2.366,0.000,-2.883,15.376,0.000,0,54.852,-22.132,-97.881,-0.714,-0.661,-0.126,0.193,6.273,6.478,5.132,2500.925,1,1,14158,14216,14192,14160,-6.962,83.926,25.858,0,0,0,0,0,0,0
685890,1,689.831,3127.591,650.261,42.260,-10.077,1.996,-17.673,-27.162,1.964,-5.853,-3.767,6.374,1.882,1.197,6.727,-6.727,3.844,0.000,0,50.512,13.918,-39.935,-0.187,-0.432,-0.432,0.769,-0.208,-0.031,-2.581,2486.187,1,1,14149,14210,14188,14160,171.347,-63.238,55.712,0,0,0,0,0,0,0
686889,1,692.076,3102.109,650.261,42.150,-17.066,-0.067,-25.227,-27.394,-11.623,-22.756,-4.784,-2.781,-1.220,-1.847,-1.922,-23.064,3.844,0.000,0,52.290,-34.634,-94.213,0.021,-0.433,-0.866,-0.251,8.465,-24.463,-7.421,2456.371,1,1,14155,14225,14189,14162,130.193,154.555,-14.669,0,0,0,0,0,0,0
687890,1,694.924,3069.881,650.261,42.080,-2.769,-3.630,-28.351,-35.037,0.184,-1.749,-13.864,-5.044,-0.291,-3.534,2.883,-2.883,-1.922,0.000,0,28.490,13.904,-35.049,0.318,-0.545,0.034,0.775,7.536,10.322,-4.157,2429.808,1,1,14162,14208,14187,14157,114.088,-36.116,60.058,0,0,0,0,0,0,0
688890,1,696.759,3049.163,650.261,42.250,-6.208,-3.835,-21.421,-36.353,33.855,-34.354,34.389,20.094,0.794,7.782,32.674,-26.908,17.298,0.000,0,5.054,-37.336,-40.565,0.656,-0.443,0.134,0.597,-51.697,-1.312,19.080,2414.464,1,1,14156,14216,14195,14162,69.207,-36.344,44.769,0,0,0,0,0,0,0
689889,1,698.034,3034.802,650.261,41.860,-10.054,-2.990,-26.780,-25.839,0.819,-5.521,-6.643,-3.539,-2.539,-0.932,7.688,-7.688,-22.103,0.000,0,30.170,23.130,-48.251,-0.528,0.176,-0.677,0.481,1.018,0.585,-1.213,2386.076,1,1,14160,14218,14188,14164,-116.912,-88.514,33.075,0,0,0,0,0,0,0
690889,1,700.920,3002.366,650.261,41.960,-10.623,1.883,-24.184,-34.533,-2.447,-15.413,0.992,-2.417,1.087,1.819,5.766,-16.337,12.493,0.000,0,45.864,20.680,-68.229,0.456,0.374,0.579,-0.562,5.335,3.742,4.404,2362.411,1,1,14155,14219,14192,14159,-165.375,-81.153,71.751,0,0,0,0,0,0,0
691889,1,701.739,2993.176,650.261,42.080,-3.503,-1.979,-22.047,-19.446,-11.646,9.645,-1.086,0.359,1.834,2.244,-4.805,6.727,0.000,0.000,0,16.548,-33.150,-28.175,-0.638,0.712,-0.061,0.287,2.025,-14.347,-5.350,2339.382,1,1,14160,14218,14192,14160,-28.699,-91.289,-19.255,0,0,0,0,0,0,0
692890,1,703.554,2972.854,650.261,42.110,-8.335,-5.274,-21.502,-20.836,-5.114,-10.954,-5.565,2.492,4.140,0.999,0.961,-13.454,1.922,0.000,0,35.826,6.176,-22.799,-0.492,0.585,-0.610,0.208,-3.319,7.146,0.915,2323.288,1,1,14154,14221,14192,14159,-79.596,-117.428,20.935,0,0,0,0,0,0,0
693890,1,706.049,2944.986,650.261,42.090,-9.012,2.331,-22.973,-22.880,-8.325,-16.867,-8.721,0.547,1.852,2.134,-7.688,-22.103,4.805,0.000,0,52.318,14.590,-35.273,-0.156,-0.168,-0.688,0.689,11.331,8.123,5.536,2293.478,1,1,14158,14223,14181,14168,179.045,-90.126,26.492,0,0,0,0,0,0,0
694890,1,708.160,2921.462,650.261,42.090,-3.650,1.707,-23.637,-24.037,4.122,-4.801,-4.222,0.066,2.195,2.957,14.415,-5.766,-9.610,0.000,0,9.562,7.212,-40.075,0.672,-0.492,0.513,0.207,3.449,2.880,-3.672,2272.268,1,1,14157,14219,14188,14168,-30.362,-91.471,63.346,0,0,0,0,0,0,0
695890,1,709.401,2907.669,650.261,42.040,0.507,-3.806,-17.665,-15.478,0.492,19.943,-6.455,4.085,-1.535,0.104,6.727,18.259,-11.532,0.000,0,11.998,-51.266,-74.417,-0.779,0.331,0.445,0.292,3.526,-6.774,9.718,2250.635,1,1,14162,14211,14187,14168,-20.344,-33.563,-62.520,0,0,0,0,0,0,0
696890,1,711.919,2879.730,650.261,41.760,1.005,-1.588,-23.625,-21.772,-6.380,6.780,27.256,2.381,-2.286,-0.439,0.961,5.766,25.947,0.000,0,65.968,-37.574,-72.443,0.442,0.877,-0.148,0.119,-4.096,-11.285,16.371,2228.616,1,1,14134,14221,14188,14163,-9.399,128.086,-19.790,0,0,0,0,0,0,0
697889,1,714.177,2854.739,650.261,41.740,-4.371,-3.149,-21.810,-23.609,-13.071,12.730,5.720,1.449,-0.150,3.042,-8.649,7.688,0.000,0.000,0,64.288,1.822,-35.749,-0.096,0.445,-0.836,0.305,-17.025,-2.305,-1.415,2205.892,1,1,14153,14219,14187,14162,-126.064,-143.165,-6.363,0,0,0,0,0,0,0
698889,1,716.641,2827.545,650.261,41.870,1.521,4.520,-24.924,-29.626,-6.526,-4.452,-7.996,1.927,-0.455,-1.637,-0.961,-6.727,-0.961,0.000,0,21.308,0.646,-24.521,0.382,-0.460,-0.173,0.783,10.340,1.293,-5.597,2185.009,1,1,14160,14221,14192,14168,110.721,-50.225,36.007,0,0,0,0,0,0,0
699889,1,718.706,2804.816,650.261,41.890,-0.860,1.301,-27.608,-23.255,32.028,-30.592,-5.432,-1.034,-3.512,7.995,39.401,-32.674,0.000,0.000,0,66.570,10.250,-69.839,-0.355,-0.751,-0.431,0.352,-23.711,-36.860,-1.426,2149.769,1,1,14166,14204,14182,14153,46.176,155.246,56.641,0,0,0,0,0,0,0
700889,1,719.363,2797.597,650.261,41.800,3.026,-7.497,-20.740,-11.084,-7.831,-20.690,14.390,-1.189,-4.818,-2.214,0.000,-25.947,33.635,0.000,0,67.424,11.090,-64.841,0.145,0.785,-0.424,-0.428,-7.253,6.656,14.676,2136.709,1,1,14160,14220,14188,14160,-70.873,135.037,33.346,0,0,0,0,0,0,0
701889,1,722.268,2765.729,650.261,41.860,2.505,-2.172,-20.128,-24.313,-6.455,-15.171,5.065,0.541,-0.284,1.864,0.961,-21.142,9.610,0.000,0,41.090,8.696,-89.873,0.665,0.611,0.258,-0.343,-5.177,8.639,4.192,2120.074,1,1,14162,14216,14190,14166,-12.657,79.248,49.655,0,0,0,0,0,0,0
702889,1,723.483,2752.438,650.261,41.780,-5.579,-1.286,-17.292,-20.637,-7.490,-0.733,-0.729,-1.032,-1.162,4.110,10.571,-2.883,-2.883,0.000,0,21.308,5.196,-92.421,0.422,0.037,0.741,0.521,-4.230,-6.237,-9.208,2105.425,1,1,14160,14214,14189,14164,142.373,97.214,35.928,0,0,0,0,0,0,0
703890,1,725.998,2724.967,650.261,41.830,-8.503,-9.506,-28.578,-22.365,39.192,13.903,13.509,3.387,15.298,4.209,72.075,2.883,0.000,0.000,0,73.472,-25.086,-45.703,0.270,-0.936,0.206,-0.089,18.750,1.805,-49.269,2072.226,1,1,14136,14214,14190,14164,-25.800,-147.133,-3.192,0,0,0,0,0,0,0
704890,1,727.678,2706.658,650.261,41.720,2.337,-12.421,-21.151,-18.734,-11.715,-27.323,18.506,6.708,2.609,0.852,-1.922,-28.830,30.752,0.000,0,48.706,2.172,-92.897,-0.442,-0.481,0.581,0.486,13.140,26.542,8.874,2052.027,1,1,14142,14219,14191,14168,-98.491,97.887,-2.672,0,0,0,0,0,0,0
705889,1,728.665,2695.923,650.261,41.710,2.952,-5.888,-15.869,-12.984,9.785,7.175,2.964,2.564,1.968,-7.367,17.298,0.000,0.000,0.000,0,36.820,-11.730,-19.257,-0.392,0.461,-0.587,0.538,7.058,-9.579,-13.612,2040.807,1,1,14164,14224,14182,14160,-105.537,-96.594,-2.086,0,0,0,0,0,0,0
706889,1,731.535,2664.773,650.261,41.520,-0.229,-11.564,-23.374,-22.221,-13.685,8.529,13.096,-4.263,2.063,3.627,-8.649,0.000,20.181,0.000,0,39.872,-39.100,-95.487,0.225,-0.247,-0.813,-0.478,3.215,-5.022,10.089,2015.113,1,1,14162,14217,14186,14165,166.532,123.645,-36.944,0,0,0,0,0,0,0
707890,1,734.164,2636.313,650.261,41.450,-0.562,-13.755,-28.930,-24.507,3.897,-5.302,2.654,-9.822,-2.677,-2.601,8.649,-5.766,0.000,0.000,0,76.748,-11.436,-55.027,-0.186,-0.936,-0.036,0.298,-6.005,-3.658,-8.860,1984.918,1,1,14156,14220,14190,14166,-3.050,156.574,34.817,0,0,0,0,0,0,0
708889,1,736.901,2606.780,650.261,41.550,-2.803,-13.388,-23.890,-28.881,-0.208,-6.595,-12.160,1.313,4.547,4.364,4.805,-5.766,0.000,0.000,0,52.696,19.812,-65.471,0.276,0.562,0.623,-0.468,-10.209,-1.884,-0.664,1960.567,1,1,14149,14224,14187,14163,115.944,-146.306,60.531,0,0,0,0,0,0,0
709890,1,737.391,2601.498,650.261,41.500,1.517,-7.641,-16.793,-15.148,6.584,2.267,0.594,1.125,-3.733,-2.468,11.532,-2.883,-3.844,0.000,0,24.794,-51.672,-84.749,0.474,-0.523,-0.549,-0.448,0.228,6.870,-8.550,1946.899,1,1,14160,14224,14188,14160,91.638,-178.588,-81.407,0,0,0,0,0,0,0
710889,1,740.843,2564.404,650.261,41.600,4.960,-13.847,-21.154,-34.307,39.192,22.153,-17.353,12.614,-3.832,-9.059,58.621,24.025,-18.259,0.000,0,-0.896,-26.696,-83.461,0.935,-0.013,-0.060,-0.350,1.095,-25.015,31.433,1929.225,1,1,14160,14226,14192,14165,-41.100,0.985,-7.029,0,0,0,0,0,0,0
711890,1,742.226,2549.567,650.261,41.300,2.833,-20.349,-21.065,-24.750,7.928,4.052,-0.096,-2.364,5.779,-2.589,13.454,0.000,-0.961,0.000,0,61.922,14.240,-69.433,-0.118,0.316,-0.915,-0.219,-2.472,1.570,-18.218,1901.877,1,1,14131,14220,14187,14166,-145.635,159.563,20.739,0,0,0,0,0,0,0
712890,1,744.368,2526.648,650.261,41.400,-3.490,-19.756,-21.473,-26.549,2.088,-9.851,-8.023,-11.001,3.818,-3.130,10.571,-6.727,-18.259,0.000,0,25.312,20.498,-72.233,0.650,0.200,0.499,-0.538,-5.568,0.483,1.790,1882.003,1,1,14147,14220,14188,14163,-98.652,-33.265,59.638,0,0,0,0,0,0,0
713889,1,745.215,2517.609,650.261,41.300,-3.009,-5.736,-14.574,-17.509,-11.506,-12.108,14.612,-3.729,4.802,2.875,-5.766,-11.532,5.766,0.000,0,58.548,14.002,-73.367,-0.362,-0.732,-0.016,0.577,12.015,0.333,8.845,1866.900,1,1,14155,14217,14189,14160,-49.811,97.985,58.947,0,0,0,0,0,0,0
714890,1,747.369,2494.629,650.261,41.370,12.229,-12.556,-20.066,-21.046,-13.841,0.439,-4.083,2.331,1.996,2.549,-0.961,-0.961,-6.727,0.000,0,38.416,-56.208,-55.825,0.600,-0.598,-0.515,-0.132,3.400,-12.630,-3.697,1846.874,1,1,14136,14228,14192,14168,46.405,-112.806,-50.847,0,0,0,0,0,0,0
715890,1,749.352,2473.528,650.261,41.410,4.905,-18.286,-21.743,-21.789,2.362,-2.302,-5.962,0.848,1.972,0.960,9.610,-1.922,0.000,0.000,0,13.356,-1.594,-40.229,0.483,-0.104,0.378,-0.783,-1.616,2.244,-3.583,1824.515,1,1,14130,14223,14194,14163,-121.540,-44.923,11.656,0,0,0,0,0,0,0
716889,1,752.885,2436.055,650.261,41.370,2.316,-12.275,-29.374,-28.996,39.192,-38.597,6.660,4.194,11.565,-6.779,50.933,-42.284,-1.922,0.000,0,61.544,14.688,-70.595,0.376,0.341,0.755,-0.414,35.481,-39.611,5.754,1787.575,1,1,14130,14223,14188,14160,157.096,-135.435,58.288,0,0,0,0,0,0,0
717890,1,754.944,2414.267,650.261,41.140,3.365,-5.773,-24.461,-26.911,4.859,-7.706,1.738,10.384,-0.514,4.136,10.571,-8.649,-1.922,0.000,0,28.084,-4.198,-18.683,-0.257,0.554,0.029,-0.791,-3.037,-3.750,-1.890,1766.365,1,1,14164,14214,14192,14164,119.918,-40.839,59.534,0,0,0,0,0,0,0
718890,1,756.882,2393.818,650.261,41.110,7.223,-13.571,-22.170,-27.330,-7.280,-4.237,23.769,1.081,-3.157,-0.643,-3.844,-2.883,24.986,0.000,0,67.746,-6.704,-34.881,-0.014,0.855,0.225,-0.467,12.722,-21.690,-7.908,1749.443,1,1,14128,14220,14188,14162,40.631,-157.516,52.443,0,0,0,0,0,0,0
719890,1,758.528,2376.474,650.261,41.200,11.045,-15.365,-24.434,-18.376,-3.604,-39.219,-25.782,-3.995,-0.611,2.468,11.532,-48.050,-18.259,0.000,0,32.158,-2.378,-21.105,-0.473,0.603,0.099,-0.635,8.727,-16.037,33.577,1719.271,1,1,14143,14215,14167,14160,76.419,-69.988,42.241,0,0,0,0,0,0,0
720889,1,760.187,2359.030,650.261,41.130,3.439,-9.419,-18.878,-16.814,-11.774,35.486,-9.930,-5.071,0.128,2.128,-8.649,31.713,-1.922,0.000,0,41.118,-25.212,-20.881,-0.444,-0.249,0.415,-0.754,-8.553,28.975,14.352,1705.234,1,1,14158,14224,14188,14164,136.176,-37.229,-48.082,0,0,0,0,0,0,0
721890,1,761.133,2349.093,650.261,41.050,7.806,-5.638,-13.120,-14.981,-6.439,16.412,7.590,-0.451,-2.724,-0.873,-2.883,14.415,19.220,0.000,0,14.714,-53.884,-70.749,-0.727,0.451,0.374,0.357,15.571,-6.363,-0.563,1699.938,1,1,14154,14215,14192,14161,-21.374,-51.163,-60.045,0,0,0,0,0,0,0
722889,1,764.212,2316.833,650.261,40.970,6.699,-10.953,-21.126,-27.590,3.511,-2.606,-4.963,6.498,2.190,3.390,9.610,-6.727,2.883,0.000,0,40.012,-6.088,-6.965,-0.500,0.225,-0.720,0.425,3.740,-2.052,-4.755,1675.417,1,1,14153,14216,14186,14159,-117.910,-99.289,31.887,0,0,0,0,0,0,0
723889,1,766.770,2290.109,650.261,40.970,5.612,-9.145,-24.195,-24.403,2.796,2.177,-8.995,-1.693,-5.971,2.043,10.571,1.922,-14.415,0.000,0,54.628,-71.510,-51.303,0.482,-0.582,-0.638,-0.152,-8.904,0.904,-6.152,1638.369,1,1,14141,14222,14190,14168,76.697,-143.199,-52.300,0,0,0,0,0,0,0
724889,1,768.071,2276.536,650.261,40.680,2.478,-9.263,-19.729,-19.103,3.270,-0.336,4.240,-3.128,2.790,-4.933,4.805,-6.727,15.376,0.000,0,40.950,-13.998,-100.359,-0.731,-0.584,-0.353,0.015,3.223,-1.608,-5.834,1625.313,1,1,14134,14213,14184,14164,27.501,85.373,32.301,0,0,0,0,0,0,0
725890,1,769.204,2264.740,650.261,40.870,2.298,-6.955,-16.556,-10.286,1.156,15.094,-22.109,-1.548,-1.070,1.135,9.610,17.298,-46.128,0.000,0,30.996,-52.260,-47.845,0.771,-0.415,-0.460,0.146,3.617,-3.791,16.467,1604.872,1,1,14147,14220,14188,14161,48.695,-73.369,-36.078,0,0,0,0,0,0,0
726890,1,772.292,2232.653,650.261,40.910,4.522,-0.229,-24.127,-17.905,-13.110,4.081,-16.286,3.821,1.021,1.285,-5.766,4.805,-10.571,0.000,0,72.058,-32.142,-54.803,-0.448,-0.225,0.829,-0.247,15.949,-5.253,3.297,1577.015,1,1,14133,14224,14197,14168,-163.045,-156.373,-58.697,0,0,0,0,0,0,0
727890,1,773.645,2218.630,650.261,40.930,10.799,-9.909,-19.780,-13.046,-7.893,-0.065,-8.517,-1.048,0.826,0.367,-2.883,-0.961,4.805,0.000,0,16.450,-54.094,-90.559,-0.684,0.405,0.482,0.368,-4.794,-10.576,-9.802,1561.455,1,1,14156,14220,14183,14162,-23.171,-43.985,-73.356,0,0,0,0,0,0,0
728890,1,775.461,2199.836,650.261,40.960,8.613,-11.027,-18.923,-14.439,1.864,6.346,-5.261,0.410,-1.137,0.260,5.766,6.727,0.000,0.000,0,-0.994,-34.774,-69.573,-0.569,0.500,0.171,0.630,-2.927,-0.454,-1.895,1545.209,1,1,14155,14224,14187,14164,-74.887,-38.681,-55.577,0,0,0,0,0,0,0
729889,1,779.278,2160.453,650.261,40.930,1.989,-6.903,-28.159,-25.136,3.021,-17.249,8.855,-1.167,3.691,2.759,8.649,-20.181,0.000,0.000,0,35.322,12.616,-86.429,-0.563,-0.193,-0.803,0.042,10.869,2.754,6.294,1507.855,1,1,14157,14225,14189,14162,137.931,157.466,66.811,0,0,0,0,0,0,0
730889,1,781.478,2137.829,650.261,40.690,0.872,-2.588,-22.429,-23.651,4.535,2.994,4.039,-0.975,-2.615,-1.807,1.922,-10.571,1.922,0.000,0,12.474,-43.888,-88.739,-0.846,-0.356,-0.054,-0.394,1.205,1.338,-3.283,1487.023,1,1,14156,14216,14190,14160,45.853,41.029,-10.840,0,0,0,0,0,0,0
731889,1,782.919,2123.027,650.261,40.650,8.959,-1.543,-18.197,-18.012,-2.764,5.116,-26.326,-3.971,-0.178,-4.612,5.766,0.000,-28.830,0.000,0,38.584,-32.702,-33.761,0.629,-0.622,-0.349,0.309,3.994,1.707,16.798,1469.791,1,1,14160,14226,14191,14168,55.521,-90.968,-3.182,0,0,0,0,0,0,0
732890,1,785.698,2094.562,650.261,40.580,4.615,-3.227,-20.069,-26.881,3.344,-27.022,-18.333,-10.408,-6.813,-1.869,5.766,-26.908,-3.844,0.000,0,60.172,6.316,-80.241,0.566,0.381,0.654,-0.328,-12.505,-15.415,16.334,1450.833,1,1,14132,14216,14184,14163,118.384,178.717,81.646,0,0,0,0,0,0,0
733889,1,788.312,2067.862,650.261,40.550,0.910,-3.393,-23.372,-31.176,-1.471,-14.900,-5.243,-3.934,0.511,-3.140,9.610,-16.337,-4.805,0.000,0,24.346,22.164,-59.801,-0.571,0.426,-0.585,-0.388,4.246,-2.305,5.301,1427.079,1,1,14155,14205,14182,14165,-75.913,-146.184,86.679,0,0,0,0,0,0,0
734889,1,790.036,2050.280,650.261,40.730,2.467,-5.106,-23.491,-25.196,-4.883,-1.620,9.912,-0.039,-0.157,0.685,-4.805,-4.805,20.181,0.000,0,77.756,-7.152,-54.789,0.244,0.936,0.077,-0.240,3.187,-6.255,-1.125,1402.538,1,1,14159,14216,14203,14156,1.723,151.285,29.186,0,0,0,0,0,0,0
735890,1,791.201,2038.430,650.261,40.630,5.235,-0.751,-17.815,-16.066,-15.132,2.834,17.596,1.552,-1.083,0.838,-11.532,-1.922,29.791,0.000,0,72.408,-14.670,-77.273,0.549,0.729,-0.399,-0.090,2.022,7.712,12.169,1383.567,1,1,14150,14215,14186,14164,-45.676,113.551,-17.887,0,0,0,0,0,0,0
736890,1,793.008,2020.063,650.261,40.510,0.784,10.348,-18.751,-16.329,-1.612,4.272,0.712,2.139,-0.372,-0.045,3.844,0.000,0.961,0.000,0,13.762,-36.496,-25.053,0.117,0.386,-0.291,0.867,-4.154,0.297,-7.807,1367.583,1,1,14162,14218,14192,14164,-178.138,-37.946,-47.597,0,0,0,0,0,0,0
737889,1,795.044,1999.411,650.261,40.600,-5.247,4.879,-16.566,-20.314,-24.562,-1.959,-19.182,-4.647,3.176,-1.157,-16.337,-3.844,-26.908,0.000,0,28.504,-47.808,-75.859,-0.236,0.408,0.786,0.399,-13.783,-27.693,-5.545,1352.014,1,1,14150,14218,14183,14168,140.733,142.603,-44.186,0,0,0,0,0,0,0
738889,1,798.504,1964.412,650.261,40.460,-0.539,4.430,-27.957,-26.792,-4.944,-3.472,-13.301,7.088,0.210,0.621,0.000,-6.727,-9.610,0.000,0,64.274,-38.680,-42.931,0.061,-0.853,0.427,-0.295,4.836,11.750,-2.602,1314.910,1,1,14170,14214,14193,14161,-58.851,-156.475,-26.784,0,0,0,0,0,0,0
739889,1,799.960,1949.726,650.261,40.500,1.560,9.011,-24.931,-16.764,-7.239,5.442,4.947,3.823,-1.858,-0.803,0.961,2.883,7.688,0.000,0,71.288,-5.136,-78.869,0.399,0.878,-0.059,-0.259,8.821,-0.185,-4.457,1291.054,1,1,14164,14212,14192,14158,-19.909,126.824,24.082,0,0,0,0,0,0,0
740890,1,801.681,1932.395,650.261,40.390,3.670,7.598,-16.991,-17.844,-0.366,2.800,-5.853,2.458,-0.520,0.907,5.766,-1.922,-1.922,0.000,0,20.398,-51.000,-50.533,0.676,-0.620,-0.316,-0.242,-2.256,-0.850,-3.775,1281.909,1,1,14154,14216,14188,14160,5.331,-87.346,-46.685,0,0,0,0,0,0,0
741889,1,804.227,1906.802,650.261,40.370,-5.499,-0.007,-20.744,-23.001,-3.251,-14.583,9.632,1.756,0.056,2.996,0.000,-20.181,1.922,0.000,0,29.722,-10.638,-99.155,-0.696,-0.447,-0.519,-0.214,-6.759,-4.907,5.883,1259.176,1,1,14130,14218,14189,14164,64.193,85.870,32.118,0,0,0,0,0,0,0
742890,1,806.463,1884.380,650.261,40.250,-7.996,3.728,-19.263,-24.074,1.848,22.544,27.912,3.173,-6.890,0.065,6.727,21.142,26.908,0.000,0,66.010,-44.126,-57.393,-0.518,-0.095,0.834,-0.168,-20.903,25.432,4.577,1237.459,1,1,14127,14221,14185,14160,178.116,-156.099,-63.520,0,0,0,0,0,0,0
743889,1,808.637,1862.629,650.261,40.140,1.261,7.960,-23.088,-20.785,-0.577,2.455,0.159,5.557,-0.205,0.233,4.805,-1.922,0.961,0.000,0,51.520,-30.854,-94.633,0.418,-0.024,-0.849,-0.322,-1.145,-0.763,-7.691,1209.672,1,1,14127,14217,14183,14161,-160.661,130.091,-46.523,0,0,0,0,0,0,0
744890,1,811.091,1838.132,650.261,40.290,-2.821,4.199,-22.026,-20.211,39.192,33.242,26.608,5.492,-14.161,-5.871,61.504,33.635,16.337,0.000,0,22.596,-29.118,-27.475,-0.364,0.830,-0.281,0.315,43.697,-21.709,-40.928,1182.727,1,1,14153,14209,14181,14156,-47.236,-124.539,-18.552,0,0,0,0,0,0,0
745890,1,813.531,1813.839,650.261,40.120,-8.578,3.325,-19.480,-21.484,8.478,-23.249,24.384,3.152,1.155,5.494,15.376,-24.986,34.596,0.000,0,52.066,-17.652,-97.503,-0.662,-0.736,0.053,0.131,-22.196,-5.156,16.415,1161.665,1,1,14127,14212,14180,14156,-14.601,95.122,7.041,0,0,0,0,0,0,0
746890,1,816.094,1788.383,650.261,39.960,-7.380,-0.935,-21.426,-27.326,1.889,11.993,-1.106,-5.278,5.299,-0.236,3.844,13.454,6.727,0.000,0,78.274,-7.838,-62.699,0.062,0.907,-0.396,-0.130,8.064,-8.080,-14.089,1145.165,1,1,14160,14216,14184,14164,-48.308,167.349,10.731,0,0,0,0,0,0,0
747889,1,818.264,1766.875,650.261,40.020,-7.718,-4.797,-24.135,-26.157,11.691,-21.559,4.389,6.995,1.352,7.220,15.376,-30.752,21.142,0.000,0,74.732,-21.376,-48.027,0.084,-0.973,-0.206,0.054,-19.507,-11.205,-20.518,1120.510,1,1,14152,14210,14191,14159,24.330,-169.218,4.080,0,0,0,0,0,0,0
748890,1,819.549,1754.166,650.261,40.070,-14.100,-1.464,-19.588,-18.704,-2.668,19.510,-5.173,-2.116,0.519,3.068,1.922,14.415,-13.454,0.000,0,23.576,-56.488,-55.307,-0.474,-0.493,0.143,-0.715,1.467,14.900,3.987,1102.003,1,1,14151,14212,14183,14164,96.833,29.014,-57.228,0,0,0,0,0,0,0
749889,1,820.766,1742.141,650.261,40.140,-9.371,0.727,-13.467,-13.749,-1.154,11.254,6.281,2.652,-4.769,-4.725,9.610,9.610,5.766,0.000,0,54.068,-50.090,-79.429,-0.632,-0.425,0.648,-0.009,-0.792,-1.430,3.026,1088.757,1,1,14156,14219,14189,14164,-73.486,111.001,-55.768,0,0,0,0,0,0,0
750889,1,824.258,1707.723,650.261,40.130,-6.114,-1.783,-22.769,-27.148,4.908,-8.999,-9.328,3.294,2.488,1.818,11.532,-8.649,-0.961,0.000,0,-1.260,-14.026,-44.891,-0.890,0.312,-0.319,0.098,-3.691,-1.538,3.460,1064.279,1,1,14138,14216,14188,14166,-25.605,-45.770,30.380,0,0,0,0,0,0,0
751889,1,827.120,1679.596,650.261,40.090,-5.518,-10.064,-25.512,-28.994,-4.714,10.749,-8.556,12.831,-0.729,0.094,-9.610,28.830,-50.933,0.000,0,49.504,-14.586,-22.043,0.335,-0.293,0.863,-0.239,-6.894,-12.256,-6.172,1033.919,1,1,14153,14218,14190,14160,-132.222,-137.392,26.030,0,0,0,0,0,0,0
752889,1,827.670,1674.195,650.261,39.820,-17.501,-1.237,-18.099,-14.994,-4.653,14.627,-4.446,5.896,-1.033,1.015,0.961,8.649,-6.727,0.000,0,23.688,-53.506,-76.377,-0.554,-0.457,0.260,-0.646,3.291,12.031,0.180,1018.547,1,1,14130,14216,14189,14160,86.354,20.841,-61.372,0,0,0,0,0,0,0
753890,1,831.523,1636.487,650.261,39.960,-12.709,-6.538,-21.766,-29.792,21.120,-19.706,-7.065,-1.024,-5.143,2.891,14.415,-16.337,8.649,0.000,0,33.152,16.732,-82.257,0.667,0.422,0.450,-0.418,-6.259,-18.390,12.705,993.665,1,1,14154,14216,14184,14156,-36.003,37.888,72.383,0,0,0,0,0,0,0
754890,1,832.384,1628.077,650.261,40.000,-2.478,-7.553,-23.232,-14.090,12.309,4.902,18.606,-6.616,2.498,6.636,19.220,0.000,14.415,0.000,0,60.326,-44.896,-77.091,0.563,0.206,-0.798,-0.064,-17.525,13.342,-3.762,968.804,1,1,14139,14216,14185,14162,-125.031,136.962,-60.684,0,0,0,0,0,0,0
755890,1,834.943,1603.123,650.261,39.940,-8.568,-1.387,-21.082,-20.003,-2.287,-9.533,8.244,-7.500,-4.162,2.126,5.766,-12.493,6.727,0.000,0,10.248,13.526,-52.997,-0.800,0.242,-0.548,-0.026,-8.300,8.441,-4.919,952.493,1,1,14126,14213,14181,14162,-29.378,-51.869,62.817,0,0,0,0,0,0,0
756890,1,836.701,1586.017,650.261,39.830,-4.896,-7.702,-16.866,-20.810,39.192,14.641,-4.619,5.876,-0.217,-11.220,57.660,21.142,-11.532,0.000,0,30.100,-37.574,-29.099,-0.351,0.805,-0.206,0.431,40.986,8.957,-13.222,938.678,1,1,14164,14215,14193,14164,-49.371,-117.222,-33.331,0,0,0,0,0,0,0
757889,1,839.900,1554.968,650.261,39.920,-5.274,-12.092,-25.435,-23.545,-12.021,4.608,-12.728,1.955,1.197,1.615,-8.649,1.922,-4.805,0.000,0,48.146,-2.042,-19.957,-0.417,0.843,-0.307,-0.142,11.454,-5.453,3.106,902.662,1,1,14150,14220,14178,14158,-27.404,-134.748,29.719,0,0,0,0,0,0,0
758889,1,840.885,1545.421,650.261,39.880,-7.058,-14.286,-20.451,-9.870,3.636,-4.652,3.399,0.836,1.671,-2.551,10.571,-3.844,-7.688,0.000,0,12.138,-8.482,-96.369,-0.859,-0.332,-0.378,-0.094,-0.351,-1.141,-3.102,881.727,1,1,14158,14218,14185,14165,30.622,52.361,35.896,0,0,0,0,0,0,0
759890,1,844.906,1506.564,650.261,39.600,-7.993,-12.373,-24.150,-30.304,-4.229,-15.298,-11.659,-2.259,-0.202,0.517,-2.883,-19.220,-9.610,0.000,0,50.736,23.088,-55.867,-0.283,-0.517,-0.454,0.668,-3.387,7.383,8.130,865.945,1,1,14161,14222,14185,14168,163.276,-80.518,71.397,0,0,0,0,0,0,0
760889,1,845.808,1497.868,650.261,39.540,-1.852,-6.299,-16.629,-18.243,-0.255,-5.580,3.583,-3.012,2.416,1.255,4.805,-6.727,11.532,0.000,0,64.750,10.530,-71.239,0.234,0.831,-0.106,-0.494,-2.316,-0.756,-3.637,846.196,1,1,14155,14228,14190,14165,-39.729,129.206,50.384,0,0,0,0,0,0,0
761890,1,848.597,1471.023,650.261,39.710,-7.336,-10.085,-21.771,-22.329,-2.814,4.579,-21.540,-5.151,2.589,-1.059,2.883,0.000,-22.103,0.000,0,72.072,-32.926,-66.745,0.372,0.159,-0.915,0.008,5.203,-21.382,-6.878,821.596,1,1,14160,14218,14190,14160,-157.004,171.832,-43.013,0,0,0,0,0,0,0
762890,1,850.333,1454.358,650.261,39.520,-8.216,-12.829,-16.616,-19.528,16.873,-13.107,27.028,5.206,4.735,0.148,23.064,-9.610,43.245,0.000,0,43.680,20.148,-77.231,0.443,0.621,-0.156,-0.627,-7.821,-11.277,21.792,803.613,1,1,14156,14218,14184,14157,-77.601,76.505,39.829,0,0,0,0,0,0,0
763890,1,853.716,1421.948,650.261,39.630,-6.649,-14.959,-24.943,-27.853,-2.615,-12.609,12.410,-0.745,0.285,0.495,5.766,-13.454,20.181,0.000,0,50.708,22.486,-60.767,0.150,0.684,-0.082,-0.709,4.078,-7.357,5.973,775.979,1,1,14154,14216,14184,14159,-93.187,81.225,71.026,0,0,0,0,0,0,0
764890,1,855.081,1408.905,650.261,39.690,-0.762,-10.658,-16.306,-19.386,-7.737,-9.260,18.096,-1.136,-0.500,2.751,-2.883,-12.493,15.376,0.000,0,54.376,1.094,-90.755,0.595,0.703,0.102,-0.376,7.388,4.959,10.037,757.310,1,1,14144,14216,14180,14160,-23.610,90.755,40.522,0,0,0,0,0,0,0
765889,1,856.555,1394.830,650.261,39.670,-0.739,-9.510,-17.101,-14.647,3.522,4.304,-2.168,-1.246,1.861,1.763,8.649,0.000,6.727,0.000,0,41.496,-34.508,-23.037,-0.636,0.138,0.508,-0.564,-2.240,1.587,-4.510,740.658,1,1,14124,14218,14185,14160,100.135,-59.306,-29.359,0,0,0,0,0,0,0
766889,1,859.106,1370.526,650.261,39.610,-10.431,-13.840,-21.628,-15.130,-2.217,-6.066,-31.914,0.974,-0.299,6.291,5.766,-5.766,-46.128,0.000,0,59.682,-41.158,-35.931,-0.462,0.841,0.248,0.131,-22.298,10.672,11.383,712.985,1,1,14157,14216,14181,14161,19.417,-127.111,-26.753,0,0,0,0,0,0,0
767890,1,861.792,1344.997,650.261,39.510,-9.310,-9.864,-22.257,-19.057,3.045,-21.088,-5.839,3.549,4.225,4.572,7.688,-19.220,-3.844,0.000,0,51.982,4.062,-24.325,0.062,-0.044,0.801,-0.593,21.292,-1.529,-4.121,692.084,1,1,14154,14213,14184,14159,-171.729,-106.764,2.712,0,0,0,0,0,0,0
768889,1,864.528,1319.063,650.261,39.500,0.873,-12.397,-19.548,-24.495,-1.592,-10.249,-16.338,11.219,1.112,2.044,3.844,-10.571,-14.415,0.000,0,15.106,-12.276,-25.053,0.663,-0.432,-0.090,0.605,10.250,-8.062,4.488,672.573,1,1,14158,14221,14196,14157,74.041,-48.131,23.859,0,0,0,0,0,0,0
769889,1,865.845,1306.602,650.261,39.240,-0.717,-15.150,-17.353,-18.390,-3.405,-0.060,37.725,-4.359,3.760,-3.456,3.844,-1.922,43.245,0.000,0,60.536,15.038,-69.223,-0.069,-0.674,0.541,0.499,-22.334,-16.736,15.800,656.065,1,1,14132,14222,14183,14159,-95.932,127.951,36.693,0,0,0,0,0,0,0
770890,1,868.358,1282.869,650.261,39.320,-8.378,-9.147,-19.660,-18.546,3.577,8.004,-4.346,7.943,-4.798,6.237,11.532,8.649,-6.727,0.000,0,34.874,-20.802,-17.633,0.089,0.221,-0.629,0.740,-4.530,-3.800,-2.013,629.913,1,1,14167,14206,14186,14164,-170.658,-82.864,-26.002,0,0,0,0,0,0,0
771889,1,869.745,1269.792,650.261,39.320,-5.015,-2.589,-16.717,-12.375,-3.555,-3.042,10.331,0.432,-2.666,-6.652,1.922,-3.844,24.025,0.000,0,58.464,-29.272,-88.739,-0.512,-0.298,0.754,0.285,2.613,8.636,-2.939,612.382,1,1,14156,14216,14185,14161,-111.947,113.143,-36.975,0,0,0,0,0,0,0
772889,1,872.630,1242.640,650.261,39.170,2.003,-14.770,-22.275,-19.793,-0.115,-4.436,8.403,-3.077,-3.949,-0.537,6.727,-9.610,4.805,0.000,0,23.940,20.960,-70.077,0.327,-0.363,0.560,0.669,-4.763,-1.577,-1.740,592.055,1,1,14164,14218,14188,14162,176.553,77.927,58.469,0,0,0,0,0,0,0
773889,1,876.761,1203.905,650.261,39.350,-3.764,-19.209,-30.937,-28.592,-9.511,-16.286,-17.103,-0.946,1.557,-1.048,-7.688,-25.947,-3.844,0.000,0,23.618,21.800,-53.249,0.635,-0.034,0.656,-0.407,-13.148,2.414,11.858,553.589,1,1,14144,14221,14189,14162,-108.799,-76.529,53.611,0,0,0,0,0,0,0
774889,1,878.807,1184.772,650.261,39.310,-6.437,-12.324,-23.784,-26.743,8.580,-3.482,3.218,1.351,-0.586,6.372,17.298,-8.649,6.727,0.000,0,72.996,-5.332,-68.803,-0.071,-0.635,-0.761,0.109,3.553,-4.976,-17.473,538.465,1,1,14146,14216,14185,14162,100.903,-175.582,14.287,0,0,0,0,0,0,0
775889,1,879.763,1175.838,650.261,39.190,-6.004,-10.778,-19.174,-17.231,4.696,-4.418,14.204,-1.664,-0.561,-1.290,9.610,-6.727,13.454,0.000,0,26.572,14.702,-84.231,-0.215,0.222,-0.636,-0.707,-4.945,3.164,4.642,523.583,1,1,14166,14216,14187,14164,178.497,83.389,35.975,0,0,0,0,0,0,0
776889,1,881.964,1155.313,650.261,39.070,-3.245,-9.850,-17.445,-18.780,17.420,-1.848,-31.278,4.065,-4.291,4.314,28.830,-4.805,-42.284,0.000,0,29.400,-51.588,-47.593,-0.797,0.391,0.333,-0.317,-6.958,-9.737,23.982,504.573,1,1,14131,14222,14187,14164,53.036,-60.475,-16.460,0,0,0,0,0,0,0
777889,1,883.992,1136.439,650.261,39.240,-5.981,-14.902,-18.622,-18.419,0.785,4.193,-0.326,-0.556,0.130,-1.825,8.649,3.844,2.883,0.000,0,42.406,-49.110,-82.971,-0.519,0.314,0.738,0.294,-1.811,1.054,-6.080,485.801,1,1,14155,14216,14185,14158,149.046,159.355,-72.102,0,0,0,0,0,0,0
778889,1,885.774,1119.883,650.261,39.290,-8.296,-12.283,-17.782,-17.166,3.049,10.390,-4.049,4.387,-3.599,-0.614,10.571,8.649,8.649,0.000,0,13.748,-36.706,-35.749,0.023,0.439,-0.456,0.774,-2.591,-3.620,0.859,468.348,1,1,14160,14209,14184,14156,-149.304,-73.814,-44.514,0,0,0,0,0,0,0
779889,1,888.389,1095.640,650.261,39.190,-5.578,-7.291,-21.325,-18.519,7.418,-2.309,7.442,6.000,0.752,-4.635,10.571,-2.883,6.727,0.000,0,44.352,5.350,-93.807,-0.486,-0.257,0.589,0.592,-3.563,6.577,-2.079,441.640,1,1,14156,14213,14180,14158,-114.257,79.586,-15.583,0,0,0,0,0,0,0
780889,1,891.166,1069.954,650.261,39.220,-3.886,-6.844,-21.783,-24.297,2.222,-5.675,-5.228,0.308,0.145,3.157,6.727,-7.688,-2.883,0.000,0,25.046,22.570,-51.583,-0.499,0.132,-0.842,0.157,4.949,-2.929,-4.206,423.155,1,1,14158,14216,14188,14155,-140.905,-138.790,53.042,0,0,0,0,0,0,0
781890,1,893.519,1048.238,650.261,39.140,0.441,-8.189,-22.344,-20.652,-15.348,12.194,-3.975,-1.480,-2.192,0.241,-5.766,3.844,-2.883,0.000,0,74.074,-40.024,-49.399,0.381,0.422,-0.815,-0.113,9.070,-9.770,5.101,394.753,1,1,14135,14209,14188,14162,-114.560,143.531,-31.745,0,0,0,0,0,0,0
782889,1,896.452,1021.239,650.261,39.110,1.143,-15.481,-23.295,-26.065,-9.234,-5.445,5.440,-2.715,3.388,-1.511,0.000,-8.649,7.688,0.000,0,24.892,10.516,-30.835,-0.568,0.629,-0.482,-0.221,-9.541,-6.027,-5.667,375.136,1,1,14160,14214,14192,14165,-39.110,-117.036,55.665,0,0,0,0,0,0,0
783889,1,897.236,1014.039,650.261,39.200,-0.673,-14.813,-18.660,-14.624,0.683,-1.071,-5.683,-1.712,0.663,0.458,9.610,-1.922,-13.454,0.000,0,5.334,0.772,-39.627,-0.273,0.163,-0.258,0.912,-1.199,4.438,-6.235,359.085,1,1,14156,14217,14190,14169,-143.879,-34.574,-8.995,0,0,0,0,0,0,0
784889,1,899.732,991.128,650.261,39.200,-2.104,-10.708,-17.655,-19.950,13.428,-4.342,-24.346,1.621,-8.645,1.724,20.181,-6.727,-28.830,0.000,0,48.468,21.520,-45.465,-0.325,-0.086,-0.781,0.527,-2.660,-21.341,8.339,342.180,1,1,14136,14212,14186,14164,-165.006,-107.032,36.693,0,0,0,0,0,0,0
785890,1,902.309,967.532,650.261,39.110,-2.190,0.459,-22.137,-19.828,-9.083,-5.565,7.737,10.018,2.038,0.643,-6.727,-6.727,19.220,0.000,0,74.942,-28.012,-48.265,-0.331,0.108,0.888,-0.299,10.086,8.197,-11.913,315.621,1,1,14134,14220,14188,14162,152.756,-134.941,-31.540,0,0,0,0,0,0,0
786890,1,905.119,941.870,650.261,39.180,2.619,-4.691,-20.224,-23.230,22.817,-2.382,-6.059,-1.075,-6.891,2.312,18.259,-6.727,12.493,0.000,0,33.474,-38.834,-20.699,0.612,-0.359,-0.495,0.503,-20.449,-5.096,1.093,293.329,1,1,14154,14210,14185,14162,89.678,-74.857,-14.121,0,0,0,0,0,0,0
787889,1,907.265,922.315,650.261,39.150,-2.613,-13.170,-21.938,-21.303,26.018,-11.965,-34.244,-9.377,6.186,-3.002,37.479,-12.493,-17.298,0.000,0,14.868,7.478,-31.017,-0.450,0.305,-0.036,-0.839,18.923,20.309,25.150,272.013,1,1,14153,14211,14181,14156,119.194,-14.813,32.920,0,0,0,0,0,0,0
788889,1,908.763,908.683,650.261,39.170,-3.202,-6.577,-18.115,-15.144,9.058,2.431,-0.175,-4.631,0.750,-0.352,13.454,-2.883,8.649,0.000,0,8.554,-10.974,-28.917,0.343,0.035,-0.172,0.923,-2.232,-1.459,-0.817,254.073,1,1,14126,14219,14169,14145,140.847,-17.362,-10.485,0,0,0,0,0,0,0
789890,1,909.939,897.993,650.261,39.070,4.069,-6.108,-13.469,-12.096,3.113,-2.210,10.019,-0.038,0.203,-0.470,7.688,-10.571,20.181,0.000,0,10.808,-26.220,-96.551,0.914,0.344,0.192,0.092,-1.086,4.961,-0.368,245.200,1,1,14144,14216,14186,14157,18.339,43.962,16.726,0,0,0,0,0,0,0
790889,1,911.413,884.615,650.261,39.120,0.430,-5.544,-12.741,-12.797,4.632,-7.341,0.990,-0.444,-0.076,0.302,11.532,-5.766,0.000,0.000,0,6.804,0.324,-89.089,0.851,0.149,0.480,-0.152,0.355,-0.104,-1.081,234.181,1,1,14154,14212,14171,14154,-13.166,12.299,59.594,0,0,0,0,0,0,0
791890,1,912.573,874.091,650.261,39.190,4.007,-3.534,-13.019,-10.801,5.232,-6.525,-1.403,-0.670,-0.329,-0.024,9.610,-8.649,-4.805,0.000,0,-2.212,2.200,-65.023,0.850,-0.152,0.391,-0.320,0.191,3.314,-2.006,221.726,1,1,14150,14207,14184,14157,-53.494,-38.115,34.532,0,0,0,0,0,0,0
792889,1,913.998,861.194,650.261,39.190,3.433,-2.596,-11.376,-12.335,9.855,-5.331,-4.431,1.091,-0.531,-0.810,14.415,-8.649,-6.727,0.000,0,-7.588,-14.110,-58.527,0.941,-0.190,0.279,0.037,1.320,-0.172,2.165,211.628,1,1,14153,14217,14185,14157,-2.473,-23.601,32.578,0,0,0,0,0,0,0
793889,1,915.562,847.047,650.261,39.230,2.478,-2.530,-13.394,-13.130,7.339,-6.150,1.992,0.177,-0.610,-0.278,15.376,-7.688,6.727,0.000,0,-4.326,-16.196,-45.479,0.786,-0.180,0.190,0.560,-3.032,-0.746,-0.542,196.899,1,1,14124,14213,14186,14158,69.629,-4.671,29.967,0,0,0,0,0,0,0
794890,1,916.792,835.931,650.261,39.230,3.874,-3.284,-11.698,-12.437,9.055,-2.313,-7.871,1.565,-0.686,0.204,11.532,-6.727,-5.766,0.000,0,5.656,-12.430,-32.459,0.612,-0.275,0.051,0.740,4.458,3.628,0.973,186.173,1,1,14128,14220,14180,14158,96.488,-17.219,27.956,0,0,0,0,0,0,0
795890,1,917.571,828.905,650.261,39.120,3.684,-1.536,-9.719,-8.814,7.330,0.377,4.599,1.241,-0.141,0.386,15.376,-0.961,-0.961,0.000,0,13.580,14.800,-73.703,-0.215,-0.214,0.138,0.943,-2.102,-2.943,-1.939,176.961,1,1,14156,14220,14188,14157,-150.396,21.982,20.093,0,0,0,0,0,0,0
796890,1,919.083,815.271,650.261,38.940,1.857,-7.155,-11.247,-11.992,9.675,4.125,4.242,0.713,-0.128,0.445,24.986,5.766,-2.883,0.000,0,15.344,-2.210,-95.291,-0.662,-0.141,0.170,0.716,-0.649,-3.838,0.842,166.317,1,1,14156,14213,14184,14159,-94.779,25.441,-1.333,0,0,0,0,0,0,0
797890,1,920.959,798.379,650.261,38.980,4.016,-6.787,-12.906,-16.257,8.608,-5.365,3.528,-2.266,-0.662,-0.267,12.493,-0.961,9.610,0.000,0,15.876,17.348,-69.615,-0.431,-0.217,-0.046,0.875,2.669,-0.563,0.576,152.055,1,1,14155,14211,14172,14158,-126.077,6.742,24.776,0,0,0,0,0,0,0
798890,1,921.945,789.519,650.261,39.100,10.363,-5.417,-12.255,-11.737,4.296,-0.194,-8.888,0.010,0.718,1.627,11.532,-2.883,-6.727,0.000,0,7.042,-16.560,-28.581,0.198,0.020,-0.215,0.956,3.419,5.491,-2.351,138.277,1,1,14155,14212,14193,14157,158.140,-24.010,-7.118,0,0,0,0,0,0,0
799890,1,923.475,775.774,650.261,39.130,6.414,-6.602,-11.664,-13.508,11.361,-1.851,-4.091,3.165,-0.170,0.226,15.376,-3.844,4.805,0.000,0,-1.190,4.664,-60.165,-0.681,0.105,-0.225,0.689,1.567,-0.177,2.304,127.074,1,1,14152,14207,14182,14155,-92.990,-27.290,9.254,0,0,0,0,0,0,0
800889,1,924.510,766.492,650.261,39.170,9.161,-2.911,-11.530,-10.190,10.000,-1.526,3.316,1.311,-0.284,0.240,13.454,-2.883,7.688,0.000,0,-5.782,-15.888,-76.069,-0.919,-0.051,-0.244,-0.307,1.945,2.343,0.390,114.219,1,1,14156,14215,14181,14161,40.373,15.486,24.636,0,0,0,0,0,0,0
801890,1,925.862,754.375,650.261,39.060,5.449,-3.530,-10.374,-12.007,5.463,-14.315,-5.336,-1.217,-0.168,0.060,11.532,-15.376,-18.259,0.000,0,-7.196,-12.962,-70.595,-0.924,0.010,-0.300,-0.236,-4.763,-10.035,2.016,105.469,1,1,14152,14218,14184,14166,31.321,8.586,34.032,0,0,0,0,0,0,0
802890,1,926.583,747.919,650.261,39.050,7.658,-3.846,-9.199,-8.821,9.648,12.524,5.829,3.354,-0.041,-0.385,13.454,10.571,14.415,0.000,0,-8.960,-17.204,-65.289,-0.754,0.024,-0.220,-0.618,-0.836,15.889,-4.264,96.944,1,1,14146,14217,14188,14160,81.450,14.656,21.184,0,0,0,0,0,0,0
803889,1,927.928,735.889,650.261,39.060,6.132,-0.823,-8.394,-11.558,7.681,11.685,-0.280,4.333,-0.052,-1.059,13.454,6.727,0.000,0.000,0,-7.154,-27.844,-74.921,0.902,-0.204,-0.070,-0.374,8.290,-4.519,0.509,87.965,1,1,14156,14215,14187,14162,-42.333,-19.147,-16.208,0,0,0,0,0,0,0
804890,1,929.034,726.004,650.261,39.040,3.841,-0.808,-10.071,-9.777,8.464,1.928,7.237,0.143,0.085,0.282,22.103,0.000,-4.805,0.000,0,-5.810,-15.440,-50.211,0.667,-0.081,0.149,0.725,-6.674,4.082,-1.654,74.992,1,1,14152,14212,14178,14160,95.867,6.569,18.386,0,0,0,0,0,0,0
805889,1,930.246,715.190,650.261,39.100,1.594,2.117,-10.975,-9.737,9.835,-2.382,-2.721,-1.537,0.125,-0.227,15.376,-2.883,7.688,0.000,0,-2.926,-28.922,-44.121,0.900,-0.135,0.010,0.414,-0.457,-0.984,0.612,63.761,1,1,14158,14216,14187,14155,48.447,-13.722,7.443,0,0,0,0,0,0,0
806890,1,930.974,708.698,650.261,39.130,1.433,-0.222,-7.685,-8.382,9.043,7.596,-4.801,-0.806,0.228,-0.363,13.454,5.766,-1.922,0.000,0,3.500,-43.440,-76.517,0.936,-0.151,-0.211,-0.236,0.715,-3.474,2.436,58.490,1,1,14154,14213,14184,14159,-25.388,-11.902,-27.788,0,0,0,0,0,0,0
807889,1,931.983,699.701,650.261,39.140,-1.978,-2.510,-9.794,-8.317,7.163,-3.627,-2.442,-0.139,0.354,-0.331,13.454,-10.571,3.844,0.000,0,7.924,-44.084,-81.207,0.953,-0.124,-0.205,-0.184,-6.524,1.130,-4.654,48.673,1,1,14151,14212,14178,14157,-19.512,-10.359,-25.842,0,0,0,0,0,0,0
808889,1,933.268,688.260,650.261,39.150,2.221,-3.253,-8.787,-11.093,6.390,14.364,-0.899,0.540,0.319,0.224,15.376,16.337,-7.688,0.000,0,17.234,-41.564,-93.093,0.948,0.135,-0.244,-0.155,8.539,-7.136,1.331,40.253,1,1,14148,14213,14186,14162,-23.323,21.420,-24.878,0,0,0,0,0,0,0
809890,1,934.394,678.240,650.261,39.120,1.832,-5.361,-10.640,-10.230,10.027,-3.543,4.944,-0.915,0.137,0.000,11.532,-7.688,20.181,0.000,0,14.714,-35.684,-94.787,0.972,0.222,-0.020,-0.073,-3.563,0.632,1.346,27.660,1,1,14152,14210,14185,14158,-8.670,25.794,-0.373,0,0,0,0,0,0,0
810890,1,935.800,665.753,650.261,39.100,4.289,-4.482,-11.739,-11.682,6.348,-7.231,2.967,-2.613,-0.001,-0.118,4.805,-9.610,13.454,0.000,0,13.720,17.950,-56.665,0.492,0.058,0.284,-0.821,7.344,1.241,-3.034,16.201,1,1,14152,14214,14188,14157,-123.270,-26.177,21.959,0,0,0,0,0,0,0
811889,1,936.691,657.847,650.261,39.130,4.807,-2.394,-9.787,-10.280,8.012,-0.348,-5.215,0.678,0.461,-0.087,22.103,1.922,-8.649,0.000,0,6.412,-8.860,-31.549,0.043,-0.177,0.277,-0.943,3.279,0.383,-0.832,8.036,1,1,14154,14216,14188,14157,-169.145,-34.500,-18.044,0,0,0,0,0,0,0
812890,1,937.677,649.096,650.261,39.160,9.783,-1.412,-8.479,-9.489,-1.648,-5.650,-9.655,-0.855,-0.414,-0.277,3.844,-11.532,-14.415,0.000,0,24.178,12.938,-31.311,0.294,-0.005,0.512,-0.807,-0.375,6.982,-0.924,-0.841,1,1,14123,14213,14188,14158,-149.854,-60.226,17.053,0,0,0,0,0,0,0
813890,1,938.375,642.915,650.261,39.140,7.066,1.650,-8.114,-6.244,0.344,-0.746,-10.048,2.057,0.125,-0.018,6.727,-5.766,-17.298,0.000,0,19.222,1.794,-26.789,0.496,-0.409,0.544,-0.539,-0.443,-0.172,0.260,-10.109,1,1,14150,14213,14186,14153,-99.999,-85.727,5.673,0,0,0,0,0,0,0
814890,1,938.360,643.048,650.261,39.140,6.591,1.646,-3.081,-2.227,0.371,-2.448,-9.819,-0.006,0.001,0.000,4.805,-5.766,-4.805,0.000,0,19.376,8.374,-30.037,0.525,-0.376,0.584,-0.493,-0.000,-0.000,0.316,-9.571,1,1,14151,14209,14167,14165,-99.945,-87.836,13.987,0,0,0,0,0,0,0
815890,1,938.354,643.103,650.261,39.150,6.261,1.564,-1.075,-0.731,0.364,-2.489,-9.825,0.001,0.001,0.000,3.844,-2.883,-1.922,0.000,0,20.104,7.898,-30.583,0.525,-0.374,0.585,-0.492,0.000,0.000,0.332,-8.282,1,1,14152,14213,14183,14164,-99.983,-87.877,14.205,0,0,0,0,0,0,0
816890,1,938.377,642.892,650.261,39.150,5.948,1.486,-0.351,-0.402,0.367,-2.487,-9.817,0.001,0.001,0.000,3.844,-4.805,-5.766,0.000,0,19.796,7.842,-31.003,0.525,-0.374,0.585,-0.492,-0.000,-0.000,0.323,-7.657,1,1,14128,14211,14177,14161,-100.013,-87.856,14.208,0,0,0,0,0,0,0
817890,1,938.375,642.913,650.261,39.160,5.651,1.412,0.001,-0.268,0.365,-2.486,-9.819,0.001,0.002,0.000,8.649,-2.883,-12.493,0.000,0,19.936,8.122,-31.941,0.525,-0.374,0.585,-0.493,0.000,-0.000,0.325,-7.237,1,1,14131,14215,14194,14161,-100.050,-87.870,14.199,0,0,0,0,0,0,0
818890,1,938.333,643.288,650.261,39.170,5.368,1.341,0.031,0.188,0.365,-2.497,-9.823,0.001,0.002,0.000,10.571,-3.844,-16.337,0.000,0,19.992,7.492,-31.157,0.525,-0.374,0.585,-0.493,-0.004,0.009,0.332,-7.210,1,1,14128,14212,14186,14160,-100.073,-87.840,14.210,0,0,0,0,0,0,0
819890,1,938.377,642.892,650.261,39.180,5.099,1.274,0.083,-0.149,0.359,-2.486,-9.829,-0.000,0.002,0.000,5.766,-2.883,-17.298,0.000,0,19.796,8.290,-30.611,0.524,-0.374,0.585,-0.493,0.000,0.000,0.334,-7.220,1,1,14154,14218,14185,14162,-100.121,-87.907,14.186,0,0,0,0,0,0,0
820890,1,938.367,642.987,650.261,39.190,4.844,1.210,0.096,-0.016,0.377,-2.490,-9.839,0.001,0.001,0.000,3.844,-4.805,0.000,0.000,0,19.152,7.772,-32.431,0.525,-0.374,0.585,-0.493,0.004,-0.003,0.346,-7.241,1,1,14160,14212,14191,14151,-100.134,-87.829,14.201,0,0,0,0,0,0,0
821890,1,938.373,642.926,650.261,39.200,4.602,1.150,0.159,-0.128,0.358,-2.489,-9.844,-0.000,0.002,0.000,4.805,-0.961,0.000,0.000,0,19.642,7.996,-31.311,0.524,-0.374,0.585,-0.493,0.000,0.000,0.350,-7.124,1,1,14150,14218,14183,14158,-100.183,-87.918,14.178,0,0,0,0,0,0,0
822890,1,938.362,643.026,650.261,39.210,4.371,1.092,0.094,0.022,0.367,-2.487,-9.836,0.001,0.002,0.000,5.766,0.961,-16.337,0.000,0,19.978,7.884,-32.403,0.524,-0.373,0.585,-0.493,-0.000,-0.000,0.342,-7.222,1,1,14127,14204,14184,14164,-100.204,-87.862,14.182,0,0,0,0,0,0,0
823890,1,938.388,642.797,650.261,39.220,4.153,1.037,0.110,-0.218,0.354,-2.487,-9.833,0.001,0.002,0.000,9.610,-3.844,-18.259,0.000,0,20.160,8.094,-31.563,0.524,-0.373,0.586,-0.493,-0.001,0.001,0.339,-7.192,1,1,14152,14212,14188,14160,-100.255,-87.929,14.182,0,0,0,0,0,0,0
824890,1,938.370,642.958,650.261,39.220,3.945,0.985,0.109,-0.063,0.361,-2.490,-9.838,0.001,0.002,0.000,4.805,-3.844,-1.922,0.000,0,20.678,8.276,-31.283,0.524,-0.373,0.586,-0.494,0.000,-0.000,0.345,-7.171,1,1,14153,14216,14186,14160,-100.284,-87.895,14.191,0,0,0,0,0,0,0
825890,1,938.369,642.963,650.261,39.230,3.747,0.936,0.077,-0.018,0.367,-2.481,-9.841,0.001,0.001,0.000,7.688,-3.844,-19.220,0.000,0,19.964,8.234,-31.605,0.524,-0.373,0.586,-0.494,0.000,-0.004,0.345,-7.255,1,1,14158,14213,14185,14160,-100.316,-87.867,14.162,0,0,0,0,0,0,0
826890,1,938.356,643.079,650.261,39.240,3.560,0.889,0.140,0.082,0.356,-2.495,-9.842,0.001,0.002,0.001,2.883,0.000,-2.883,0.000,0,19.880,8.164,-30.191,0.523,-0.373,0.586,-0.494,0.000,-0.000,0.349,-7.201,1,1,14134,14215,14188,14160,-100.371,-87.930,14.213,0,0,0,0,0,0,0
827890,1,938.411,642.593,650.261,39.260,3.382,0.845,0.040,-0.366,0.371,-2.489,-9.838,0.001,0.002,0.001,5.766,-2.883,0.000,0.000,0,20.314,8.108,-31.451,0.523,-0.373,0.586,-0.494,0.001,0.006,0.345,-7.275,1,1,14122,14220,14187,14157,-100.383,-87.841,14.155,0,0,0,0,0,0,0
828890,1,938.384,642.831,650.261,39.270,3.213,0.802,0.130,-0.166,0.357,-2.486,-9.843,0.001,0.002,0.000,6.727,-2.883,-16.337,0.000,0,20.076,7.884,-31.493,0.523,-0.373,0.586,-0.494,0.000,0.000,0.348,-7.186,1,1,14154,14218,14188,14160,-100.441,-87.924,14.167,0,0,0,0,0,0,0
829890,1,938.385,642.828,650.261,39.270,3.052,0.762,0.018,-0.097,0.365,-2.496,-9.847,0.001,0.001,0.001,2.883,-2.883,0.000,0.000,0,19.600,8.248,-30.737,0.523,-0.372,0.586,-0.495,-0.004,0.013,0.354,-7.342,1,1,14122,14221,14182,14164,-100.455,-87.842,14.145,0,0,0,0,0,0,0
830890,1,938.375,642.908,650.261,39.280,2.899,0.724,0.106,-0.049,0.351,-2.478,-9.833,0.001,0.002,0.000,10.571,0.000,-0.961,0.000,0,19.754,7.954,-30.681,0.522,-0.372,0.586,-0.495,-0.004,0.001,0.337,-7.255,1,1,14151,14210,14178,14159,-100.516,-87.936,14.134,0,0,0,0,0,0,0
831890,1,938.374,642.921,650.261,39.290,2.754,0.688,0.113,-0.041,0.372,-2.498,-9.845,0.001,0.001,0.000,10.571,-1.922,-11.532,0.000,0,20.300,7.856,-32.025,0.523,-0.371,0.586,-0.495,0.000,-0.000,0.354,-7.246,1,1,14151,14218,14190,14159,-100.525,-87.833,14.227,0,0,0,0,0,0,0
832890,1,938.372,642.937,650.261,39.300,2.616,0.654,0.071,-0.000,0.366,-2.480,-9.838,0.001,0.001,0.000,1.922,-4.805,-4.805,0.000,0,19.922,8.668,-32.697,0.522,-0.372,0.586,-0.495,0.000,-0.001,0.343,-7.289,1,1,14154,14226,14189,14166,-100.570,-87.870,14.143,0,0,0,0,0,0,0
833890,1,938.390,642.783,650.261,39.310,2.485,0.621,0.125,-0.152,0.365,-2.487,-9.854,0.001,0.001,0.000,2.883,-3.844,4.805,0.000,0,20.090,8.192,-31.003,0.522,-0.372,0.587,-0.495,-0.000,0.000,0.359,-7.276,1,1,14128,14212,14181,14158,-100.609,-87.879,14.159,0,0,0,0,0,0,0
834890,1,938.356,643.077,650.261,39.310,2.361,0.590,0.140,0.138,0.367,-2.492,-9.853,0.001,0.001,0.001,3.844,-4.805,0.000,0.000,0,19.418,7.786,-31.549,0.522,-0.371,0.587,-0.495,0.005,0.002,0.359,-7.253,1,1,14121,14214,14189,14159,-100.648,-87.888,14.169,0,0,0,0,0,0,0
835890,1,938.365,643.003,650.261,39.320,2.242,0.560,0.145,0.061,0.370,-2.487,-9.843,-0.000,0.002,0.000,6.727,-3.844,-10.571,0.000,0,19.572,7.870,-30.303,0.522,-0.371,0.587,-0.496,-0.000,0.000,0.349,-7.251,1,1,14158,14224,14193,14160,-100.671,-87.850,14.173,0,0,0,0,0,0,0
836890,1,938.380,642.868,650.261,39.330,2.130,0.532,0.036,-0.069,0.365,-2.487,-9.850,0.001,0.001,0.000,3.844,-4.805,-0.961,0.000,0,19.922,7.786,-30.695,0.522,-0.371,0.587,-0.496,0.000,0.000,0.356,-7.291,1,1,14157,14224,14182,14160,-100.720,-87.877,14.164,0,0,0,0,0,0,0
837890,1,938.365,643.003,650.261,39.340,2.024,0.506,0.117,0.037,0.361,-2.493,-9.850,0.001,0.002,0.001,3.844,-4.805,-13.454,0.000,0,19.810,7.968,-32.305,0.522,-0.371,0.587,-0.496,-0.000,-0.000,0.357,-7.222,1,1,14154,14195,14184,14161,-100.761,-87.898,14.195,0,0,0,0,0,0,0
838890,1,938.346,643.166,650.261,39.350,1.922,0.480,0.132,0.183,0.369,-2.492,-9.841,0.001,0.001,0.000,4.805,-1.922,-4.805,0.000,0,19.838,8.262,-31.143,0.522,-0.370,0.587,-0.496,-0.001,0.007,0.348,-7.206,1,1,14157,14221,14188,14168,-100.781,-87.841,14.165,0,0,0,0,0,0,0
839890,1,938.367,642.984,650.261,39.350,1.826,0.456,0.081,0.042,0.359,-2.492,-9.844,0.001,0.001,-0.001,6.727,-4.805,-12.493,0.000,0,19.810,7.352,-30.289,0.521,-0.370,0.588,-0.496,-0.000,-0.000,0.351,-7.289,1,1,14121,14217,14189,14164,-100.834,-87.911,14.197,0,0,0,0,0,0,0
840890,1,938.359,643.050,650.261,39.360,1.734,0.434,0.135,0.121,0.364,-2.485,-9.858,0.001,0.001,0.001,2.883,-3.844,-2.883,0.000,0,19.838,7.534,-30.863,0.521,-0.370,0.587,-0.496,-0.002,-0.001,0.363,-7.285,1,1,14156,14215,14189,14158,-100.862,-87.880,14.142,0,0,0,0,0,0,0
841890,1,938.436,642.376,650.261,39.370,1.648,0.412,-0.001,-0.510,0.366,-2.490,-9.836,0.001,0.001,0.000,8.649,-4.805,-11.532,0.000,0,19.950,7.842,-31.871,0.521,-0.370,0.588,-0.496,0.009,-0.002,0.343,-7.364,1,1,14156,14217,14189,14164,-100.902,-87.917,14.197,0,0,0,0,0,0,0
842890,1,938.411,642.596,650.261,39.380,1.565,0.391,0.064,-0.308,0.364,-2.491,-9.857,0.001,0.002,0.000,3.844,-4.805,-1.922,0.000,0,20.090,7.786,-30.849,0.521,-0.370,0.588,-0.497,-0.000,-0.000,0.364,-7.313,1,1,14155,14218,14181,14164,-100.928,-87.887,14.171,0,0,0,0,0,0,0
843890,1,938.419,642.524,650.261,39.380,1.487,0.372,0.017,-0.384,0.369,-2.479,-9.849,0.001,0.002,0.000,3.844,0.000,-8.649,0.000,0,19.768,7.590,-31.969,0.521,-0.370,0.588,-0.497,0.009,-0.012,0.353,-7.320,1,1,14155,14210,14195,14155,-100.978,-87.922,14.176,0,0,0,0,0,0,0
844890,1,938.374,642.918,650.261,39.390,1.412,0.353,0.182,-0.041,0.366,-2.493,-9.851,-0.000,0.002,0.000,5.766,-6.727,-1.922,0.000,0,20.160,7.800,-31.549,0.521,-0.369,0.588,-0.497,-0.000,0.000,0.359,-7.199,1,1,14144,14216,14183,14161,-100.995,-87.872,14.196,0,0,0,0,0,0,0
845890,1,938.355,643.090,650.261,39.390,1.341,0.335,0.093,0.152,0.348,-2.490,-9.844,-0.000,0.002,0.000,4.805,-7.688,-15.376,0.000,0,19.740,7.842,-31.381,0.520,-0.369,0.588,-0.497,-0.008,-0.002,0.350,-7.276,1,1,14154,14218,14188,14159,-101.053,-87.933,14.206,0,0,0,0,0,0,0
846890,1,938.405,642.646,650.261,39.410,1.275,0.318,0.093,-0.305,0.370,-2.483,-9.838,0.001,0.002,0.000,4.805,0.000,-16.337,0.000,0,20.244,8.010,-30.765,0.520,-0.369,0.588,-0.497,0.005,0.000,0.343,-7.271,1,1,14145,14218,14188,14164,-101.074,-87.875,14.145,0,0,0,0,0,0,0
847890,1,938.353,643.108,650.261,39.410,1.211,0.303,0.097,0.174,0.364,-2.491,-9.844,-0.000,0.002,0.000,4.805,-8.649,-5.766,0.000,0,20.090,7.660,-32.235,0.520,-0.369,0.588,-0.497,-0.000,0.000,0.351,-7.286,1,1,14154,14216,14177,14160,-101.113,-87.883,14.191,0,0,0,0,0,0,0
848890,1,938.366,642.989,650.261,39.420,1.150,0.288,0.129,0.039,0.365,-2.484,-9.847,0.001,0.002,0.000,5.766,-5.766,-17.298,0.000,0,20.720,7.758,-31.647,0.520,-0.369,0.588,-0.498,0.000,-0.006,0.352,-7.254,1,1,14157,14223,14190,14160,-101.146,-87.885,14.180,0,0,0,0,0,0,0
849890,1,938.373,642.926,650.261,39.420,1.093,0.274,0.178,-0.013,0.353,-2.489,-9.842,0.001,0.001,0.000,9.610,-3.844,-11.532,0.000,0,20.524,8.066,-30.877,0.520,-0.369,0.589,-0.498,-0.004,0.000,0.348,-7.257,1,1,14181,14219,14188,14162,-101.195,-87.922,14.184,0,0,0,0,0,0,0
850890,1,938.402,642.672,650.261,39.430,1.038,0.260,0.094,-0.261,0.366,-2.480,-9.864,0.001,0.001,0.000,6.727,-6.727,0.000,0.000,0,20.650,7.450,-31.493,0.519,-0.369,0.588,-0.498,0.000,-0.000,0.368,-7.268,1,1,14142,14216,14192,14164,-101.216,-87.872,14.104,0,0,0,0,0,0,0
851890,1,938.354,643.098,650.261,39.440,0.986,0.247,0.122,0.121,0.365,-2.489,-9.837,0.001,0.001,0.000,1.922,-5.766,-8.649,0.000,0,20.048,8.038,-31.535,0.520,-0.368,0.589,-0.498,-0.000,-0.000,0.343,-7.196,1,1,14139,14220,14184,14164,-101.250,-87.875,14.187,0,0,0,0,0,0,0
852890,1,938.369,642.968,650.261,39.440,0.937,0.234,0.075,0.024,0.361,-2.489,-9.855,-0.000,0.001,0.000,7.688,-6.727,-17.298,0.000,0,20.510,7.716,-31.325,0.519,-0.368,0.589,-0.498,0.000,-0.000,0.361,-7.285,1,1,14154,14214,14188,14164,-101.294,-87.899,14.163,0,0,0,0,0,0,0
853890,1,938.348,643.153,650.261,39.460,0.890,0.223,0.136,0.211,0.363,-2.485,-9.858,0.001,0.002,0.000,1.922,-5.766,0.000,0.000,0,20.720,8.164,-31.899,0.519,-0.368,0.589,-0.498,-0.000,-0.000,0.363,-7.258,1,1,14156,14220,14190,14158,-101.323,-87.893,14.138,0,0,0,0,0,0,0
854890,1,938.372,642.942,650.261,39.460,0.845,0.212,0.090,0.010,0.371,-2.475,-9.851,0.001,0.001,0.001,13.454,-5.766,-17.298,0.000,0,20.482,7.884,-32.725,0.519,-0.367,0.589,-0.499,-0.003,-0.017,0.354,-7.281,1,1,14134,14214,14187,14161,-101.345,-87.848,14.189,0,0,0,0,0,0,0
855890,1,938.372,642.942,650.261,39.470,0.803,0.201,0.145,0.015,0.366,-2.489,-9.861,0.001,0.002,0.000,4.805,-6.727,-4.805,0.000,0,19.936,7.408,-31.031,0.519,-0.368,0.589,-0.499,0.000,-0.000,0.367,-7.275,1,1,14164,14219,14188,14163,-101.390,-87.873,14.154,0,0,0,0,0,0,0
856890,1,938.362,643.024,650.261,39.470,0.763,0.191,0.127,0.114,0.369,-2.481,-9.845,0.001,0.002,0.000,7.688,0.000,-1.922,0.000,0,20.006,8.472,-31.927,0.519,-0.367,0.589,-0.499,-0.000,0.000,0.350,-7.303,1,1,14149,14218,14189,14160,-101.422,-87.856,14.137,0,0,0,0,0,0,0
857890,1,938.365,643.000,650.261,39.480,0.725,0.181,0.169,0.056,0.366,-2.487,-9.853,0.001,0.002,0.000,7.688,-4.805,-16.337,0.000,0,19.908,8.010,-32.165,0.519,-0.367,0.589,-0.499,-0.000,0.000,0.358,-7.226,1,1,14152,14219,14186,14161,-101.464,-87.872,14.162,0,0,0,0,0,0,0
858890,1,938.344,643.190,650.261,39.480,0.688,0.172,0.190,0.225,0.356,-2.493,-9.856,0.001,0.002,0.000,3.844,0.000,-5.766,0.000,0,20.622,8.290,-29.785,0.518,-0.367,0.590,-0.499,-0.000,0.000,0.363,-7.199,1,1,14152,14218,14184,14163,-101.511,-87.936,14.189,0,0,0,0,0,0,0
859890,1,938.349,643.143,650.261,39.500,0.654,0.164,0.142,0.207,0.370,-2.484,-9.854,0.001,0.001,0.000,7.688,-6.727,-14.415,0.000,0,20.328,7.982,-31.927,0.518,-0.367,0.589,-0.500,0.003,-0.002,0.359,-7.271,1,1,14157,14216,14188,14157,-101.535,-87.865,14.144,0,0,0,0,0,0,0
860890,1,938.358,643.061,650.261,39.500,0.621,0.156,0.178,0.049,0.365,-2.491,-9.847,-0.000,0.002,0.000,5.766,-4.805,-11.532,0.000,0,20.188,7.926,-31.059,0.518,-0.366,0.590,-0.499,0.000,-0.000,0.353,-7.136,1,1,14158,14219,14183,14160,-101.570,-87.876,14.186,0,0,0,0,0,0,0
861890,1,938.348,643.148,650.261,39.500,0.590,0.148,0.126,0.135,0.370,-2.481,-9.858,0.001,0.002,0.000,5.766,-1.922,-1.922,0.000,0,20.034,8.402,-31.227,0.518,-0.366,0.590,-0.500,-0.000,-0.012,0.363,-7.173,1,1,14148,14212,14198,14162,-101.593,-87.862,14.183,0,0,0,0,0,0,0
862890,1,938.346,643.166,650.261,39.510,0.560,0.140,0.050,0.172,0.361,-2.483,-9.844,0.001,0.001,0.000,5.766,-2.883,-9.610,0.000,0,20.146,8.094,-30.317,0.518,-0.366,0.590,-0.500,0.000,0.000,0.349,-7.239,1,1,14156,14220,14187,14158,-101.642,-87.896,14.147,0,0,0,0,0,0,0
863890,1,938.355,643.085,650.261,39.520,0.532,0.133,0.095,0.091,0.359,-2.487,-9.850,0.001,0.002,0.000,7.688,-6.727,-12.493,0.000,0,20.524,7.982,-31.003,0.518,-0.366,0.590,-0.500,-0.005,0.006,0.356,-7.221,1,1,14157,14224,14185,14164,-101.669,-87.880,14.135,0,0,0,0,0,0,0
864890,1,938.369,642.963,650.261,39.520,0.506,0.127,0.144,-0.053,0.363,-2.486,-9.847,0.001,0.001,0.000,5.766,-4.805,-5.766,0.000,0,20.216,7.744,-31.115,0.517,-0.366,0.590,-0.500,0.001,0.000,0.352,-7.169,1,1,14144,14215,14191,14161,-101.707,-87.892,14.161,0,0,0,0,0,0,0
865890,1,938.356,643.077,650.261,39.530,0.480,0.120,0.163,0.042,0.369,-2.479,-9.857,0.001,0.001,0.000,9.610,-3.844,-2.883,0.000,0,19.964,7.744,-31.843,0.517,-0.366,0.590,-0.501,0.000,-0.000,0.361,-7.143,1,1,14156,14220,14192,14159,-101.732,-87.858,14.106,0,0,0,0,0,0,0
866890,1,938.368,642.974,650.261,39.540,0.456,0.114,-0.023,0.003,0.364,-2.486,-9.855,0.001,0.002,0.000,4.805,-5.766,-13.454,0.000,0,20.090,8.248,-31.213,0.517,-0.366,0.590,-0.501,-0.000,-0.000,0.360,-7.303,1,1,14146,14217,14190,14157,-101.779,-87.886,14.149,0,0,0,0,0,0,0
867890,1,938.353,643.111,650.261,39.550,0.433,0.108,0.105,0.126,0.365,-2.495,-9.848,0.001,0.001,0.000,4.805,-3.844,-3.844,0.000,0,20.300,8.150,-31.325,0.517,-0.365,0.590,-0.501,-0.000,0.003,0.355,-7.235,1,1,14155,14214,14189,14162,-101.805,-87.872,14.190,0,0,0,0,0,0,0
868890,1,938.394,642.744,650.261,39.550,0.412,0.103,0.053,-0.244,0.359,-2.493,-9.853,0.001,0.002,0.000,3.844,-3.844,-11.532,0.000,0,20.006,7.716,-31.493,0.517,-0.365,0.591,-0.501,0.000,0.004,0.359,-7.235,1,1,14150,14218,14183,14159,-101.841,-87.910,14.175,0,0,0,0,0,0,0
869890,1,938.363,643.016,650.261,39.560,0.391,0.098,0.049,0.032,0.384,-2.487,-9.855,0.001,0.002,0.000,2.883,-4.805,0.000,0.000,0,19.446,7.758,-31.199,0.517,-0.365,0.590,-0.501,0.002,-0.000,0.361,-7.237,1,1,14122,14221,14178,14158,-101.845,-87.775,14.155,0,0,0,0,0,0,0
870890,1,938.389,642.789,650.261,39.570,0.372,0.093,0.103,-0.246,0.364,-2.497,-9.853,-0.000,0.002,0.000,6.727,-0.961,-6.727,0.000,0,20.174,8.248,-32.151,0.517,-0.365,0.591,-0.501,0.005,0.001,0.360,-7.136,1,1,14156,14223,14189,14162,-101.916,-87.912,14.204,0,0,0,0,0,0,0
871890,1,938.403,642.662,650.261,39.570,0.353,0.088,0.070,-0.351,0.370,-2.495,-9.853,0.001,0.002,0.000,5.766,-1.922,-19.220,0.000,0,20.132,7.996,-30.499,0.517,-0.364,0.591,-0.501,0.003,0.001,0.360,-7.209,1,1,14159,14217,14175,14160,-101.937,-87.862,14.191,0,0,0,0,0,0,0
872890,1,938.389,642.786,650.261,39.580,0.335,0.084,0.150,-0.292,0.363,-2.487,-9.862,0.001,0.002,0.000,5.766,-5.766,-3.844,0.000,0,20.678,7.870,-32.151,0.516,-0.364,0.591,-0.501,0.001,-0.011,0.367,-7.081,1,1,14150,14212,14188,14160,-101.988,-87.911,14.201,0,0,0,0,0,0,0
873890,1,938.374,642.918,650.261,39.580,0.319,0.080,0.135,-0.154,0.365,-2.486,-9.850,0.001,0.001,0.000,5.766,-2.883,-1.922,0.000,0,20.188,8.080,-33.187,0.516,-0.364,0.591,-0.502,-0.000,-0.000,0.356,-7.120,1,1,14160,14215,14182,14162,-102.009,-87.877,14.155,0,0,0,0,0,0,0
874890,1,938.305,643.534,650.261,39.590,0.303,0.076,0.145,0.468,0.353,-2.489,-9.848,0.001,0.002,0.000,5.766,0.000,-1.922,0.000,0,20.230,8.346,-31.759,0.516,-0.364,0.592,-0.501,-0.000,0.000,0.353,-7.145,1,1,14146,14220,14187,14157,-102.063,-87.946,14.174,0,0,0,0,0,0,0
875890,1,938.347,643.164,650.261,39.590,0.287,0.072,0.076,0.123,0.363,-2.486,-9.868,0.001,0.001,0.000,2.883,-4.805,11.532,0.000,0,19.698,8.164,-31.605,0.516,-0.364,0.591,-0.502,-0.000,0.000,0.373,-7.191,1,1,14128,14213,14181,14155,-102.084,-87.896,14.132,0,0,0,0,0,0,0
876890,1,938.338,643.240,650.261,39.600,0.273,0.068,0.057,0.219,0.350,-2.487,-9.844,0.001,0.001,0.001,0.000,-3.844,0.000,0.000,0,20.090,8.192,-31.381,0.515,-0.364,0.592,-0.502,0.000,0.001,0.350,-7.218,1,1,14164,14215,14194,14160,-102.135,-87.966,14.172,0,0,0,0,0,0,0
877890,1,938.396,642.725,650.261,39.600,0.260,0.065,0.081,-0.330,0.372,-2.496,-9.862,-0.000,0.002,0.000,8.649,-4.805,-11.532,0.000,0,20.132,7.926,-30.835,0.516,-0.363,0.591,-0.502,0.001,0.002,0.370,-7.153,1,1,14155,14216,14185,14166,-102.132,-87.841,14.182,0,0,0,0,0,0,0
878890,1,938.332,643.296,650.261,39.610,0.246,0.062,0.167,0.171,0.365,-2.486,-9.843,-0.000,0.001,0.000,0.000,-4.805,-12.493,0.000,0,19.698,8.304,-31.941,0.515,-0.363,0.592,-0.502,0.000,-0.000,0.349,-7.029,1,1,14126,14220,14192,14164,-102.173,-87.874,14.165,0,0,0,0,0,0,0
879890,1,938.344,643.190,650.261,39.620,0.234,0.058,0.043,0.129,0.364,-2.492,-9.862,-0.000,0.002,0.000,5.766,-6.727,-15.376,0.000,0,19.992,8.920,-31.045,0.515,-0.363,0.592,-0.502,-0.005,-0.002,0.369,-7.189,1,1,14154,14218,14189,14151,-102.205,-87.860,14.188,0,0,0,0,0,0,0
880890,1,938.328,643.333,650.261,39.630,0.222,0.056,0.170,0.243,0.356,-2.501,-9.848,0.001,0.002,0.000,9.610,-3.844,-12.493,0.000,0,20.160,7.982,-32.459,0.515,-0.363,0.592,-0.502,-0.000,0.010,0.356,-7.096,1,1,14154,14216,14184,14161,-102.249,-87.919,14.184,0,0,0,0,0,0,0
881890,1,938.371,642.952,650.261,39.630,0.211,0.053,0.086,-0.163,0.369,-2.489,-9.864,0.002,0.001,0.000,4.805,-5.766,-14.415,0.000,0,20.412,7.940,-31.521,0.515,-0.363,0.592,-0.503,0.009,-0.004,0.370,-7.071,1,1,14148,14216,14186,14171,-102.284,-87.912,14.162,0,0,0,0,0,0,0
882890,1,938.378,642.886,650.261,39.630,0.201,0.050,0.071,-0.201,0.358,-2.489,-9.849,0.001,0.001,0.001,7.688,-3.844,-14.415,0.000,0,19.936,7.870,-30.961,0.515,-0.363,0.592,-0.503,0.002,0.003,0.355,-7.136,1,1,14130,14226,14188,14166,-102.320,-87.927,14.156,0,0,0,0,0,0,0
883890,1,938.339,643.233,650.261,39.650,0.191,0.047,0.174,0.134,0.369,-2.495,-9.857,0.001,0.002,0.000,7.688,0.000,-19.220,0.000,0,19.796,7.856,-31.857,0.515,-0.362,0.592,-0.503,0.000,0.000,0.365,-7.094,1,1,14125,14217,14174,14167,-102.333,-87.858,14.193,0,0,0,0,0,0,0
884890,1,938.353,643.106,650.261,39.650,0.181,0.045,0.137,-0.013,0.356,-2.473,-9.842,0.001,0.002,0.000,2.883,-5.766,-11.532,0.000,0,20.020,7.884,-30.219,0.514,-0.363,0.592,-0.503,0.001,-0.002,0.344,-7.065,1,1,14154,14219,14192,14160,-102.385,-87.938,14.106,0,0,0,0,0,0,0
885890,1,938.347,643.159,650.261,39.660,0.172,0.043,0.103,0.049,0.373,-2.480,-9.853,0.001,0.002,0.000,8.649,-0.961,-7.688,0.000,0,19.824,7.954,-31.563,0.514,-0.362,0.592,-0.504,0.004,-0.001,0.357,-7.092,1,1,14154,14210,14189,14162,-102.402,-87.849,14.121,0,0,0,0,0,0,0
886890,1,938.351,643.127,650.261,39.660,0.164,0.041,0.170,0.040,0.364,-2.481,-9.848,0.001,0.002,0.000,10.571,-3.844,-23.064,0.000,0,20.090,8.234,-31.437,0.514,-0.362,0.592,-0.504,-0.005,-0.006,0.352,-7.117,1,1,14158,14216,14185,14161,-102.442,-87.866,14.167,0,0,0,0,0,0,0
887890,1,938.357,643.071,650.261,39.670,0.155,0.039,0.093,-0.017,0.367,-2.480,-9.862,-0.000,0.002,0.000,0.961,-3.844,0.000,0.000,0,20.174,7.898,-32.179,0.514,-0.362,0.592,-0.504,0.000,0.000,0.366,-7.123,1,1,14136,14209,14180,14161,-102.474,-87.866,14.107,0,0,0,0,0,0,0
888890,1,938.381,642.860,650.261,39.670,0.148,0.037,0.095,-0.266,0.357,-2.485,-9.856,0.001,0.002,0.000,3.844,0.000,-3.844,0.000,0,20.174,8.318,-31.843,0.514,-0.362,0.593,-0.504,0.001,0.001,0.361,-7.059,1,1,14130,14216,14188,14164,-102.525,-87.929,14.137,0,0,0,0,0,0,0
889890,1,938.354,643.095,650.261,39.680,0.140,0.035,0.134,-0.009,0.358,-2.479,-9.851,0.001,0.002,0.001,1.922,-4.805,-9.610,0.000,0,20.174,8.164,-31.213,0.513,-0.362,0.593,-0.504,0.000,0.000,0.355,-7.104,1,1,14146,14203,14192,14161,-102.557,-87.918,14.117,0,0,0,0,0,0,0
890890,1,938.384,642.834,650.261,39.680,0.133,0.033,-0.013,-0.174,0.354,-2.483,-9.844,0.001,0.002,0.000,7.688,-2.883,-15.376,0.000,0,20.048,8.038,-31.479,0.513,-0.362,0.593,-0.504,-0.003,-0.001,0.349,-7.274,1,1,14154,14220,14185,14163,-102.587,-87.926,14.152,0,0,0,0,0,0,0
891890,1,938.354,643.098,650.261,39.690,0.126,0.032,0.196,0.087,0.370,-2.480,-9.850,0.001,0.001,0.001,2.883,-5.766,-9.610,0.000,0,20.118,8.136,-31.773,0.513,-0.361,0.593,-0.505,0.000,-0.000,0.354,-7.195,1,1,14156,14224,14187,14164,-102.604,-87.849,14.123,0,0,0,0,0,0,0
892890,1,938.360,643.045,650.261,39.690,0.120,0.030,0.145,-0.037,0.357,-2.499,-9.850,0.001,0.001,0.000,2.883,-3.844,-9.610,0.000,0,20.258,8.052,-31.409,0.513,-0.361,0.594,-0.504,0.000,0.001,0.359,-7.074,1,1,14155,14216,14181,14159,-102.658,-87.926,14.226,0,0,0,0,0,0,0
893890,1,938.328,643.325,650.261,39.700,0.114,0.028,0.171,0.205,0.366,-2.485,-9.848,0.001,0.001,0.000,6.727,-2.883,-7.688,0.000,0,20.524,8.262,-31.703,0.513,-0.361,0.593,-0.505,-0.000,0.001,0.353,-7.042,1,1,14156,14216,14187,14162,-102.676,-87.870,14.153,0,0,0,0,0,0,0
894890,1,938.363,643.021,650.261,39.710,0.108,0.027,0.068,-0.059,0.356,-2.490,-9.853,0.001,0.002,0.001,5.766,-4.805,-2.883,0.000,0,20.398,8.192,-31.675,0.513,-0.361,0.594,-0.504,-0.000,-0.000,0.358,-7.157,1,1,14160,14223,14192,14157,-102.722,-87.934,14.171,0,0,0,0,0,0,0
895890,1,938.332,643.299,650.261,39.710,0.103,0.025,0.155,0.206,0.360,-2.489,-9.845,-0.000,0.002,0.000,2.883,-12.493,0.000,0.000,0,20.160,8.276,-30.065,0.513,-0.360,0.593,-0.505,-0.005,0.002,0.351,-7.102,1,1,14144,14218,14190,14160,-102.746,-87.877,14.169,0,0,0,0,0,0,0
896890,1,938.375,642.910,650.261,39.720,0.098,0.024,0.059,-0.181,0.366,-2.491,-9.847,0.001,0.002,0.000,5.766,-5.766,-11.532,0.000,0,20.286,7.926,-31.969,0.513,-0.360,0.593,-0.505,0.000,0.000,0.353,-7.132,1,1,14156,14214,14185,14157,-102.774,-87.869,14.188,0,0,0,0,0,0,0
897890,1,938.370,642.958,650.261,39.730,0.093,0.023,0.095,-0.113,0.360,-2.483,-9.857,0.001,0.002,0.000,3.844,-3.844,-1.922,0.000,0,20.524,7.772,-31.381,0.513,-0.360,0.594,-0.505,-0.009,-0.005,0.361,-7.156,1,1,14119,14209,14191,14161,-102.810,-87.865,14.163,0,0,0,0,0,0,0
898890,1,938.403,642.664,650.261,39.730,0.088,0.021,0.103,-0.359,0.359,-2.485,-9.849,0.001,0.002,0.000,1.922,-2.883,-0.961,0.000,0,20.020,8.164,-31.745,0.512,-0.360,0.594,-0.505,0.000,-0.002,0.354,-7.202,1,1,14158,14215,14188,14164,-102.859,-87.916,14.161,0,0,0,0,0,0,0
899890,1,938.346,643.166,650.261,39.740,0.084,0.020,0.087,0.167,0.372,-2.492,-9.867,0.001,0.001,0.000,5.766,-11.532,-10.571,0.000,0,19.558,7.814,-31.157,0.512,-0.360,0.594,-0.506,-0.000,-0.000,0.374,-7.220,1,1,14154,14216,14187,14158,-102.873,-87.840,14.165,0,0,0,0,0,0,0
900890,1,938.357,643.069,650.261,39.750,0.080,0.019,0.145,0.008,0.367,-2.491,-9.855,0.001,0.002,0.000,3.844,-6.727,-10.571,0.000,0,19.782,7.856,-30.709,0.512,-0.360,0.594,-0.505,0.008,0.000,0.361,-7.111,1,1,14152,14222,14184,14164,-102.923,-87.908,14.164,0,0,0,0,0,0,0
901890,1,938.319,643.407,650.261,39.750,0.075,0.018,0.255,0.309,0.359,-2.481,-9.847,0.001,0.002,0.000,2.883,-3.844,-1.922,0.000,0,20.356,8.290,-31.927,0.512,-0.360,0.594,-0.506,-0.000,0.000,0.351,-7.049,1,1,14160,14223,14186,14159,-102.965,-87.912,14.135,0,0,0,0,0,0,0
902890,1,938.386,642.818,650.261,39.760,0.072,0.017,0.083,-0.265,0.364,-2.490,-9.851,0.001,0.002,0.001,5.766,-0.961,-2.883,0.000,0,20.272,7.912,-31.199,0.512,-0.359,0.594,-0.506,-0.000,-0.000,0.358,-7.123,1,1,14150,14218,14189,14169,-103.000,-87.885,14.172,0,0,0,0,0,0,0
903890,1,938.347,643.164,650.261,39.770,0.068,0.017,0.060,0.172,0.366,-2.480,-9.858,-0.000,0.002,0.001,2.883,-6.727,0.000,0.000,0,20.090,7.926,-31.801,0.511,-0.359,0.594,-0.506,-0.000,0.000,0.362,-7.282,1,1,14130,14219,14192,14162,-103.031,-87.873,14.113,0,0,0,0,0,0,0
904890,1,938.367,642.979,650.261,39.760,0.065,0.016,0.106,0.002,0.370,-2.486,-9.854,0.001,0.002,0.000,8.649,-6.727,-12.493,0.000,0,19.880,7.436,-32.459,0.511,-0.359,0.594,-0.506,0.003,-0.001,0.359,-7.254,1,1,14184,14218,14192,14165,-103.068,-87.869,14.154,0,0,0,0,0,0,0
905890,1,938.363,643.021,650.261,39.770,0.061,0.015,0.148,-0.020,0.354,-2.481,-9.855,0.001,0.002,0.000,6.727,-3.844,-7.688,0.000,0,19.880,7.590,-31.059,0.511,-0.359,0.594,-0.507,-0.010,0.002,0.359,-7.120,1,1,14135,14214,14186,14164,-103.107,-87.885,14.125,0,0,0,0,0,0,0
906890,1,938.380,642.868,650.261,39.780,0.058,0.014,0.108,-0.213,0.371,-2.487,-9.853,0.001,0.001,0.000,5.766,-3.844,-3.844,0.000,0,19.712,7.786,-31.871,0.511,-0.359,0.594,-0.507,0.004,0.001,0.358,-7.091,1,1,14156,14220,14192,14159,-103.137,-87.865,14.147,0,0,0,0,0,0,0
907890,1,938.349,643.145,650.261,39.780,0.055,0.013,0.107,0.073,0.361,-2.481,-9.847,-0.000,0.001,0.000,8.649,-6.727,-18.259,0.000,0,19.726,7.940,-31.227,0.511,-0.358,0.595,-0.507,-0.000,-0.000,0.351,-7.136,1,1,14160,14232,14177,14157,-103.182,-87.898,14.135,0,0,0,0,0,0,0
908890,1,938.370,642.952,650.261,39.780,0.053,0.013,0.109,-0.084,0.372,-2.487,-9.854,0.001,0.002,0.000,7.688,-3.844,0.961,0.000,0,20.258,8.052,-31.143,0.511,-0.358,0.595,-0.507,-0.000,0.000,0.360,-7.196,1,1,14153,14215,14181,14165,-103.202,-87.837,14.158,0,0,0,0,0,0,0
909890,1,938.345,643.180,650.261,39.790,0.050,0.012,0.145,0.099,0.352,-2.483,-9.850,-0.000,0.002,0.000,2.883,0.000,-1.922,0.000,0,20.020,7.632,-32.487,0.510,-0.358,0.595,-0.507,-0.005,0.003,0.354,-7.085,1,1,14156,14223,14185,14162,-103.262,-87.925,14.125,0,0,0,0,0,0,0
910890,1,938.355,643.087,650.261,39.800,0.047,0.012,0.121,-0.044,0.364,-2.489,-9.867,0.001,0.001,0.000,8.649,-3.844,-14.415,0.000,0,20.538,7.828,-31.381,0.510,-0.358,0.595,-0.507,-0.000,0.000,0.372,-7.034,1,1,14134,14216,14188,14164,-103.285,-87.889,14.147,0,0,0,0,0,0,0
911890,1,938.347,643.164,650.261,39.810,0.045,0.011,0.026,0.127,0.367,-2.483,-9.854,-0.000,0.002,0.001,4.805,-0.961,-1.922,0.000,0,20.090,8.024,-31.507,0.510,-0.358,0.595,-0.508,0.000,0.000,0.358,-7.236,1,1,14151,14214,14200,14161,-103.313,-87.864,14.131,0,0,0,0,0,0,0
912890,1,938.333,643.288,650.261,39.810,0.042,0.010,0.257,0.171,0.367,-2.478,-9.856,0.001,0.001,0.000,6.727,-1.922,-8.649,0.000,0,20.412,7.982,-31.983,0.510,-0.358,0.595,-0.508,0.000,-0.000,0.359,-7.022,1,1,14155,14213,14185,14163,-103.350,-87.863,14.101,0,0,0,0,0,0,0
913890,1,938.315,643.441,650.261,39.820,0.040,0.010,0.181,0.296,0.356,-2.477,-9.850,0.001,0.002,0.001,5.766,-5.766,0.000,0.000,0,20.006,8.500,-31.493,0.510,-0.358,0.595,-0.508,0.000,0.000,0.353,-7.013,1,1,14148,14207,14189,14154,-103.396,-87.933,14.104,0,0,0,0,0,0,0
914890,1,938.357,643.071,650.261,39.820,0.038,0.009,0.033,-0.035,0.376,-2.480,-9.853,0.001,0.002,0.000,10.571,-0.961,-18.259,0.000,0,19.922,8.164,-31.227,0.510,-0.357,0.595,-0.508,0.002,-0.001,0.357,-7.129,1,1,14152,14214,14189,14164,-103.401,-87.827,14.120,0,0,0,0,0,0,0
915890,1,938.327,643.338,650.261,39.830,0.036,0.009,0.141,0.192,0.357,-2.485,-9.860,-0.000,0.001,0.000,4.805,-5.766,2.883,0.000,0,19.782,8.108,-31.815,0.510,-0.357,0.596,-0.508,-0.003,0.002,0.364,-7.046,1,1,14151,14212,14182,14165,-103.456,-87.910,14.131,0,0,0,0,0,0,0
916890,1,938.326,643.346,650.261,39.830,0.034,0.008,0.098,0.270,0.369,-2.487,-9.868,0.001,0.001,0.000,11.532,-5.766,-5.766,0.000,0,19.768,8.094,-31.885,0.510,-0.357,0.596,-0.508,0.000,0.000,0.373,-7.176,1,1,14158,14220,14188,14161,-103.485,-87.859,14.139,0,0,0,0,0,0,0
917890,1,938.348,643.156,650.261,39.840,0.032,0.008,-0.003,0.155,0.358,-2.486,-9.856,0.001,0.002,0.000,10.571,-6.727,-15.376,0.000,0,19.978,8.220,-31.801,0.509,-0.357,0.596,-0.508,-0.003,0.002,0.361,-7.290,1,1,14150,14216,14184,14161,-103.524,-87.902,14.143,0,0,0,0,0,0,0
918890,1,938.376,642.905,650.261,39.850,0.031,0.007,0.060,-0.092,0.377,-2.483,-9.861,0.001,0.002,0.001,5.766,-3.844,-12.493,0.000,0,20.244,7.870,-31.871,0.509,-0.356,0.595,-0.509,-0.000,-0.000,0.366,-7.244,1,1,14151,14216,14186,14160,-103.532,-87.810,14.120,0,0,0,0,0,0,0
919890,1,938.366,642.989,650.261,39.850,0.029,0.007,0.112,0.003,0.363,-2.478,-9.850,0.001,0.002,0.000,1.922,-4.805,0.000,0.000,0,20.020,7.758,-31.787,0.509,-0.356,0.596,-0.509,0.000,-0.001,0.353,-7.239,1,1,14154,14221,14185,14161,-103.586,-87.893,14.114,0,0,0,0,0,0,0
920890,1,938.361,643.040,650.261,39.850,0.028,0.007,0.143,0.045,0.373,-2.475,-9.848,0.001,0.001,0.000,5.766,-8.649,-14.415,0.000,0,19.838,7.688,-32.543,0.509,-0.356,0.596,-0.509,0.002,-0.002,0.351,-7.200,1,1,14148,14212,14181,14159,-103.605,-87.840,14.106,0,0,0,0,0,0,0
921890,1,938.331,643.301,650.261,39.870,0.026,0.006,0.120,0.308,0.357,-2.483,-9.850,0.001,0.001,0.000,2.883,0.000,0.000,0.000,0,19.824,7.870,-31.549,0.509,-0.356,0.596,-0.509,-0.000,-0.000,0.354,-7.206,1,1,14156,14214,14183,14168,-103.656,-87.926,14.136,0,0,0,0,0,0,0
922890,1,938.359,643.055,650.261,39.870,0.025,0.006,0.115,0.001,0.361,-2.490,-9.860,0.001,0.002,0.000,9.610,-3.844,-15.376,0.000,0,19.740,7.744,-31.465,0.509,-0.356,0.596,-0.509,-0.001,0.000,0.366,-7.112,1,1,14145,14215,14188,14164,-103.681,-87.897,14.162,0,0,0,0,0,0,0
923890,1,938.306,643.523,650.261,39.880,0.024,0.005,0.224,0.428,0.370,-2.483,-9.866,0.001,0.001,0.000,8.649,-4.805,-8.649,0.000,0,19.768,7.702,-31.969,0.508,-0.356,0.596,-0.509,0.002,0.000,0.370,-7.055,1,1,14165,14223,14180,14157,-103.706,-87.862,14.113,0,0,0,0,0,0,0
924890,1,938.345,643.177,650.261,39.880,0.023,0.005,0.155,0.076,0.359,-2.484,-9.857,0.002,0.002,0.001,0.961,-6.727,-4.805,0.000,0,19.866,7.618,-31.885,0.508,-0.356,0.597,-0.509,-0.003,-0.001,0.362,-7.087,1,1,14153,14213,14188,14160,-103.747,-87.900,14.141,0,0,0,0,0,0,0
925890,1,938.376,642.905,650.261,39.890,0.021,0.005,0.081,-0.153,0.367,-2.475,-9.864,-0.000,0.001,0.000,2.883,-1.922,0.000,0.000,0,19.684,7.436,-32.137,0.508,-0.356,0.597,-0.510,0.006,-0.004,0.367,-7.175,1,1,14149,14217,14180,14160,-103.791,-87.902,14.092,0,0,0,0,0,0,0
926890,1,938.377,642.897,650.261,39.890,0.020,0.005,0.093,-0.205,0.354,-2.474,-9.844,-0.000,0.001,0.000,6.727,-2.883,-13.454,0.000,0,19.712,7.590,-33.425,0.508,-0.355,0.597,-0.510,-0.004,-0.001,0.346,-7.091,1,1,14158,14221,14188,14163,-103.825,-87.918,14.110,0,0,0,0,0,0,0
927890,1,938.312,643.468,650.261,39.900,0.019,0.004,0.165,0.416,0.371,-2.478,-9.860,0.001,0.002,0.000,0.961,-2.883,0.000,0.000,0,20.286,7.702,-32.067,0.508,-0.355,0.597,-0.510,0.002,-0.003,0.363,-7.175,1,1,14130,14220,14192,14158,-103.852,-87.856,14.111,0,0,0,0,0,0,0
928890,1,938.353,643.106,650.261,39.900,0.018,0.004,0.116,0.017,0.358,-2.478,-9.858,0.001,0.001,0.000,5.766,0.000,-5.766,0.000,0,20.020,7.968,-31.003,0.507,-0.355,0.597,-0.510,-0.000,-0.000,0.361,-7.101,1,1,14154,14228,14179,14168,-103.897,-87.921,14.099,0,0,0,0,0,0,0
929890,1,938.332,643.293,650.261,39.910,0.017,0.004,0.125,0.198,0.366,-2.484,-9.868,0.001,0.002,0.000,1.922,-3.844,-7.688,0.000,0,20.146,7.996,-31.969,0.508,-0.355,0.597,-0.510,-0.001,0.002,0.372,-7.095,1,1,14158,14216,14192,14158,-103.912,-87.866,14.111,0,0,0,0,0,0,0
930890,1,938.371,642.950,650.261,39.920,0.016,0.004,0.092,-0.177,0.359,-2.474,-9.854,0.001,0.001,0.000,4.805,-4.805,-10.571,0.000,0,20.496,8.360,-31.101,0.507,-0.355,0.597,-0.510,0.000,0.000,0.356,-7.062,1,1,14130,14218,14185,14165,-103.955,-87.912,14.088,0,0,0,0,0,0,0
931890,1,938.341,643.211,650.261,39.920,0.016,0.004,0.195,0.049,0.375,-2.483,-9.856,-0.000,0.001,0.000,7.688,-5.766,-1.922,0.000,0,20.104,8.052,-31.157,0.507,-0.354,0.597,-0.511,0.006,0.004,0.361,-7.002,1,1,14150,14207,14189,14166,-103.973,-87.852,14.100,0,0,0,0,0,0,0
932890,1,938.321,643.391,650.261,39.930,0.015,0.004,0.173,0.205,0.364,-2.478,-9.855,-0.000,0.002,0.000,6.727,-4.805,-9.610,0.000,0,20.272,7.954,-32.375,0.507,-0.354,0.597,-0.511,0.002,-0.002,0.358,-6.988,1,1,14160,14214,14189,14157,-104.013,-87.899,14.112,0,0,0,0,0,0,0
933890,1,938.292,643.653,650.261,39.930,0.014,0.004,0.210,0.434,0.378,-2.480,-9.855,0.001,0.002,0.000,2.883,-3.844,-1.922,0.000,0,20.006,7.674,-31.731,0.507,-0.354,0.597,-0.511,0.000,-0.000,0.359,-6.945,1,1,14153,14216,14181,14158,-104.019,-87.801,14.116,0,0,0,0,0,0,0
934890,1,938.369,642.963,650.261,39.940,0.013,0.003,0.058,-0.269,0.358,-2.475,-9.858,0.001,0.001,0.000,13.454,-11.532,-0.961,0.000,0,19.698,7.562,-30.709,0.507,-0.354,0.597,-0.511,0.000,-0.000,0.361,-6.968,1,1,14160,14216,14187,14163,-104.081,-87.920,14.085,0,0,0,0,0,0,0
935890,1,938.380,642.871,650.261,39.950,0.013,0.003,-0.016,-0.330,0.369,-2.481,-9.854,0.001,0.002,0.000,1.922,-5.766,0.000,0.000,0,19.922,8.024,-30.891,0.507,-0.354,0.597,-0.511,-0.000,0.000,0.358,-7.042,1,1,14150,14216,14188,14159,-104.098,-87.858,14.127,0,0,0,0,0,0,0
936890,1,938.342,643.203,650.261,39.950,0.012,0.003,0.147,-0.060,0.367,-2.477,-9.856,0.001,0.002,0.000,7.688,-4.805,-11.532,0.000,0,19.866,7.800,-31.843,0.506,-0.354,0.597,-0.511,0.003,-0.000,0.359,-6.910,1,1,14128,14218,14192,14162,-104.131,-87.881,14.093,0,0,0,0,0,0,0
937890,1,938.339,643.233,650.261,39.960,0.011,0.003,0.138,-0.080,0.358,-2.478,-9.857,0.001,0.002,0.000,4.805,-1.922,0.000,0.000,0,20.090,7.814,-30.639,0.506,-0.354,0.598,-0.511,-0.001,0.001,0.360,-6.847,1,1,14124,14220,14187,14161,-104.174,-87.914,14.097,0,0,0,0,0,0,0
938890,1,938.338,643.238,650.261,39.960,0.010,0.003,0.094,-0.036,0.371,-2.479,-9.860,0.001,0.002,0.001,10.571,-2.883,-17.298,0.000,0,19.908,7.968,-31.857,0.506,-0.353,0.598,-0.512,0.010,0.000,0.363,-6.942,1,1,14160,14223,14179,14155,-104.203,-87.900,14.088,0,0,0,0,0,0,0
939890,1,938.351,643.127,650.261,39.970,0.009,0.003,0.025,-0.103,0.352,-2.487,-9.855,0.001,0.002,0.000,2.883,-9.610,-7.688,0.000,0,19.642,7.716,-30.107,0.506,-0.353,0.598,-0.512,-0.012,0.010,0.360,-7.027,1,1,14160,14213,14192,14164,-104.221,-87.873,14.119,0,0,0,0,0,0,0
940890,1,938.365,643.003,650.261,39.970,0.009,0.003,0.065,-0.198,0.370,-2.477,-9.845,0.001,0.002,0.000,2.883,0.000,-10.571,0.000,0,19.922,7.450,-32.361,0.506,-0.353,0.598,-0.512,-0.005,-0.003,0.349,-7.055,1,1,14129,14220,14188,14160,-104.245,-87.824,14.134,0,0,0,0,0,0,0
941890,1,938.325,643.351,650.261,39.980,0.009,0.003,0.127,0.145,0.359,-2.485,-9.855,0.001,0.001,0.000,2.883,-1.922,-3.844,0.000,0,20.062,7.716,-31.367,0.506,-0.353,0.598,-0.512,0.000,-0.000,0.360,-6.997,1,1,14160,14222,14191,14161,-104.293,-87.912,14.143,0,0,0,0,0,0,0
942890,1,938.349,643.140,650.261,39.980,0.008,0.002,0.138,-0.103,0.360,-2.485,-9.853,-0.000,0.001,0.000,7.688,-1.922,-13.454,0.000,0,20.076,7.884,-31.647,0.506,-0.353,0.598,-0.512,-0.000,0.000,0.357,-6.943,1,1,14127,14216,14188,14160,-104.320,-87.906,14.147,0,0,0,0,0,0,0
943890,1,938.313,643.457,650.261,40.000,0.007,0.002,0.123,0.248,0.353,-2.483,-9.851,0.001,0.002,0.000,7.688,-0.961,-12.493,0.000,0,20.314,7.478,-31.003,0.505,-0.353,0.599,-0.512,-0.000,-0.000,0.355,-7.008,1,1,14131,14213,14192,14157,-104.360,-87.948,14.135,0,0,0,0,0,0,0
944890,1,938.331,643.301,650.261,40.000,0.007,0.002,0.133,0.066,0.369,-2.485,-9.858,0.001,0.002,0.000,5.766,-2.883,4.805,0.000,0,20.314,7.198,-32.347,0.506,-0.352,0.598,-0.512,0.000,-0.000,0.364,-6.957,1,1,14126,14212,14184,14168,-104.372,-87.858,14.138,0,0,0,0,0,0,0
945890,1,938.381,642.860,650.261,40.000,0.007,0.002,0.076,-0.307,0.361,-2.478,-9.858,0.001,0.002,0.000,2.883,-1.922,-4.805,0.000,0,20.440,7.814,-31.773,0.505,-0.352,0.599,-0.512,0.007,-0.011,0.362,-7.079,1,1,14154,14217,14189,14163,-104.425,-87.951,14.146,0,0,0,0,0,0,0
946890,1,938.396,642.725,650.261,40.010,0.006,0.002,-0.008,-0.406,0.358,-2.485,-9.874,0.001,0.002,0.000,11.532,-1.922,-17.298,0.000,0,20.188,7.870,-32.221,0.505,-0.352,0.599,-0.512,-0.000,0.000,0.378,-7.130,1,1,14154,14216,14192,14165,-104.452,-87.924,14.117,0,0,0,0,0,0,0
947890,1,938.311,643.481,650.261,40.020,0.006,0.002,0.185,0.294,0.360,-2.473,-9.863,0.001,0.002,0.000,6.727,-3.844,-4.805,0.000,0,19.936,7.730,-31.563,0.505,-0.352,0.599,-0.513,-0.007,-0.008,0.365,-6.983,1,1,14160,14217,14185,14166,-104.474,-87.880,14.116,0,0,0,0,0,0,0
948890,1,938.320,643.396,650.261,40.030,0.006,0.002,0.141,0.224,0.361,-2.481,-9.850,0.002,0.002,0.000,11.532,-0.961,-16.337,0.000,0,20.510,7.324,-32.207,0.505,-0.352,0.599,-0.513,-0.000,0.000,0.354,-7.031,1,1,14156,14219,14180,14168,-104.509,-87.900,14.130,0,0,0,0,0,0,0
949890,1,938.367,642.982,650.261,40.030,0.006,0.002,0.111,-0.250,0.369,-2.477,-9.861,0.001,0.001,0.001,2.883,-2.883,-1.922,0.000,0,20.034,7.576,-33.453,0.505,-0.351,0.599,-0.513,0.000,-0.015,0.364,-6.935,1,1,14156,14221,14189,14156,-104.539,-87.882,14.167,0,0,0,0,0,0,0
950890,1,938.326,643.344,650.261,40.040,0.005,0.001,0.132,0.091,0.353,-2.493,-9.861,0.001,0.002,0.000,8.649,-6.727,-12.493,0.000,0,19.852,7.940,-32.011,0.505,-0.351,0.599,-0.513,-0.006,0.009,0.367,-6.922,1,1,14160,14216,14187,14160,-104.577,-87.905,14.140,0,0,0,0,0,0,0
951890,1,938.330,643.309,650.261,40.050,0.005,0.001,0.100,0.100,0.365,-2.483,-9.854,0.001,0.002,0.000,5.766,-2.883,0.000,0.000,0,19.964,7.212,-32.445,0.504,-0.351,0.599,-0.513,0.000,-0.000,0.358,-7.017,1,1,14152,14216,14171,14168,-104.608,-87.878,14.131,0,0,0,0,0,0,0
952890,1,938.337,643.251,650.261,40.050,0.005,0.001,0.256,-0.057,0.359,-2.474,-9.855,0.001,0.002,0.000,3.844,-7.688,-6.727,0.000,0,20.468,7.282,-32.207,0.504,-0.351,0.599,-0.513,-0.000,-0.004,0.357,-6.817,1,1,14156,14219,14184,14164,-104.650,-87.917,14.106,0,0,0,0,0,0,0
953890,1,938.336,643.256,650.261,40.050,0.004,0.001,0.133,-0.075,0.370,-2.469,-9.860,0.001,0.002,0.000,3.844,-2.883,0.000,0.000,0,19.950,7.674,-31.619,0.504,-0.351,0.599,-0.514,-0.000,-0.000,0.361,-6.830,1,1,14157,14216,14190,14161,-104.658,-87.852,14.051,0,0,0,0,0,0,0
954890,1,938.348,643.156,650.261,40.060,0.004,0.001,0.052,-0.109,0.365,-2.483,-9.860,0.001,0.002,0.000,7.688,-3.844,-15.376,0.000,0,19.866,7.548,-32.067,0.504,-0.351,0.599,-0.514,-0.000,-0.000,0.364,-6.983,1,1,14140,14218,14183,14161,-104.693,-87.879,14.122,0,0,0,0,0,0,0
955890,1,938.359,643.055,650.261,40.070,0.004,0.001,0.101,-0.218,0.371,-2.484,-9.860,-0.000,0.002,0.000,3.844,-4.805,-6.727,0.000,0,20.174,7.968,-32.319,0.504,-0.350,0.599,-0.514,-0.000,-0.000,0.364,-6.942,1,1,14154,14218,14181,14158,-104.720,-87.845,14.129,0,0,0,0,0,0,0
956890,1,938.382,642.855,650.261,40.070,0.004,0.001,0.004,-0.337,0.367,-2.481,-9.858,0.001,0.002,0.000,8.649,-0.961,-9.610,0.000,0,19.824,7.814,-31.955,0.504,-0.350,0.600,-0.514,0.010,-0.005,0.363,-7.083,1,1,14138,14224,14189,14168,-104.773,-87.930,14.132,0,0,0,0,0,0,0
957890,1,938.324,643.365,650.261,40.080,0.004,0.001,0.172,0.089,0.361,-2.481,-9.864,0.001,0.002,0.000,11.532,0.000,-21.142,0.000,0,19.768,8.010,-30.975,0.503,-0.350,0.600,-0.514,-0.000,-0.000,0.368,-6.883,1,1,14152,14226,14189,14160,-104.797,-87.902,14.108,0,0,0,0,0,0,0
958890,1,938.358,643.058,650.261,40.080,0.003,0.001,0.144,-0.243,0.365,-2.479,-9.858,0.001,0.002,0.000,8.649,-5.766,-16.337,0.000,0,20.370,8.052,-31.913,0.504,-0.350,0.600,-0.514,-0.007,-0.008,0.362,-6.868,1,1,14152,14216,14186,14163,-104.811,-87.851,14.158,0,0,0,0,0,0,0
959890,1,938.334,643.272,650.261,40.090,0.003,0.000,0.066,0.040,0.361,-2.486,-9.853,0.001,0.002,0.000,3.844,-3.844,-1.922,0.000,0,20.062,7.898,-30.527,0.503,-0.350,0.600,-0.514,0.000,0.000,0.358,-7.008,1,1,14146,14224,14193,14162,-104.850,-87.899,14.154,0,0,0,0,0,0,0
960890,1,938.263,643.906,650.261,40.100,0.003,0.000,0.116,0.668,0.375,-2.479,-9.848,0.001,0.002,0.000,10.571,-3.844,-11.532,0.000,0,19.992,8.066,-32.263,0.503,-0.349,0.600,-0.515,0.000,-0.000,0.352,-6.984,1,1,14127,14217,14187,14163,-104.866,-87.820,14.119,0,0,0,0,0,0,0
961890,1,938.344,643.185,650.261,40.100,0.003,0.000,0.112,-0.103,0.359,-2.478,-9.858,0.001,0.002,0.000,15.376,3.844,-13.454,0.000,0,20.160,7.730,-32.179,0.503,-0.350,0.600,-0.515,-0.000,-0.000,0.361,-6.900,1,1,14126,14212,14190,14159,-104.916,-87.915,14.098,0,0,0,0,0,0,0
962890,1,938.300,643.579,650.261,40.110,0.002,0.000,0.135,0.279,0.371,-2.479,-9.863,-0.000,0.002,0.000,0.000,-8.649,0.000,0.000,0,20.062,7.660,-32.123,0.503,-0.349,0.600,-0.515,-0.000,-0.000,0.367,-6.885,1,1,14133,14215,14186,14165,-104.930,-87.845,14.098,0,0,0,0,0,0,0
963890,1,938.352,643.114,650.261,40.120,0.002,0.000,0.017,-0.074,0.364,-2.484,-9.862,0.001,0.002,0.000,2.883,-2.883,0.000,0.000,0,20.188,8.150,-31.311,0.503,-0.349,0.600,-0.515,0.003,-0.010,0.367,-7.106,1,1,14156,14224,14174,14168,-104.979,-87.915,14.173,0,0,0,0,0,0,0
964890,1,938.368,642.974,650.261,40.120,0.002,0.000,0.179,-0.238,0.369,-2.483,-9.856,0.001,0.001,0.000,8.649,-5.766,-4.805,0.000,0,20.342,7.534,-31.311,0.503,-0.349,0.600,-0.515,-0.000,-0.000,0.361,-6.975,1,1,14151,14210,14188,14157,-104.995,-87.859,14.126,0,0,0,0,0,0,0
965890,1,938.336,643.262,650.261,40.130,0.002,0.000,0.170,-0.028,0.361,-2.484,-9.856,0.001,0.002,0.001,2.883,-5.766,-9.610,0.000,0,20.020,7.590,-31.241,0.502,-0.349,0.601,-0.515,0.004,-0.004,0.361,-6.850,1,1,14151,14214,14189,14164,-105.045,-87.926,14.149,0,0,0,0,0,0,0
966890,1,938.367,642.982,650.261,40.140,0.002,0.000,0.056,-0.210,0.358,-2.486,-9.857,-0.000,0.002,0.000,8.649,0.000,-1.922,0.000,0,19.838,7.450,-31.507,0.502,-0.349,0.601,-0.515,-0.000,0.000,0.362,-7.074,1,1,14144,14218,14167,14159,-105.078,-87.922,14.147,0,0,0,0,0,0,0
967890,1,938.359,643.053,650.261,40.140,0.002,0.000,0.064,-0.141,0.361,-2.479,-9.857,-0.000,0.002,0.000,2.883,-0.961,-0.961,0.000,0,20.048,7.926,-32.473,0.502,-0.349,0.601,-0.515,-0.000,0.000,0.361,-7.032,1,1,14156,14219,14185,14160,-105.099,-87.901,14.107,0,0,0,0,0,0,0
968890,1,938.311,643.481,650.261,40.140,0.001,0.000,0.118,0.257,0.363,-2.474,-9.860,0.001,0.002,0.000,6.727,-5.766,-9.610,0.000,0,20.048,8.108,-31.423,0.502,-0.349,0.601,-0.516,0.001,-0.004,0.362,-6.973,1,1,14148,14220,14191,14158,-105.135,-87.902,14.098,0,0,0,0,0,0,0
969890,1,938.305,643.531,650.261,40.150,0.001,0.001,0.217,0.240,0.370,-2.477,-9.873,0.001,0.001,0.000,3.844,-3.844,-5.766,0.000,0,20.328,7.786,-31.045,0.502,-0.348,0.600,-0.516,0.000,0.000,0.375,-6.860,1,1,14164,14224,14184,14162,-105.158,-87.855,14.073,0,0,0,0,0,0,0
970890,1,938.326,643.346,650.261,40.160,0.001,0.001,0.008,0.112,0.360,-2.480,-9.855,0.001,0.002,0.000,7.688,-3.844,-13.454,0.000,0,20.048,8.024,-33.649,0.502,-0.348,0.601,-0.516,0.001,0.000,0.359,-7.015,1,1,14153,14221,14196,14166,-105.202,-87.909,14.115,0,0,0,0,0,0,0
971890,1,938.337,643.251,650.261,40.160,0.001,0.000,0.177,-0.014,0.366,-2.475,-9.872,0.001,0.001,0.000,4.805,-1.922,-2.883,0.000,0,19.516,7.730,-32.739,0.501,-0.348,0.601,-0.516,0.000,-0.000,0.374,-6.915,1,1,14179,14218,14190,14157,-105.224,-87.873,14.068,0,0,0,0,0,0,0
972890,1,938.333,643.288,650.261,40.170,0.001,0.000,0.049,0.080,0.366,-2.489,-9.867,0.001,0.002,0.000,7.688,-6.727,-11.532,0.000,0,19.824,7.786,-32.417,0.501,-0.348,0.601,-0.516,0.003,0.007,0.372,-7.043,1,1,14160,14218,14200,14167,-105.262,-87.878,14.110,0,0,0,0,0,0,0
973890,1,938.337,643.251,650.261,40.180,0.001,0.000,0.168,-0.015,0.365,-2.475,-9.861,0.001,0.002,0.000,8.649,-3.844,-13.454,0.000,0,20.286,7.590,-31.759,0.501,-0.348,0.601,-0.516,0.001,-0.002,0.363,-6.898,1,1,14138,14220,14188,14163,-105.297,-87.887,14.090,0,0,0,0,0,0,0
974890,1,938.313,643.460,650.261,40.180,0.001,0.000,0.166,0.161,0.370,-2.479,-9.858,-0.000,0.001,0.000,6.727,-5.766,-3.844,0.000,0,20.258,7.828,-32.039,0.501,-0.347,0.601,-0.517,-0.001,-0.003,0.362,-6.863,1,1,14135,14222,14196,14164,-105.325,-87.852,14.117,0,0,0,0,0,0,0
975890,1,938.314,643.449,650.261,40.180,0.001,0.000,0.111,0.192,0.366,-2.477,-9.851,-0.000,0.002,0.000,5.766,-6.727,-9.610,0.000,0,20.062,7.758,-31.367,0.501,-0.347,0.602,-0.516,0.008,-0.005,0.354,-6.971,1,1,14154,14212,14193,14164,-105.371,-87.922,14.117,0,0,0,0,0,0,0
976890,1,938.304,643.542,650.261,40.200,0.001,0.000,0.187,0.247,0.372,-2.480,-9.858,-0.000,0.001,0.001,6.727,-8.649,-14.415,0.000,0,20.216,7.618,-32.417,0.501,-0.347,0.601,-0.517,-0.000,0.000,0.363,-6.883,1,1,14156,14221,14190,14169,-105.385,-87.838,14.111,0,0,0,0,0,0,0
977890,1,938.345,643.180,650.261,40.210,0.001,0.000,0.015,-0.071,0.372,-2.483,-9.864,0.001,0.001,0.000,3.844,-2.883,-4.805,0.000,0,19.936,7.730,-32.193,0.501,-0.347,0.602,-0.517,0.012,-0.010,0.369,-7.003,1,1,14116,14215,14189,14168,-105.434,-87.920,14.151,0,0,0,0,0,0,0
978890,1,938.340,643.219,650.261,40.210,0.000,0.000,0.115,-0.086,0.369,-2.485,-9.855,0.001,0.002,0.000,4.805,-4.805,-14.415,0.000,0,19.558,7.268,-31.969,0.501,-0.346,0.602,-0.517,0.000,-0.000,0.360,-6.874,1,1,14131,14212,14185,14162,-105.445,-87.856,14.142,0,0,0,0,0,0,0
979890,1,938.350,643.132,650.261,40.220,0.000,0.000,0.099,-0.182,0.372,-2.491,-9.870,-0.000,0.002,0.000,1.922,-3.844,0.000,0.000,0,19.950,7.338,-32.641,0.501,-0.346,0.602,-0.517,0.009,0.001,0.377,-6.887,1,1,14147,14220,14188,14160,-105.481,-87.885,14.136,0,0,0,0,0,0,0
980890,1,938.327,643.336,650.261,40.220,0.000,0.000,0.121,0.012,0.358,-2.492,-9.860,0.001,0.002,0.000,6.727,-5.766,-13.454,0.000,0,19.894,7.422,-31.311,0.500,-0.346,0.602,-0.517,-0.002,0.008,0.366,-6.874,1,1,14149,14225,14184,14158,-105.513,-87.896,14.137,0,0,0,0,0,0,0
981890,1,938.346,643.172,650.261,40.220,0.000,-0.000,0.081,-0.084,0.369,-2.478,-9.870,0.001,0.002,0.000,6.727,-2.883,0.000,0.000,0,20.370,7.408,-31.143,0.500,-0.346,0.602,-0.518,-0.006,-0.004,0.373,-6.992,1,1,14136,14222,14188,14164,-105.530,-87.835,14.111,0,0,0,0,0,0,0
982890,1,938.294,643.631,650.261,40.240,-0.000,-0.000,0.230,0.347,0.359,-2.479,-9.851,-0.000,0.002,0.000,7.688,-6.727,-9.610,0.000,0,20.342,7.534,-32.165,0.500,-0.346,0.602,-0.517,0.000,0.000,0.355,-6.883,1,1,14154,14219,14190,14157,-105.571,-87.911,14.117,0,0,0,0,0,0,0
983890,1,938.304,643.544,650.261,40.240,-0.000,0.000,0.265,0.169,0.359,-2.490,-9.851,0.001,0.001,0.000,9.610,-15.376,-15.376,0.000,0,19.950,7.184,-32.263,0.500,-0.346,0.602,-0.518,-0.008,0.025,0.357,-6.721,1,1,14154,14220,14188,14165,-105.582,-87.833,14.055,0,0,0,0,0,0,0
984890,1,938.293,643.634,650.261,40.250,-0.000,0.000,0.122,0.259,0.365,-2.483,-9.858,0.001,0.002,0.000,4.805,-3.844,-6.727,0.000,0,19.852,7.464,-32.361,0.500,-0.346,0.602,-0.518,0.001,0.002,0.363,-6.809,1,1,14152,14214,14187,14158,-105.621,-87.880,14.114,0,0,0,0,0,0,0
985890,1,938.329,643.317,650.261,40.250,-0.000,0.000,-0.013,0.030,0.360,-2.475,-9.866,-0.000,0.001,0.000,6.727,-2.883,-12.493,0.000,0,20.076,7.814,-31.395,0.499,-0.346,0.602,-0.518,-0.001,0.000,0.368,-6.993,1,1,14146,14216,14195,14160,-105.658,-87.903,14.078,0,0,0,0,0,0,0
986890,1,938.378,642.881,650.261,40.260,-0.000,0.000,0.086,-0.428,0.369,-2.485,-9.866,0.001,0.001,0.000,1.922,-5.766,0.000,0.000,0,19.852,7.422,-32.207,0.500,-0.345,0.602,-0.518,0.000,0.000,0.370,-6.906,1,1,14153,14220,14187,14165,-105.674,-87.858,14.129,0,0,0,0,0,0,0
987890,1,938.359,643.053,650.261,40.260,-0.000,0.000,0.144,-0.225,0.360,-2.479,-9.850,-0.000,0.001,0.000,8.649,-6.727,-2.883,0.000,0,20.132,7.688,-31.955,0.499,-0.345,0.602,-0.518,-0.000,0.000,0.354,-6.928,1,1,14156,14232,14186,14163,-105.711,-87.906,14.119,0,0,0,0,0,0,0
988890,1,938.309,643.494,650.261,40.260,-0.000,0.000,0.178,0.173,0.369,-2.475,-9.855,0.001,0.001,0.001,3.844,-8.649,-3.844,0.000,0,20.132,7.702,-30.583,0.499,-0.345,0.602,-0.518,-0.004,-0.000,0.358,-6.845,1,1,14155,14214,14187,14162,-105.721,-87.838,14.098,0,0,0,0,0,0,0
989890,1,938.326,643.346,650.261,40.270,-0.000,0.000,0.130,0.047,0.363,-2.481,-9.863,-0.000,0.002,0.000,4.805,-1.922,-6.727,0.000,0,20.020,7.800,-32.151,0.499,-0.345,0.603,-0.518,0.000,0.000,0.367,-6.912,1,1,14157,14215,14189,14159,-105.760,-87.894,14.112,0,0,0,0,0,0,0
990890,1,938.320,643.396,650.261,40.280,-0.000,-0.000,0.097,0.099,0.357,-2.481,-9.868,0.001,0.001,0.001,11.532,-5.766,-10.571,0.000,0,20.188,7.408,-31.283,0.499,-0.345,0.602,-0.519,-0.020,0.002,0.371,-6.919,1,1,14142,14214,14188,14176,-105.770,-87.816,14.125,0,0,0,0,0,0,0
991890,1,938.331,643.299,650.261,40.290,-0.001,-0.000,0.117,-0.010,0.373,-2.471,-9.864,0.001,0.002,0.000,6.727,-2.883,-13.454,0.000,0,20.118,7.450,-31.367,0.499,-0.345,0.602,-0.519,0.002,-0.002,0.366,-6.889,1,1,14154,14217,14189,14157,-105.809,-87.844,14.057,0,0,0,0,0,0,0
992890,1,938.329,643.322,650.261,40.300,-0.000,0.000,0.156,-0.031,0.359,-2.480,-9.862,0.001,0.001,0.000,1.922,-3.844,0.000,0.000,0,20.202,7.772,-31.227,0.499,-0.345,0.603,-0.519,-0.000,-0.000,0.366,-6.807,1,1,14137,14218,14172,14154,-105.854,-87.916,14.107,0,0,0,0,0,0,0
993890,1,938.320,643.396,650.261,40.300,-0.000,0.000,0.104,0.046,0.360,-2.481,-9.867,0.001,0.001,0.000,3.844,-3.844,-2.883,0.000,0,20.118,7.800,-31.745,0.499,-0.344,0.603,-0.519,-0.007,0.002,0.370,-6.847,1,1,14154,14214,14184,14162,-105.875,-87.871,14.109,0,0,0,0,0,0,0
994890,1,938.358,643.058,650.261,40.300,-0.001,0.000,-0.009,-0.245,0.358,-2.489,-9.856,0.001,0.001,0.001,5.766,-1.922,-19.220,0.000,0,19.992,8.052,-31.969,0.499,-0.344,0.603,-0.519,-0.002,0.005,0.362,-6.957,1,1,14158,14219,14188,14166,-105.913,-87.904,14.141,0,0,0,0,0,0,0
995890,1,938.290,643.663,650.261,40.310,-0.000,-0.000,0.107,0.369,0.365,-2.490,-9.855,0.001,0.002,0.000,10.571,-4.805,-14.415,0.000,0,19.964,7.632,-31.829,0.499,-0.344,0.603,-0.519,-0.000,0.000,0.361,-6.941,1,1,14158,14223,14191,14166,-105.940,-87.879,14.170,0,0,0,0,0,0,0
996890,1,938.329,643.320,650.261,40.320,-0.000,0.000,0.158,-0.026,0.366,-2.484,-9.863,0.001,0.001,0.001,1.922,-1.922,0.000,0.000,0,20.230,7.226,-31.689,0.498,-0.344,0.603,-0.519,-0.000,0.000,0.368,-6.816,1,1,14154,14218,14183,14164,-105.967,-87.874,14.126,0,0,0,0,0,0,0
997890,1,938.318,643.417,650.261,40.320,-0.000,-0.000,0.124,0.102,0.360,-2.481,-9.868,0.001,0.001,0.000,6.727,-5.766,-11.532,0.000,0,20.132,7.800,-31.703,0.498,-0.344,0.604,-0.519,0.003,-0.004,0.372,-6.885,1,1,14123,14213,14186,14160,-106.009,-87.932,14.122,0,0,0,0,0,0,0
998890,1,938.335,643.270,650.261,40.330,-0.000,-0.000,0.094,-0.037,0.363,-2.479,-9.861,0.001,0.001,0.001,5.766,-2.883,1.922,0.000,0,20.538,7.464,-31.619,0.498,-0.344,0.603,-0.520,-0.000,-0.000,0.364,-6.909,1,1,14159,14217,14184,14162,-106.031,-87.894,14.101,0,0,0,0,0,0,0
999890,1,938.290,643.669,650.261,40.340,-0.000,-0.000,0.211,0.282,0.363,-2.485,-9.849,0.001,0.002,0.000,5.766,-2.883,-6.727,0.000,0,19.852,7.282,-32.347,0.498,-0.344,0.604,-0.519,0.010,0.004,0.354,-6.750,1,1,14154,14219,14187,14157,-106.069,-87.938,14.118,0,0,0,0,0,0,0
1000890,1,938.313,643.457,650.261,40.340,-0.000,-0.000,0.143,0.035,0.365,-2.486,-9.873,0.001,0.001,0.000,1.922,-3.844,-8.649,0.000,0,19.656,7.548,-32.907,0.498,-0.343,0.604,-0.520,-0.000,0.000,0.378,-6.745,1,1,14186,14219,14193,14156,-106.082,-87.883,14.126,0,0,0,0,0,0,0
1001890,1,938.309,643.497,650.261,40.350,-0.000,-0.000,0.108,0.123,0.353,-2.478,-9.864,0.001,0.002,0.000,7.688,-5.766,-11.532,0.000,0,20.258,7.772,-31.633,0.497,-0.344,0.604,-0.520,-0.001,0.000,0.367,-6.853,1,1,14151,14221,14189,14164,-106.131,-87.948,14.092,0,0,0,0,0,0,0
1002890,1,938.352,643.119,650.261,40.350,-0.000,-0.000,0.102,-0.281,0.363,-2.486,-9.870,-0.000,0.002,0.000,9.610,-3.844,-2.883,0.000,0,19.712,7.548,-30.695,0.497,-0.343,0.604,-0.520,-0.000,-0.000,0.375,-6.788,1,1,14152,14226,14185,14161,-106.154,-87.895,14.128,0,0,0,0,0,0,0
1003890,1,938.317,643.423,650.261,40.360,-0.000,-0.000,0.187,0.043,0.365,-2.484,-9.857,0.001,0.002,0.000,4.805,0.000,-5.766,0.000,0,20.244,7.814,-31.437,0.497,-0.343,0.604,-0.520,-0.000,0.000,0.362,-6.817,1,1,14168,14221,14197,14162,-106.177,-87.879,14.134,0,0,0,0,0,0,0
1004890,1,938.342,643.206,650.261,40.360,-0.000,-0.000,0.037,-0.145,0.366,-2.480,-9.855,0.001,0.002,0.000,7.688,-7.688,-11.532,0.000,0,20.118,7.422,-30.289,0.497,-0.343,0.604,-0.520,0.006,-0.002,0.359,-6.879,1,1,14141,14225,14188,14165,-106.211,-87.905,14.118,0,0,0,0,0,0,0
1005890,1,938.303,643.550,650.261,40.370,0.000,-0.000,0.109,0.173,0.364,-2.480,-9.868,0.001,0.001,0.000,2.883,-1.922,-8.649,0.000,0,20.594,7.660,-30.331,0.497,-0.343,0.604,-0.520,-0.000,-0.000,0.371,-6.826,1,1,14152,14217,14185,14166,-106.244,-87.888,14.097,0,0,0,0,0,0,0
1006890,1,938.334,643.277,650.261,40.380,0.000,-0.000,0.103,-0.119,0.373,-2.479,-9.863,-0.000,0.002,0.000,2.883,-4.805,2.883,0.000,0,20.328,7.436,-31.815,0.497,-0.343,0.604,-0.521,0.010,0.004,0.367,-6.797,1,1,14157,14211,14188,14164,-106.270,-87.879,14.063,0,0,0,0,0,0,0
1007890,1,938.351,643.124,650.261,40.390,0.000,-0.000,0.012,-0.186,0.358,-2.495,-9.851,0.001,0.002,0.000,9.610,-5.766,-16.337,0.000,0,19.684,7.716,-31.311,0.497,-0.342,0.605,-0.520,-0.001,0.001,0.359,-6.954,1,1,14140,14218,14190,14161,-106.312,-87.916,14.198,0,0,0,0,0,0,0
1008890,1,938.293,643.637,650.261,40.390,-0.000,-0.000,0.212,0.274,0.372,-2.483,-9.868,0.001,0.002,0.000,8.649,-2.883,-9.610,0.000,0,19.908,7.926,-31.703,0.497,-0.342,0.604,-0.521,0.004,-0.002,0.372,-6.804,1,1,14123,14219,14188,14162,-106.330,-87.863,14.115,0,0,0,0,0,0,0
1009890,1,938.302,643.557,650.261,40.400,0.000,-0.000,0.219,0.101,0.359,-2.484,-9.863,0.001,0.002,0.001,6.727,-6.727,-14.415,0.000,0,19.908,7.660,-31.647,0.496,-0.342,0.605,-0.521,0.001,-0.007,0.368,-6.670,1,1,14156,14220,14185,14164,-106.378,-87.931,14.157,0,0,0,0,0,0,0
1010890,1,938.336,643.254,650.261,40.410,0.000,-0.000,0.105,-0.167,0.358,-2.479,-9.863,0.001,0.002,0.000,3.844,-2.883,-3.844,0.000,0,19.558,8.150,-31.423,0.496,-0.342,0.605,-0.521,-0.001,0.000,0.366,-6.783,1,1,14158,14222,14184,14159,-106.398,-87.918,14.100,0,0,0,0,0,0,0
1011890,1,938.310,643.486,650.261,40.410,0.000,-0.000,0.103,0.119,0.364,-2.478,-9.863,0.001,0.001,0.000,12.493,-2.883,-19.220,0.000,0,19.530,7.590,-32.683,0.496,-0.342,0.604,-0.521,-0.000,-0.000,0.366,-6.868,1,1,14155,14217,14182,14165,-106.418,-87.888,14.091,0,0,0,0,0,0,0
1012890,1,938.310,643.486,650.261,40.420,0.000,-0.000,0.205,0.029,0.359,-2.483,-9.855,0.001,0.002,0.000,6.727,-15.376,-7.688,0.000,0,19.866,7.632,-32.347,0.496,-0.341,0.605,-0.521,0.000,-0.000,0.359,-6.681,1,1,14134,14216,14191,14162,-106.454,-87.913,14.129,0,0,0,0,0,0,0
1013890,1,938.305,643.531,650.261,40.420,0.000,-0.000,0.105,0.156,0.372,-2.483,-9.860,0.001,0.002,0.000,5.766,-2.883,0.000,0.000,0,19.516,7.464,-32.305,0.496,-0.341,0.605,-0.521,0.008,-0.000,0.364,-6.867,1,1,14152,14217,14186,14157,-106.473,-87.882,14.112,0,0,0,0,0,0,0
1014890,1,938.289,643.679,650.261,40.430,0.000,-0.000,0.134,0.256,0.360,-2.473,-9.857,-0.000,0.001,0.000,7.688,-5.766,-17.298,0.000,0,19.880,7.730,-31.535,0.496,-0.341,0.605,-0.522,-0.000,0.000,0.359,-6.761,1,1,14154,14220,14191,14162,-106.506,-87.907,14.075,0,0,0,0,0,0,0
1015890,1,938.295,643.621,650.261,40.440,0.000,0.000,0.153,0.132,0.357,-2.475,-9.861,-0.000,0.002,0.001,2.883,-4.805,-11.532,0.000,0,20.272,7.058,-31.787,0.496,-0.341,0.605,-0.522,-0.005,-0.003,0.363,-6.676,1,1,14151,14215,14182,14168,-106.535,-87.907,14.108,0,0,0,0,0,0,0
1016890,1,938.303,643.550,650.261,40.440,0.000,0.000,0.032,0.063,0.370,-2.484,-9.864,0.001,0.002,0.000,0.961,-4.805,0.961,0.000,0,19.992,7.744,-31.969,0.496,-0.341,0.605,-0.522,0.006,-0.001,0.369,-6.734,1,1,14130,14224,14180,14168,-106.557,-87.883,14.121,0,0,0,0,0,0,0
1017890,1,938.334,643.272,650.261,40.450,0.000,0.000,0.038,-0.234,0.367,-2.480,-9.863,0.001,0.002,0.000,9.610,-6.727,-15.376,0.000,0,19.810,7.562,-31.997,0.496,-0.341,0.605,-0.522,0.000,0.000,0.367,-6.711,1,1,14160,14218,14186,14164,-106.579,-87.865,14.106,0,0,0,0,0,0,0
1018890,1,938.310,643.486,650.261,40.460,0.000,0.000,0.113,0.015,0.373,-2.475,-9.862,0.001,0.002,0.000,2.883,-0.961,0.000,0.000,0,19.880,7.926,-33.621,0.495,-0.341,0.605,-0.522,0.001,-0.004,0.365,-6.770,1,1,14165,14217,14188,14164,-106.601,-87.842,14.097,0,0,0,0,0,0,0
1019890,1,938.275,643.795,650.261,40.460,0.000,0.000,0.208,0.312,0.363,-2.468,-9.855,-0.000,0.001,0.000,6.727,-6.727,0.000,0.000,0,20.174,7.870,-32.837,0.495,-0.341,0.605,-0.522,-0.000,-0.000,0.356,-6.693,1,1,14150,14211,14187,14159,-106.640,-87.892,14.050,0,0,0,0,0,0,0
1020890,1,938.323,643.378,650.261,40.470,0.000,0.000,0.145,-0.144,0.358,-2.478,-9.861,-0.000,0.001,0.000,0.961,-5.766,-1.922,0.000,0,20.230,7.604,-32.277,0.495,-0.340,0.605,-0.522,-0.004,0.005,0.364,-6.644,1,1,14154,14216,14192,14156,-106.675,-87.894,14.079,0,0,0,0,0,0,0
1021890,1,938.318,643.417,650.261,40.470,0.000,0.000,0.135,-0.117,0.371,-2.479,-9.870,0.001,0.002,0.000,6.727,-9.610,-16.337,0.000,0,19.474,7.912,-31.115,0.495,-0.340,0.605,-0.522,0.005,-0.006,0.374,-6.642,1,1,14147,14218,14189,14163,-106.701,-87.882,14.109,0,0,0,0,0,0,0
1022890,1,938.314,643.452,650.261,40.480,-0.000,0.000,0.126,-0.030,0.351,-2.485,-9.855,-0.000,0.002,0.000,3.844,-6.727,-17.298,0.000,0,19.502,7.660,-31.465,0.495,-0.340,0.606,-0.522,-0.004,0.008,0.359,-6.747,1,1,14156,14220,14186,14164,-106.738,-87.928,14.110,0,0,0,0,0,0,0
1023890,1,938.333,643.285,650.261,40.490,0.000,0.000,0.093,-0.176,0.369,-2.477,-9.862,0.001,0.002,0.000,9.610,-2.883,-15.376,0.000,0,19.950,8.010,-32.949,0.495,-0.340,0.605,-0.523,0.000,0.000,0.365,-6.756,1,1,14154,14214,14190,14166,-106.746,-87.859,14.088,0,0,0,0,0,0,0
1024890,1,938.322,643.383,650.261,40.490,-0.000,0.000,0.133,-0.082,0.371,-2.480,-9.867,0.001,0.002,0.000,6.727,-3.844,-18.259,0.000,0,19.614,7.856,-32.067,0.495,-0.340,0.605,-0.523,0.004,-0.001,0.371,-6.730,1,1,14129,14205,14189,14154,-106.785,-87.867,14.101,0,0,0,0,0,0,0
1025890,1,938.249,644.025,650.261,40.500,-0.000,0.000,0.153,0.560,0.357,-2.481,-9.870,-0.000,0.002,0.000,8.649,-4.805,-18.259,0.000,0,19.824,8.290,-33.117,0.494,-0.340,0.606,-0.523,-0.001,0.001,0.374,-6.740,1,1,14160,14215,14187,14160,-106.825,-87.924,14.101,0,0,0,0,0,0,0
1026890,1,938.278,643.772,650.261,40.510,0.000,-0.000,0.118,0.239,0.360,-2.468,-9.864,0.001,0.002,0.000,6.727,-4.805,-19.220,0.000,0,19.810,8.164,-32.977,0.494,-0.340,0.606,-0.523,-0.000,-0.000,0.365,-6.637,1,1,14159,14215,14188,14160,-106.846,-87.908,14.038,0,0,0,0,0,0,0
1027890,1,938.314,643.454,650.261,40.510,0.000,0.000,0.215,-0.094,0.359,-2.475,-9.857,0.001,0.002,0.000,5.766,-5.766,-16.337,0.000,0,19.404,8.248,-32.473,0.494,-0.339,0.606,-0.523,-0.002,-0.002,0.360,-6.610,1,1,14138,14222,14185,14164,-106.874,-87.908,14.101,0,0,0,0,0,0,0
1028890,1,938.290,643.669,650.261,40.520,0.000,0.000,0.095,0.171,0.363,-2.478,-9.862,-0.000,0.002,0.000,2.883,0.000,-8.649,0.000,0,19.768,8.514,-32.081,0.494,-0.339,0.606,-0.523,0.000,-0.000,0.365,-6.716,1,1,14154,14213,14188,14161,-106.896,-87.894,14.094,0,0,0,0,0,0,0
1029890,1,938.335,643.264,650.261,40.530,-0.000,0.000,0.144,-0.197,0.377,-2.480,-9.867,0.001,0.002,0.000,8.649,-4.805,-18.259,0.000,0,19.810,8.080,-32.795,0.494,-0.339,0.606,-0.523,0.007,-0.004,0.371,-6.755,1,1,14154,14215,14184,14168,-106.911,-87.856,14.111,0,0,0,0,0,0,0
1030890,1,938.330,643.309,650.261,40.530,0.000,0.000,0.113,-0.178,0.363,-2.484,-9.864,0.001,0.002,0.000,5.766,0.000,-21.142,0.000,0,20.272,7.982,-32.081,0.494,-0.339,0.606,-0.523,0.000,-0.000,0.369,-6.701,1,1,14160,14218,14189,14165,-106.950,-87.893,14.123,0,0,0,0,0,0,0
1031890,1,938.324,643.359,650.261,40.530,0.000,-0.000,0.150,-0.140,0.372,-2.481,-9.866,-0.000,0.002,0.000,6.727,-4.805,-14.415,0.000,0,19.474,8.514,-31.171,0.494,-0.339,0.606,-0.524,0.011,-0.004,0.370,-6.680,1,1,14168,14230,14186,14158,-106.975,-87.904,14.110,0,0,0,0,0,0,0
1032890,1,938.277,643.777,650.261,40.540,0.000,0.000,0.157,0.288,0.361,-2.483,-9.863,0.001,0.002,0.000,6.727,-2.883,0.000,0.000,0,19.362,7.800,-31.437,0.494,-0.339,0.606,-0.524,0.000,-0.000,0.367,-6.712,1,1,14134,14217,14187,14159,-107.002,-87.899,14.119,0,0,0,0,0,0,0
1033890,1,938.332,643.291,650.261,40.550,0.000,-0.000,0.130,-0.184,0.366,-2.478,-9.869,0.001,0.001,0.000,7.688,1.922,-14.415,0.000,0,20.076,7.982,-31.535,0.493,-0.339,0.606,-0.524,0.000,-0.000,0.372,-6.726,1,1,14153,14215,14189,14159,-107.017,-87.873,14.084,0,0,0,0,0,0,0
1034890,1,938.340,643.219,650.261,40.550,0.000,-0.000,0.152,-0.281,0.365,-2.483,-9.867,0.001,0.002,0.000,0.961,-2.883,-0.961,0.000,0,19.572,7.884,-32.011,0.494,-0.338,0.606,-0.524,-0.003,-0.003,0.371,-6.665,1,1,14146,14216,14184,14156,-107.040,-87.869,14.132,0,0,0,0,0,0,0
1035890,1,938.307,643.515,650.261,40.570,-0.000,-0.000,0.064,0.048,0.356,-2.481,-9.866,-0.000,0.002,0.000,4.805,-3.844,0.000,0.000,0,19.754,7.646,-31.801,0.493,-0.338,0.607,-0.524,-0.000,0.000,0.369,-6.775,1,1,14126,14217,14185,14168,-107.090,-87.938,14.110,0,0,0,0,0,0,0
1036890,1,938.347,643.159,650.261,40.570,-0.000,-0.000,0.137,-0.355,0.366,-2.477,-9.849,-0.000,0.001,0.000,6.727,0.000,-2.883,0.000,0,19.978,7.814,-31.101,0.493,-0.338,0.606,-0.524,0.003,-0.001,0.352,-6.666,1,1,14140,14219,14183,14161,-107.101,-87.883,14.105,0,0,0,0,0,0,0
1037890,1,938.264,643.898,650.261,40.570,0.000,-0.000,0.147,0.340,0.375,-2.483,-9.872,0.001,0.001,0.000,6.727,-2.883,-12.493,0.000,0,19.600,7.856,-31.213,0.493,-0.338,0.606,-0.525,-0.000,0.000,0.376,-6.610,1,1,14156,14224,14187,14164,-107.116,-87.827,14.107,0,0,0,0,0,0,0
1038890,1,938.277,643.782,650.261,40.580,-0.000,0.000,0.096,0.233,0.360,-2.479,-9.873,0.001,0.002,0.000,3.844,-7.688,4.805,0.000,0,19.796,8.108,-30.751,0.493,-0.338,0.607,-0.524,0.002,-0.001,0.376,-6.662,1,1,14150,14218,14188,14164,-107.171,-87.921,14.086,0,0,0,0,0,0,0
1039890,1,938.297,643.608,650.261,40.590,0.000,0.000,0.199,-0.004,0.365,-2.479,-9.862,0.001,0.002,0.000,6.727,-2.883,0.000,0.000,0,20.118,8.108,-32.081,0.493,-0.338,0.607,-0.525,0.000,-0.000,0.365,-6.542,1,1,14157,14220,14188,14159,-107.188,-87.879,14.100,0,0,0,0,0,0,0
1040890,1,938.323,643.373,650.261,40.600,-0.000,0.000,0.047,-0.193,0.372,-2.473,-9.874,0.001,0.001,0.000,2.883,-2.883,-20.181,0.000,0,19.292,7.982,-31.143,0.493,-0.338,0.607,-0.525,0.003,-0.007,0.376,-6.667,1,1,14160,14208,14185,14160,-107.210,-87.870,14.080,0,0,0,0,0,0,0
1041890,1,938.292,643.653,650.261,40.600,-0.000,0.000,0.115,0.120,0.354,-2.490,-9.880,0.001,0.001,0.001,6.727,-2.883,-8.649,0.000,0,19.698,7.772,-32.235,0.492,-0.337,0.607,-0.524,-0.005,-0.000,0.385,-6.693,1,1,14154,14206,14189,14165,-107.246,-87.919,14.146,0,0,0,0,0,0,0
1042890,1,938.276,643.793,650.261,40.610,-0.000,0.000,0.118,0.242,0.365,-2.480,-9.875,0.001,0.002,0.001,1.922,-3.844,-1.922,0.000,0,20.034,8.010,-31.367,0.492,-0.337,0.607,-0.525,-0.000,-0.000,0.378,-6.642,1,1,14156,14215,14192,14164,-107.263,-87.883,14.089,0,0,0,0,0,0,0
1043890,1,938.282,643.737,650.261,40.620,-0.000,0.000,0.045,0.189,0.363,-2.477,-9.858,0.002,0.002,0.000,2.883,-4.805,-0.961,0.000,0,19.292,7.604,-31.311,0.492,-0.337,0.607,-0.525,0.000,0.000,0.361,-6.680,1,1,14156,14218,14186,14168,-107.293,-87.892,14.093,0,0,0,0,0,0,0
1044890,1,938.285,643.706,650.261,40.620,-0.000,-0.000,0.159,0.069,0.371,-2.475,-9.862,0.001,0.001,0.000,2.883,-2.883,1.922,0.000,0,20.188,7.828,-31.703,0.492,-0.337,0.607,-0.525,0.000,0.000,0.365,-6.517,1,1,14156,14207,14190,14162,-107.311,-87.846,14.083,0,0,0,0,0,0,0
1045890,1,938.293,643.634,650.261,40.630,-0.000,0.000,0.054,0.011,0.370,-2.472,-9.869,0.001,0.001,0.000,4.805,-6.727,-14.415,0.000,0,20.076,7.464,-31.885,0.492,-0.337,0.607,-0.525,-0.003,-0.009,0.371,-6.595,1,1,14156,14215,14176,14164,-107.337,-87.853,14.100,0,0,0,0,0,0,0
1046890,1,938.304,643.536,650.261,40.630,-0.001,0.000,0.105,-0.096,0.350,-2.483,-9.867,0.001,0.002,0.000,6.727,-5.766,-10.571,0.000,0,19.908,7.856,-32.921,0.492,-0.337,0.608,-0.525,-0.003,0.000,0.370,-6.580,1,1,14157,14224,14185,14165,-107.392,-87.956,14.119,0,0,0,0,0,0,0
1047890,1,938.302,643.560,650.261,40.640,-0.000,0.000,0.138,-0.090,0.367,-2.487,-9.863,-0.000,0.002,0.000,5.766,0.000,-0.961,0.000,0,19.936,7.954,-31.017,0.492,-0.336,0.607,-0.525,0.004,0.004,0.369,-6.540,1,1,14129,14209,14189,14160,-107.401,-87.880,14.118,0,0,0,0,0,0,0
1048890,1,938.328,643.330,650.261,40.650,-0.000,-0.000,0.039,-0.240,0.364,-2.479,-9.869,-0.000,0.001,0.000,12.493,-9.610,-19.220,0.000,0,19.460,8.108,-32.333,0.491,-0.336,0.607,-0.526,0.000,-0.000,0.372,-6.700,1,1,14128,14224,14183,14165,-107.433,-87.887,14.089,0,0,0,0,0,0,0
1049890,1,938.258,643.951,650.261,40.650,-0.000,-0.000,0.198,0.312,0.366,-2.475,-9.866,0.001,0.002,0.001,3.844,-6.727,-14.415,0.000,0,19.950,7.744,-32.389,0.491,-0.336,0.608,-0.526,0.002,-0.009,0.368,-6.521,1,1,14162,14220,14190,14161,-107.464,-87.899,14.117,0,0,0,0,0,0,0
1050890,1,938.276,643.790,650.261,40.660,-0.001,-0.000,0.110,0.164,0.365,-2.480,-9.867,0.001,0.002,0.000,2.883,-5.766,-10.571,0.000,0,19.740,7.814,-33.173,0.491,-0.336,0.608,-0.526,0.000,-0.000,0.370,-6.581,1,1,14153,14216,14189,14165,-107.486,-87.881,14.101,0,0,0,0,0,0,0
1051890,1,938.281,643.750,650.261,40.670,-0.000,-0.000,0.142,0.119,0.370,-2.479,-9.864,-0.000,0.002,0.000,3.844,-0.961,-3.844,0.000,0,20.020,8.150,-32.767,0.491,-0.336,0.608,-0.526,-0.000,0.000,0.368,-6.555,1,1,14158,14224,14190,14162,-107.507,-87.854,14.098,0,0,0,0,0,0,0
1052890,1,938.277,643.782,650.261,40.670,-0.001,-0.000,0.102,0.165,0.360,-2.490,-9.857,0.001,0.002,0.000,9.610,-3.844,-1.922,0.000,0,19.866,7.618,-31.829,0.491,-0.336,0.608,-0.526,0.001,0.003,0.363,-6.594,1,1,14154,14218,14198,14164,-107.547,-87.905,14.154,0,0,0,0,0,0,0
1053890,1,938.274,643.806,650.261,40.680,-0.001,-0.000,0.228,0.150,0.369,-2.487,-9.868,0.001,0.002,0.000,4.805,-5.766,-14.415,0.000,0,19.880,7.982,-32.039,0.491,-0.335,0.608,-0.526,-0.000,-0.000,0.373,-6.503,1,1,14155,14217,14188,14164,-107.558,-87.860,14.137,0,0,0,0,0,0,0
1054890,1,938.305,643.528,650.261,40.690,-0.001,-0.000,0.026,-0.043,0.360,-2.480,-9.869,0.001,0.002,0.000,6.727,-2.883,-24.025,0.000,0,20.146,8.010,-32.445,0.491,-0.335,0.608,-0.526,-0.002,-0.002,0.373,-6.691,1,1,14154,14208,14190,14168,-107.596,-87.903,14.109,0,0,0,0,0,0,0
1055890,1,938.273,643.814,650.261,40.700,-0.000,0.000,0.094,0.276,0.359,-2.483,-9.868,0.001,0.001,0.000,-0.961,-6.727,0.000,0.000,0,19.880,7.548,-32.375,0.491,-0.335,0.608,-0.526,-0.000,0.000,0.372,-6.712,1,1,14157,14223,14178,14162,-107.627,-87.916,14.113,0,0,0,0,0,0,0
1056890,1,938.270,643.840,650.261,40.700,-0.000,0.000,0.111,0.323,0.366,-2.481,-9.874,-0.000,0.001,0.000,9.610,-6.727,-6.727,0.000,0,19.474,7.450,-31.129,0.491,-0.335,0.608,-0.527,-0.003,0.000,0.378,-6.708,1,1,14126,14217,14186,14164,-107.645,-87.862,14.099,0,0,0,0,0,0,0
1057890,1,938.306,643.523,650.261,40.710,-0.001,0.000,0.091,-0.035,0.354,-2.471,-9.856,-0.000,0.001,0.000,4.805,0.000,-14.415,0.000,0,20.188,8.486,-31.213,0.490,-0.335,0.608,-0.527,-0.002,0.000,0.357,-6.647,1,1,14147,14220,14196,14164,-107.690,-87.934,14.065,0,0,0,0,0,0,0
1058890,1,938.300,643.576,650.261,40.710,-0.000,0.000,0.145,0.024,0.373,-2.487,-9.851,0.001,0.001,0.000,9.610,-0.961,0.000,0.000,0,20.188,7.842,-32.445,0.491,-0.334,0.608,-0.527,0.000,0.000,0.357,-6.643,1,1,14136,14215,14192,14164,-107.692,-87.828,14.163,0,0,0,0,0,0,0
1059890,1,938.301,643.565,650.261,40.710,-0.001,0.000,0.069,0.024,0.365,-2.479,-9.860,0.001,0.001,0.000,10.571,-2.883,-15.376,0.000,0,20.020,7.646,-31.969,0.490,-0.335,0.608,-0.527,0.000,-0.000,0.363,-6.676,1,1,14132,14220,14188,14163,-107.732,-87.878,14.102,0,0,0,0,0,0,0
1060890,1,938.321,643.394,650.261,40.720,-0.001,0.000,0.165,-0.241,0.354,-2.471,-9.861,0.001,0.002,0.000,4.805,-2.883,-3.844,0.000,0,20.160,8.178,-30.947,0.490,-0.335,0.609,-0.527,0.000,0.000,0.362,-6.509,1,1,14175,14226,14187,14162,-107.767,-87.942,14.058,0,0,0,0,0,0,0
1061890,1,938.287,643.695,650.261,40.720,-0.001,0.000,0.140,0.057,0.356,-2.477,-9.863,-0.000,0.001,0.000,8.649,-3.844,-16.337,0.000,0,20.020,8.052,-31.073,0.490,-0.335,0.608,-0.527,-0.010,0.003,0.366,-6.551,1,1,14160,14220,14187,14162,-107.777,-87.876,14.087,0,0,0,0,0,0,0
1062890,1,938.259,643.938,650.261,40.740,-0.001,0.000,0.143,0.309,0.367,-2.490,-9.862,-0.000,0.002,0.000,4.805,-5.766,-8.649,0.000,0,19.530,7.940,-32.291,0.490,-0.334,0.609,-0.527,-0.000,-0.000,0.368,-6.574,1,1,14160,14207,14189,14164,-107.803,-87.866,14.159,0,0,0,0,0,0,0
1063890,1,938.313,643.460,650.261,40.750,-0.001,0.000,0.027,-0.144,0.370,-2.474,-9.867,-0.000,0.002,0.000,4.805,-3.844,-0.961,0.000,0,20.062,7.786,-30.471,0.490,-0.334,0.609,-0.527,0.004,-0.006,0.369,-6.632,1,1,14124,14216,14188,14162,-107.832,-87.883,14.090,0,0,0,0,0,0,0
1064890,1,938.263,643.906,650.261,40.750,-0.000,0.000,0.195,0.260,0.361,-2.477,-9.867,0.001,0.001,0.000,2.883,-0.961,0.000,0.000,0,19.908,8.290,-31.689,0.489,-0.334,0.609,-0.527,-0.000,-0.000,0.369,-6.525,1,1,14147,14216,14189,14162,-107.866,-87.902,14.081,0,0,0,0,0,0,0
1065890,1,938.300,643.579,650.261,40.750,-0.000,0.000,0.078,-0.053,0.364,-2.477,-9.862,0.001,0.002,0.000,2.883,-3.844,-1.922,0.000,0,20.300,7.912,-32.921,0.490,-0.334,0.609,-0.528,-0.007,-0.000,0.365,-6.575,1,1,14158,14216,14193,14168,-107.879,-87.852,14.100,0,0,0,0,0,0,0
1066890,1,938.282,643.737,650.261,40.760,-0.000,0.000,0.092,0.101,0.369,-2.473,-9.855,0.001,0.002,0.000,5.766,-7.688,-14.415,0.000,0,20.398,7.786,-32.529,0.489,-0.334,0.609,-0.528,0.003,-0.005,0.357,-6.567,1,1,14160,14221,14193,14164,-107.913,-87.883,14.100,0,0,0,0,0,0,0
1067890,1,938.263,643.904,650.261,40.770,-0.000,0.001,0.155,0.290,0.365,-2.487,-9.856,0.001,0.002,0.000,8.649,-3.844,-19.220,0.000,0,20.006,8.192,-33.775,0.489,-0.333,0.609,-0.528,-0.002,0.006,0.362,-6.593,1,1,14158,14218,14187,14162,-107.932,-87.861,14.130,0,0,0,0,0,0,0
1068890,1,938.293,643.637,650.261,40.780,-0.000,0.000,0.168,-0.003,0.369,-2.477,-9.879,0.001,0.002,0.000,4.805,-3.844,-2.883,0.000,0,19.712,8.066,-33.061,0.489,-0.334,0.609,-0.528,-0.000,-0.000,0.381,-6.536,1,1,14160,14225,14191,14167,-107.959,-87.862,14.063,0,0,0,0,0,0,0
1069890,1,938.302,643.563,650.261,40.780,-0.000,0.001,0.061,-0.057,0.363,-2.475,-9.858,-0.000,0.002,0.000,6.727,-9.610,-8.649,0.000,0,20.104,7.646,-32.361,0.489,-0.333,0.609,-0.528,0.000,-0.000,0.361,-6.596,1,1,14130,14221,14192,14161,-107.996,-87.893,14.086,0,0,0,0,0,0,0
1070890,1,938.290,643.666,650.261,40.780,-0.000,0.000,0.115,0.052,0.367,-2.481,-9.861,0.001,0.001,0.000,0.961,-5.766,-10.571,0.000,0,20.132,7.898,-32.501,0.489,-0.333,0.609,-0.528,-0.001,-0.000,0.365,-6.608,1,1,14158,14216,14189,14159,-108.011,-87.862,14.117,0,0,0,0,0,0,0
1071890,1,938.268,643.859,650.261,40.790,0.000,0.000,0.201,0.231,0.370,-2.472,-9.863,0.001,0.001,-0.001,3.844,0.961,-2.883,0.000,0,19.796,7.856,-31.367,0.489,-0.333,0.609,-0.528,-0.001,-0.005,0.365,-6.545,1,1,14155,14221,14192,14159,-108.034,-87.854,14.086,0,0,0,0,0,0,0
1072890,1,938.266,643.875,650.261,40.800,-0.000,0.000,0.136,0.248,0.363,-2.480,-9.868,0.001,0.002,0.000,2.883,-3.844,-3.844,0.000,0,19.726,7.870,-32.543,0.488,-0.333,0.610,-0.528,0.007,0.001,0.371,-6.570,1,1,14148,14224,14193,14164,-108.083,-87.930,14.085,0,0,0,0,0,0,0
1073890,1,938.277,643.777,650.261,40.800,-0.000,0.000,0.168,0.070,0.360,-2.484,-9.866,0.001,0.002,0.001,7.688,0.000,-2.883,0.000,0,19.922,7.786,-32.445,0.489,-0.333,0.609,-0.529,-0.007,0.006,0.370,-6.442,1,1,14150,14216,14192,14164,-108.098,-87.862,14.105,0,0,0,0,0,0,0
1074890,1,938.281,643.750,650.261,40.820,-0.000,0.000,0.068,0.080,0.369,-2.489,-9.857,-0.000,0.002,0.000,3.844,-2.883,-5.766,0.000,0,20.104,8.290,-30.975,0.488,-0.332,0.610,-0.528,0.006,0.003,0.363,-6.571,1,1,14151,14216,14192,14164,-108.131,-87.885,14.133,0,0,0,0,0,0,0
1075890,1,938.282,643.735,650.261,40.820,-0.000,0.000,0.238,-0.017,0.361,-2.471,-9.864,0.001,0.001,0.000,5.766,-5.766,-14.415,0.000,0,19.586,8.444,-32.585,0.488,-0.333,0.610,-0.529,-0.000,0.000,0.366,-6.388,1,1,14128,14218,14192,14163,-108.160,-87.902,14.053,0,0,0,0,0,0,0
1076890,1,938.304,643.542,650.261,40.820,-0.000,0.000,0.012,-0.129,0.372,-2.486,-9.879,0.001,0.002,0.000,4.805,-3.844,-9.610,0.000,0,20.216,8.374,-32.739,0.488,-0.332,0.609,-0.529,0.000,0.000,0.384,-6.586,1,1,14138,14214,14192,14162,-108.172,-87.842,14.119,0,0,0,0,0,0,0
1077890,1,938.283,643.729,650.261,40.840,-0.000,0.000,0.145,0.088,0.373,-2.477,-9.879,0.001,0.002,0.000,3.844,-9.610,-2.883,0.000,0,19.600,8.248,-32.431,0.488,-0.332,0.610,-0.529,0.005,-0.009,0.381,-6.586,1,1,14160,14213,14185,14159,-108.204,-87.876,14.101,0,0,0,0,0,0,0
1078890,1,938.269,643.853,650.261,40.840,-0.000,0.000,0.075,0.238,0.361,-2.474,-9.860,0.001,0.001,0.000,3.844,-5.766,-2.883,0.000,0,20.174,8.192,-31.801,0.488,-0.332,0.610,-0.529,0.000,-0.000,0.362,-6.617,1,1,14164,14218,14191,14168,-108.239,-87.899,14.076,0,0,0,0,0,0,0
1079890,1,938.269,643.851,650.261,40.850,-0.000,0.000,0.156,0.209,0.363,-2.473,-9.866,0.001,0.001,0.000,7.688,-5.766,-18.259,0.000,0,20.076,8.122,-31.353,0.488,-0.332,0.610,-0.529,-0.006,-0.003,0.367,-6.549,1,1,14155,14221,14189,14164,-108.260,-87.866,14.089,0,0,0,0,0,0,0
1080890,1,938.296,643.613,650.261,40.850,-0.000,0.000,0.217,-0.038,0.367,-2.471,-9.868,0.001,0.002,0.000,8.649,-0.961,-2.883,0.000,0,19.908,7.478,-31.773,0.487,-0.332,0.610,-0.530,0.000,-0.000,0.369,-6.523,1,1,14150,14219,14186,14165,-108.288,-87.867,14.046,0,0,0,0,0,0,0
1081890,1,938.282,643.737,650.261,40.860,-0.001,0.001,0.128,0.053,0.359,-2.471,-9.863,0.001,0.002,0.000,2.883,0.000,0.000,0.000,0,19.670,7.884,-31.437,0.487,-0.332,0.610,-0.529,0.001,-0.010,0.364,-6.489,1,1,14160,14209,14183,14168,-108.338,-87.940,14.102,0,0,0,0,0,0,0
1082890,1,938.292,643.645,650.261,40.870,-0.000,0.001,0.063,-0.029,0.366,-2.489,-9.869,0.001,0.001,0.001,7.688,-4.805,-16.337,0.000,0,19.628,8.304,-32.725,0.488,-0.331,0.610,-0.529,-0.000,0.000,0.375,-6.548,1,1,14155,14218,14183,14161,-108.347,-87.874,14.143,0,0,0,0,0,0,0
1083890,1,938.268,643.864,650.261,40.880,-0.000,0.000,0.060,0.247,0.369,-2.481,-9.864,0.001,0.001,0.000,4.805,-6.727,-11.532,0.000,0,20.020,7.772,-31.969,0.487,-0.331,0.610,-0.530,0.003,-0.001,0.368,-6.650,1,1,14136,14205,14192,14159,-108.374,-87.875,14.110,0,0,0,0,0,0,0
1084890,1,938.311,643.481,650.261,40.880,-0.000,0.000,0.093,-0.125,0.364,-2.480,-9.862,0.001,0.001,0.000,5.766,-6.727,3.844,0.000,0,19.684,8.024,-32.053,0.487,-0.331,0.610,-0.530,0.002,-0.001,0.366,-6.619,1,1,14196,14220,14179,14168,-108.408,-87.897,14.107,0,0,0,0,0,0,0
1085890,1,938.324,643.362,650.261,40.880,-0.000,0.000,0.067,-0.217,0.361,-2.477,-9.861,0.001,0.002,0.001,1.922,1.922,0.000,0.000,0,20.062,7.828,-31.227,0.487,-0.331,0.610,-0.530,-0.003,0.001,0.364,-6.659,1,1,14131,14226,14189,14170,-108.432,-87.883,14.088,0,0,0,0,0,0,0
1086890,1,938.266,643.880,650.261,40.890,-0.000,0.000,0.178,0.285,0.372,-2.480,-9.873,0.001,0.002,0.000,9.610,-3.844,-7.688,0.000,0,20.216,8.262,-31.129,0.487,-0.331,0.611,-0.530,0.010,-0.008,0.376,-6.595,1,1,14142,14214,14194,14168,-108.460,-87.909,14.114,0,0,0,0,0,0,0
1087890,1,938.297,643.600,650.261,40.900,-0.001,0.000,0.112,-0.072,0.361,-2.484,-9.870,0.001,0.001,0.001,3.844,-3.844,0.000,0.000,0,20.174,8.024,-31.367,0.487,-0.331,0.611,-0.530,0.000,0.000,0.375,-6.481,1,1,14138,14218,14187,14169,-108.479,-87.902,14.116,0,0,0,0,0,0,0
1088890,1,938.325,643.354,650.261,40.910,-0.001,0.000,0.033,-0.280,0.360,-2.475,-9.864,0.001,0.002,0.000,7.688,-7.688,-13.454,0.000,0,20.370,7.786,-31.101,0.487,-0.331,0.610,-0.530,-0.006,0.002,0.367,-6.603,1,1,14132,14215,14179,14161,-108.493,-87.874,14.076,0,0,0,0,0,0,0
1089890,1,938.281,643.745,650.261,40.910,-0.001,0.000,0.181,0.063,0.359,-2.478,-9.875,0.001,0.002,0.000,8.649,-3.844,-11.532,0.000,0,19.950,7.338,-30.891,0.486,-0.331,0.611,-0.530,-0.006,0.001,0.378,-6.486,1,1,14160,14219,14192,14164,-108.521,-87.887,14.083,0,0,0,0,0,0,0
1090890,1,938.312,643.476,650.261,40.910,-0.001,0.000,0.055,-0.178,0.359,-2.478,-9.860,0.001,0.001,0.000,6.727,-3.844,-14.415,0.000,0,19.796,7.758,-32.725,0.486,-0.331,0.611,-0.530,0.000,-0.000,0.363,-6.561,1,1,14170,14224,14189,14162,-108.551,-87.913,14.097,0,0,0,0,0,0,0
1091890,1,938.300,643.579,650.261,40.920,-0.001,0.000,0.115,-0.018,0.366,-2.474,-9.870,-0.000,0.001,0.000,0.961,-6.727,0.000,0.000,0,19.950,7.968,-33.005,0.486,-0.330,0.611,-0.531,0.000,0.000,0.372,-6.635,1,1,14156,14218,14183,14169,-108.566,-87.874,14.063,0,0,0,0,0,0,0
1092890,1,938.253,643.993,650.261,40.930,-0.001,0.000,0.165,0.329,0.366,-2.485,-9.882,0.001,0.001,-0.001,8.649,-4.805,-18.259,0.000,0,20.244,7.548,-32.613,0.486,-0.330,0.611,-0.531,0.000,0.000,0.387,-6.499,1,1,14150,14224,14190,14163,-108.587,-87.877,14.106,0,0,0,0,0,0,0
1093890,1,938.266,643.883,650.261,40.940,-0.001,0.000,0.113,0.220,0.353,-2.479,-9.864,0.001,0.002,0.000,5.766,-3.844,-11.532,0.000,0,20.174,7.898,-32.403,0.486,-0.330,0.611,-0.531,-0.006,0.001,0.367,-6.541,1,1,14162,14219,14202,14154,-108.624,-87.918,14.104,0,0,0,0,0,0,0
1094890,1,938.292,643.653,650.261,40.940,-0.001,0.000,0.081,0.009,0.363,-2.477,-9.876,0.001,0.002,0.000,3.844,-4.805,-15.376,0.000,0,19.908,7.660,-32.207,0.486,-0.330,0.611,-0.531,-0.004,-0.003,0.379,-6.585,1,1,14158,14220,14183,14158,-108.640,-87.879,14.088,0,0,0,0,0,0,0
1095890,1,938.280,643.753,650.261,40.950,-0.001,0.000,0.100,0.098,0.367,-2.480,-9.861,0.001,0.002,0.000,4.805,-3.844,10.571,0.000,0,20.160,7.716,-32.179,0.486,-0.330,0.611,-0.531,-0.001,-0.001,0.365,-6.562,1,1,14140,14222,14192,14159,-108.663,-87.863,14.115,0,0,0,0,0,0,0
1096890,1,938.299,643.589,650.261,40.950,-0.000,0.000,0.151,-0.119,0.360,-2.471,-9.860,0.001,0.002,0.000,3.844,-12.493,-10.571,0.000,0,20.230,8.136,-31.227,0.485,-0.330,0.611,-0.531,-0.000,-0.000,0.361,-6.461,1,1,14118,14224,14188,14164,-108.697,-87.907,14.058,0,0,0,0,0,0,0
1097890,1,938.300,643.573,650.261,40.960,-0.000,0.000,0.092,-0.103,0.364,-2.475,-9.868,0.001,0.001,0.000,10.571,-4.805,-19.220,0.000,0,19.796,7.338,-31.353,0.485,-0.330,0.611,-0.531,0.001,0.000,0.370,-6.537,1,1,14154,14217,14192,14164,-108.720,-87.890,14.072,0,0,0,0,0,0,0
1098890,1,938.296,643.610,650.261,40.970,-0.000,-0.000,0.080,-0.069,0.376,-2.478,-9.860,0.001,0.002,0.000,4.805,-4.805,-15.376,0.000,0,20.608,7.730,-32.767,0.486,-0.329,0.611,-0.532,0.002,0.002,0.363,-6.534,1,1,14132,14224,14192,14159,-108.726,-87.823,14.087,0,0,0,0,0,0,0
1099890,1,938.282,643.732,650.261,40.980,-0.000,-0.000,0.021,0.086,0.353,-2.481,-9.863,0.001,0.001,0.000,6.727,-4.805,-9.610,0.000,0,20.286,7.716,-31.633,0.485,-0.329,0.612,-0.531,0.000,-0.000,0.367,-6.603,1,1,14150,14220,14191,14164,-108.776,-87.948,14.113,0,0,0,0,0,0,0
1100890,1,938.310,643.491,650.261,40.980,-0.001,-0.000,0.052,-0.125,0.366,-2.477,-9.861,0.001,0.002,0.000,5.766,-3.844,-16.337,0.000,0,19.796,7.408,-32.571,0.485,-0.329,0.611,-0.531,-0.000,-0.000,0.364,-6.628,1,1,14160,14216,14186,14163,-108.780,-87.873,14.089,0,0,0,0,0,0,0
1101890,1,938.277,643.779,650.261,41.000,-0.000,-0.001,0.058,0.185,0.372,-2.469,-9.872,0.001,0.002,0.000,7.688,-3.844,-9.610,0.000,0,20.342,7.758,-32.683,0.485,-0.329,0.611,-0.532,-0.000,-0.000,0.373,-6.640,1,1,14154,14219,14198,14166,-108.796,-87.840,14.033,0,0,0,0,0,0,0
1102890,1,938.287,643.690,650.261,41.000,-0.000,-0.000,0.134,0.047,0.371,-2.474,-9.876,-0.000,0.001,0.000,6.727,-8.649,-10.571,0.000,0,19.894,7.282,-31.731,0.485,-0.329,0.611,-0.532,0.006,-0.006,0.378,-6.549,1,1,14158,14218,14190,14161,-108.842,-87.891,14.076,0,0,0,0,0,0,0
1103890,1,938.300,643.573,650.261,41.000,-0.000,-0.000,0.051,-0.071,0.358,-2.486,-9.864,-0.000,0.002,0.000,8.649,-1.922,-6.727,0.000,0,20.160,7.982,-33.747,0.485,-0.329,0.612,-0.531,0.000,0.001,0.369,-6.570,1,1,14158,14218,14193,14164,-108.874,-87.922,14.137,0,0,0,0,0,0,0
1104890,1,938.267,643.869,650.261,41.010,-0.000,-0.000,0.160,0.174,0.365,-2.469,-9.869,-0.000,0.002,0.000,18.259,-6.727,-6.727,0.000,0,19.768,8.094,-32.403,0.485,-0.328,0.611,-0.532,-0.014,-0.009,0.370,-6.473,1,1,14148,14217,14189,14157,-108.877,-87.821,14.109,0,0,0,0,0,0,0
1105890,1,938.320,643.404,650.261,41.010,-0.000,-0.000,0.046,-0.248,0.367,-2.479,-9.866,0.001,0.002,0.000,5.766,-2.883,-14.415,0.000,0,19.656,7.632,-32.067,0.485,-0.328,0.612,-0.532,-0.000,0.000,0.369,-6.584,1,1,14156,14219,14187,14159,-108.910,-87.867,14.095,0,0,0,0,0,0,0
1106890,1,938.285,643.706,650.261,41.020,-0.000,-0.000,0.070,0.076,0.361,-2.481,-9.875,0.001,0.001,0.000,8.649,-6.727,-17.298,0.000,0,20.006,7.492,-31.927,0.484,-0.328,0.612,-0.532,-0.000,0.000,0.379,-6.612,1,1,14158,14220,14187,14164,-108.949,-87.905,14.096,0,0,0,0,0,0,0
1107890,1,938.290,643.669,650.261,41.030,-0.000,-0.000,0.195,-0.022,0.364,-2.469,-9.878,0.001,0.001,0.000,1.922,-5.766,-8.649,0.000,0,19.796,7.324,-32.641,0.484,-0.329,0.612,-0.532,-0.002,0.000,0.378,-6.472,1,1,14160,14217,14184,14159,-108.966,-87.883,14.029,0,0,0,0,0,0,0
1108890,1,938.289,643.671,650.261,41.040,-0.000,-0.000,-0.002,0.027,0.367,-2.480,-9.862,0.001,0.002,0.000,3.844,-5.766,0.000,0.000,0,19.950,7.730,-31.787,0.484,-0.328,0.612,-0.532,0.000,-0.000,0.366,-6.601,1,1,14160,14226,14191,14164,-108.987,-87.865,14.107,0,0,0,0,0,0,0
1109890,1,938.286,643.706,650.261,41.050,-0.001,-0.000,0.154,0.063,0.358,-2.479,-9.858,0.001,0.001,0.000,2.883,-5.766,-1.922,0.000,0,19.992,7.758,-31.689,0.484,-0.328,0.612,-0.532,0.002,0.004,0.362,-6.570,1,1,14160,14226,14183,14160,-109.028,-87.926,14.084,0,0,0,0,0,0,0
1110890,1,938.303,643.547,650.261,41.050,-0.001,-0.000,0.067,-0.124,0.363,-2.479,-9.873,-0.000,0.001,0.000,7.688,-7.688,-5.766,0.000,0,19.614,7.842,-33.551,0.484,-0.328,0.612,-0.532,0.000,0.000,0.376,-6.524,1,1,14152,14225,14190,14165,-109.044,-87.896,14.086,0,0,0,0,0,0,0
1111890,1,938.301,643.568,650.261,41.060,-0.000,-0.000,0.062,-0.068,0.365,-2.485,-9.873,0.001,0.001,0.000,0.961,-4.805,-0.961,0.000,0,19.600,7.604,-31.101,0.484,-0.328,0.612,-0.533,-0.003,0.003,0.377,-6.612,1,1,14136,14219,14192,14166,-109.058,-87.859,14.109,0,0,0,0,0,0,0
1112890,1,938.300,643.579,650.261,41.060,-0.000,-0.000,0.169,-0.075,0.352,-2.473,-9.857,0.001,0.002,0.000,9.610,-4.805,-21.142,0.000,0,20.300,7.926,-32.361,0.484,-0.328,0.612,-0.533,-0.004,0.000,0.359,-6.534,1,1,14164,14223,14192,14165,-109.097,-87.937,14.079,0,0,0,0,0,0,0
1113890,1,938.260,643.927,650.261,41.070,-0.000,-0.000,0.123,0.252,0.364,-2.478,-9.866,0.001,0.002,0.000,3.844,-3.844,-11.532,0.000,0,19.852,7.954,-31.381,0.484,-0.327,0.612,-0.533,-0.005,-0.005,0.369,-6.511,1,1,14164,14221,14188,14163,-109.109,-87.873,14.121,0,0,0,0,0,0,0
1114890,1,938.290,643.669,650.261,41.080,-0.000,-0.000,0.095,-0.007,0.365,-2.480,-9.873,-0.000,0.002,0.000,8.649,-3.844,-15.376,0.000,0,20.076,7.408,-32.389,0.484,-0.327,0.612,-0.533,-0.001,0.000,0.376,-6.538,1,1,14129,14220,14196,14164,-109.135,-87.878,14.093,0,0,0,0,0,0,0
1115890,1,938.276,643.790,650.261,41.090,-0.000,-0.001,0.063,0.213,0.373,-2.471,-9.870,0.001,0.001,0.000,8.649,-3.844,-10.571,0.000,0,19.992,7.464,-32.193,0.483,-0.327,0.612,-0.533,0.000,-0.000,0.372,-6.703,1,1,14132,14228,14188,14162,-109.151,-87.833,14.043,0,0,0,0,0,0,0
1116890,1,938.266,643.877,650.261,41.080,-0.000,-0.000,0.176,0.250,0.360,-2.474,-9.856,0.001,0.001,0.000,7.688,-4.805,-14.415,0.000,0,20.062,7.814,-32.291,0.483,-0.327,0.613,-0.533,-0.001,-0.000,0.358,-6.556,1,1,14158,14217,14190,14164,-109.196,-87.906,14.083,0,0,0,0,0,0,0
1117890,1,938.306,643.523,650.261,41.100,-0.000,-0.000,0.063,-0.060,0.376,-2.478,-9.866,0.001,0.001,0.000,3.844,-7.688,-9.610,0.000,0,20.188,7.268,-33.411,0.484,-0.327,0.612,-0.534,-0.000,-0.000,0.369,-6.660,1,1,14132,14224,14190,14164,-109.197,-87.818,14.088,0,0,0,0,0,0,0
1118890,1,938.304,643.544,650.261,41.110,-0.000,-0.000,0.119,-0.099,0.371,-2.471,-9.868,-0.000,0.002,0.000,7.688,-7.688,-10.571,0.000,0,19.852,7.576,-32.487,0.483,-0.327,0.613,-0.533,0.009,-0.005,0.369,-6.530,1,1,14167,14220,14186,14162,-109.241,-87.902,14.055,0,0,0,0,0,0,0
1119890,1,938.252,644.004,650.261,41.110,-0.000,-0.000,0.151,0.346,0.360,-2.483,-9.869,-0.000,0.002,0.000,3.844,-8.649,-14.415,0.000,0,20.356,7.814,-32.039,0.483,-0.327,0.613,-0.533,0.000,-0.000,0.373,-6.522,1,1,14164,14208,14196,14162,-109.262,-87.908,14.109,0,0,0,0,0,0,0
1120890,1,938.305,643.534,650.261,41.110,-0.000,-0.000,0.098,-0.088,0.354,-2.478,-9.864,0.001,0.002,0.000,7.688,-3.844,-21.142,0.000,0,20.482,7.366,-33.201,0.483,-0.327,0.613,-0.533,-0.007,0.003,0.367,-6.596,1,1,14154,14220,14187,14160,-109.288,-87.900,14.091,0,0,0,0,0,0,0
1121890,1,938.323,643.375,650.261,41.120,-0.000,-0.000,0.094,-0.275,0.364,-2.483,-9.854,0.001,0.002,0.000,3.844,-4.805,-1.922,0.000,0,20.090,8.444,-32.501,0.483,-0.326,0.613,-0.533,0.000,0.000,0.358,-6.541,1,1,14150,14218,14190,14159,-109.313,-87.885,14.133,0,0,0,0,0,0,0
1122890,1,938.258,643.949,650.261,41.120,0.000,-0.000,0.128,0.301,0.359,-2.474,-9.866,0.001,0.002,0.000,8.649,-5.766,0.000,0.000,0,20.076,7.716,-33.033,0.482,-0.326,0.613,-0.534,-0.000,0.000,0.368,-6.548,1,1,14162,14224,14194,14167,-109.345,-87.916,14.070,0,0,0,0,0,0,0
1123890,1,938.295,643.621,650.261,41.130,0.000,-0.000,0.096,-0.028,0.358,-2.475,-9.867,0.001,0.002,0.000,0.000,-1.922,0.000,0.000,0,19.754,7.464,-33.173,0.482,-0.326,0.613,-0.534,-0.004,-0.001,0.369,-6.553,1,1,14188,14216,14186,14162,-109.367,-87.905,14.084,0,0,0,0,0,0,0
1124890,1,938.308,643.510,650.261,41.140,0.000,-0.000,0.072,-0.133,0.372,-2.474,-9.867,-0.000,0.002,0.000,8.649,-4.805,-15.376,0.000,0,20.426,7.520,-31.871,0.483,-0.326,0.613,-0.534,0.000,-0.000,0.369,-6.583,1,1,14166,14218,14192,14160,-109.372,-87.839,14.067,0,0,0,0,0,0,0
1125890,1,938.294,643.626,650.261,41.150,0.000,-0.000,0.058,0.071,0.371,-2.478,-9.864,0.001,0.002,0.000,13.454,0.000,-16.337,0.000,0,20.216,7.632,-32.039,0.482,-0.326,0.613,-0.534,0.005,-0.001,0.368,-6.723,1,1,14163,14222,14192,14162,-109.404,-87.874,14.088,0,0,0,0,0,0,0
1126890,1,938.348,643.151,650.261,41.150,0.000,-0.000,0.139,-0.476,0.367,-2.474,-9.861,-0.000,0.002,0.000,5.766,-6.727,-20.181,0.000,0,20.300,7.702,-32.417,0.482,-0.326,0.613,-0.534,0.000,-0.000,0.363,-6.534,1,1,14145,14217,14196,14164,-109.428,-87.866,14.076,0,0,0,0,0,0,0
1127890,1,938.265,643.888,650.261,41.160,0.000,-0.000,0.167,0.235,0.365,-2.484,-9.870,0.001,0.001,0.000,2.883,-5.766,-2.883,0.000,0,19.726,7.520,-32.739,0.482,-0.326,0.613,-0.534,0.007,0.009,0.375,-6.514,1,1,14166,14214,14192,14162,-109.462,-87.903,14.057,0,0,0,0,0,0,0
1128890,1,938.286,643.706,650.261,41.170,-0.000,-0.000,0.200,0.040,0.375,-2.484,-9.872,-0.000,0.002,0.000,9.610,-4.805,-13.454,0.000,0,19.908,7.604,-33.901,0.482,-0.325,0.613,-0.534,0.006,-0.000,0.376,-6.501,1,1,14158,14220,14186,14162,-109.477,-87.860,14.104,0,0,0,0,0,0,0
1129890,1,938.308,643.510,650.261,41.170,-0.000,0.000,0.037,-0.152,0.365,-2.471,-9.862,0.001,0.001,0.000,9.610,-6.727,-16.337,0.000,0,20.384,7.436,-32.473,0.482,-0.326,0.614,-0.534,0.007,-0.006,0.363,-6.549,1,1,14171,14221,14188,14166,-109.515,-87.925,14.074,0,0,0,0,0,0,0
1130890,1,938.267,643.867,650.261,41.180,-0.000,-0.000,0.174,0.163,0.364,-2.480,-9.858,0.001,0.002,0.000,3.844,-8.649,-15.376,0.000,0,19.810,7.702,-32.585,0.482,-0.325,0.614,-0.534,-0.000,0.000,0.362,-6.471,1,1,14160,14224,14188,14168,-109.530,-87.886,14.113,0,0,0,0,0,0,0
1131890,1,938.315,643.447,650.261,41.190,-0.000,-0.000,0.022,-0.276,0.369,-2.474,-9.864,0.001,0.001,0.000,3.844,-5.766,-5.766,0.000,0,19.684,7.632,-31.829,0.482,-0.325,0.613,-0.535,-0.000,-0.000,0.367,-6.484,1,1,14157,14216,14183,14168,-109.546,-87.860,14.069,0,0,0,0,0,0,0
1132890,1,938.302,643.560,650.261,41.200,-0.000,-0.000,0.069,-0.141,0.370,-2.479,-9.860,-0.000,0.002,0.000,9.610,-6.727,-16.337,0.000,0,20.090,7.674,-32.333,0.482,-0.325,0.613,-0.535,0.002,-0.000,0.363,-6.529,1,1,14137,14224,14187,14164,-109.564,-87.863,14.101,0,0,0,0,0,0,0
1133890,1,938.290,643.666,650.261,41.200,-0.000,-0.000,0.083,0.016,0.360,-2.473,-9.867,-0.000,0.002,0.000,2.883,-1.922,-3.844,0.000,0,19.936,7.534,-31.661,0.481,-0.325,0.614,-0.535,-0.000,-0.000,0.368,-6.600,1,1,14157,14224,14189,14166,-109.605,-87.909,14.061,0,0,0,0,0,0,0
1134890,1,938.301,643.568,650.261,41.200,-0.000,0.000,0.083,-0.071,0.372,-2.481,-9.879,0.001,0.001,0.000,7.688,0.000,-3.844,0.000,0,20.020,7.478,-32.683,0.481,-0.325,0.614,-0.535,0.007,0.004,0.383,-6.583,1,1,14159,14218,14190,14164,-109.624,-87.871,14.058,0,0,0,0,0,0,0
1135890,1,938.267,643.869,650.261,41.210,-0.000,0.000,0.241,0.147,0.366,-2.477,-9.861,0.001,0.002,0.000,6.727,-1.922,-24.025,0.000,0,19.768,7.380,-31.339,0.481,-0.324,0.614,-0.535,-0.006,0.001,0.364,-6.413,1,1,14134,14207,14186,14157,-109.644,-87.839,14.095,0,0,0,0,0,0,0
1136890,1,938.300,643.581,650.261,41.220,-0.000,0.000,0.165,-0.178,0.361,-2.475,-9.864,0.001,0.001,0.001,0.000,-2.883,-1.922,0.000,0,20.006,7.030,-31.493,0.481,-0.324,0.614,-0.535,-0.004,-0.002,0.367,-6.399,1,1,14182,14218,14188,14164,-109.682,-87.886,14.093,0,0,0,0,0,0,0
1137890,1,938.289,643.679,650.261,41.230,-0.000,-0.000,0.130,-0.046,0.352,-2.474,-9.866,-0.000,0.002,0.000,7.688,-6.727,-7.688,0.000,0,19.768,7.632,-31.479,0.481,-0.324,0.614,-0.535,-0.007,-0.002,0.367,-6.482,1,1,14151,14216,14190,14163,-109.718,-87.921,14.091,0,0,0,0,0,0,0
1138890,1,938.257,643.956,650.261,41.240,-0.001,-0.000,0.182,0.205,0.364,-2.479,-9.876,0.001,0.002,0.000,3.844,-11.532,0.000,0.000,0,20.062,7.800,-31.409,0.481,-0.324,0.614,-0.535,-0.000,0.000,0.379,-6.419,1,1,14160,14220,14188,14163,-109.734,-87.892,14.081,0,0,0,0,0,0,0
1139890,1,938.285,643.711,650.261,41.240,-0.000,-0.000,0.121,-0.081,0.366,-2.475,-9.863,0.001,0.002,0.000,6.727,-2.883,-17.298,0.000,0,19.866,7.534,-31.199,0.481,-0.324,0.614,-0.536,-0.000,-0.000,0.366,-6.383,1,1,14154,14218,14188,14164,-109.757,-87.873,14.078,0,0,0,0,0,0,0
1140890,1,938.287,643.692,650.261,41.240,-0.001,-0.000,0.164,-0.096,0.360,-2.481,-9.866,-0.000,0.001,0.000,8.649,0.000,-12.493,0.000,0,19.292,7.674,-31.703,0.481,-0.324,0.614,-0.535,-0.000,-0.000,0.369,-6.399,1,1,14160,14224,14187,14163,-109.788,-87.908,14.108,0,0,0,0,0,0,0
1141890,1,938.286,643.698,650.261,41.260,-0.001,-0.000,0.063,-0.045,0.365,-2.479,-9.863,-0.000,0.001,0.000,5.766,-10.571,-3.844,0.000,0,19.712,7.422,-31.731,0.481,-0.324,0.614,-0.536,-0.002,0.006,0.367,-6.500,1,1,14151,14218,14189,14161,-109.800,-87.861,14.072,0,0,0,0,0,0,0
1142890,1,938.293,643.634,650.261,41.260,-0.000,-0.000,0.060,-0.030,0.369,-2.479,-9.861,0.001,0.001,0.000,8.649,0.000,-0.961,0.000,0,19.600,8.038,-33.145,0.481,-0.323,0.614,-0.536,-0.000,0.000,0.364,-6.607,1,1,14139,14222,14196,14168,-109.822,-87.859,14.102,0,0,0,0,0,0,0
1143890,1,938.267,643.869,650.261,41.270,-0.000,-0.000,0.135,0.138,0.360,-2.484,-9.858,0.001,0.001,0.000,11.532,-7.688,-10.571,0.000,0,19.502,7.198,-33.145,0.480,-0.324,0.614,-0.536,0.005,0.014,0.363,-6.446,1,1,14151,14217,14188,14170,-109.854,-87.909,14.053,0,0,0,0,0,0,0
1144890,1,938.296,643.610,650.261,41.270,-0.000,-0.000,0.137,-0.074,0.357,-2.483,-9.869,-0.000,0.002,0.000,1.922,-7.688,-11.532,0.000,0,19.628,7.240,-32.473,0.480,-0.323,0.615,-0.536,-0.001,0.000,0.373,-6.531,1,1,14158,14219,14193,14164,-109.882,-87.928,14.110,0,0,0,0,0,0,0
1145890,1,938.287,643.695,650.261,41.280,0.000,-0.000,0.152,-0.008,0.371,-2.480,-9.866,0.001,0.002,0.000,5.766,-3.844,-0.961,0.000,0,19.768,7.548,-32.347,0.480,-0.323,0.614,-0.536,0.003,0.004,0.369,-6.490,1,1,14156,14220,14192,14160,-109.892,-87.853,14.076,0,0,0,0,0,0,0
1146890,1,938.284,643.716,650.261,41.290,-0.000,-0.001,0.091,0.022,0.370,-2.480,-9.870,-0.000,0.001,0.001,6.727,-4.805,-6.727,0.000,0,19.208,7.394,-31.941,0.480,-0.323,0.615,-0.536,0.004,-0.003,0.374,-6.530,1,1,14156,14215,14185,14162,-109.924,-87.879,14.102,0,0,0,0,0,0,0
1147890,1,938.279,643.764,650.261,41.290,-0.000,-0.000,0.179,0.053,0.363,-2.478,-9.873,-0.000,0.002,0.000,2.883,-5.766,2.883,0.000,0,19.390,7.786,-32.235,0.480,-0.323,0.615,-0.536,0.000,-0.000,0.375,-6.475,1,1,14155,14220,14190,14162,-109.951,-87.895,14.079,0,0,0,0,0,0,0
1148890,1,938.251,644.015,650.261,41.300,0.000,-0.000,0.223,0.252,0.357,-2.480,-9.873,0.001,0.001,0.000,7.688,-6.727,-11.532,0.000,0,19.838,7.786,-32.725,0.480,-0.323,0.615,-0.536,-0.012,0.001,0.376,-6.378,1,1,14151,14217,14183,14169,-109.965,-87.867,14.112,0,0,0,0,0,0,0
1149890,1,938.269,643.856,650.261,41.300,-0.000,-0.000,0.077,0.092,0.369,-2.478,-9.878,0.001,0.001,0.000,1.922,-9.610,-11.532,0.000,0,19.418,7.968,-32.627,0.480,-0.323,0.615,-0.537,-0.000,0.000,0.380,-6.442,1,1,14151,14224,14192,14164,-109.986,-87.863,14.074,0,0,0,0,0,0,0
1150890,1,938.271,643.835,650.261,41.310,-0.001,-0.001,0.067,0.058,0.364,-2.480,-9.880,0.001,0.002,0.000,9.610,-1.922,-14.415,0.000,0,19.768,8.122,-31.899,0.479,-0.323,0.615,-0.537,-0.000,0.000,0.383,-6.432,1,1,14156,14211,14190,14165,-110.016,-87.891,14.084,0,0,0,0,0,0,0
1151890,1,938.303,643.550,650.261,41.320,-0.001,-0.000,0.060,-0.268,0.356,-2.481,-9.860,-0.000,0.002,0.000,4.805,-0.961,-3.844,0.000,0,19.908,7.674,-31.493,0.479,-0.322,0.615,-0.536,-0.000,-0.000,0.363,-6.378,1,1,14128,14215,14185,14165,-110.052,-87.936,14.115,0,0,0,0,0,0,0
1152890,1,938.265,643.885,650.261,41.320,-0.001,-0.000,0.143,0.071,0.364,-2.479,-9.862,0.001,0.002,0.000,2.883,-2.883,-5.766,0.000,0,19.516,7.618,-32.011,0.479,-0.322,0.615,-0.537,-0.003,-0.005,0.365,-6.380,1,1,14154,14218,14187,14161,-110.060,-87.882,14.128,0,0,0,0,0,0,0
1153890,1,938.263,643.906,650.261,41.330,-0.000,-0.000,0.095,0.119,0.367,-2.485,-9.869,0.001,0.002,0.000,1.922,-3.844,-0.961,0.000,0,19.390,8.108,-31.423,0.479,-0.322,0.615,-0.537,0.000,0.000,0.374,-6.435,1,1,14151,14221,14189,14159,-110.082,-87.866,14.124,0,0,0,0,0,0,0
1154890,1,938.281,643.742,650.261,41.350,-0.001,-0.001,0.163,-0.057,0.361,-2.483,-9.868,0.001,0.002,0.000,-1.922,-7.688,4.805,0.000,0,19.712,7.758,-31.815,0.479,-0.322,0.615,-0.537,-0.000,-0.000,0.372,-6.384,1,1,14138,14219,14187,14165,-110.117,-87.903,14.110,0,0,0,0,0,0,0
1155890,1,938.274,643.806,650.261,41.350,-0.001,-0.001,0.140,-0.012,0.353,-2.484,-9.862,0.001,0.002,0.000,2.883,-4.805,-1.922,0.000,0,19.586,7.702,-31.465,0.479,-0.322,0.616,-0.537,-0.000,0.003,0.366,-6.359,1,1,14156,14220,14191,14160,-110.152,-87.944,14.114,0,0,0,0,0,0,0
1156890,1,938.285,643.711,650.261,41.360,-0.001,-0.001,0.152,-0.162,0.366,-2.484,-9.862,0.001,0.002,0.000,5.766,-1.922,-2.883,0.000,0,19.950,7.716,-31.689,0.479,-0.322,0.615,-0.537,0.000,-0.000,0.367,-6.283,1,1,14155,14212,14186,14162,-110.155,-87.873,14.126,0,0,0,0,0,0,0
1157890,1,938.248,644.041,650.261,41.360,-0.001,-0.000,0.145,0.111,0.363,-2.479,-9.876,0.001,0.001,0.001,2.883,-4.805,-1.922,0.000,0,19.404,7.982,-32.025,0.479,-0.322,0.615,-0.537,-0.003,-0.001,0.379,-6.210,1,1,14158,14221,14185,14164,-110.178,-87.884,14.091,0,0,0,0,0,0,0
1158890,1,938.262,643.912,650.261,41.370,-0.001,-0.000,0.161,-0.035,0.354,-2.471,-9.866,0.001,0.001,0.000,6.727,-3.844,-16.337,0.000,0,19.768,7.660,-31.619,0.478,-0.322,0.616,-0.537,0.000,0.000,0.366,-6.228,1,1,14160,14218,14190,14160,-110.218,-87.943,14.051,0,0,0,0,0,0,0
1159890,1,938.263,643.906,650.261,41.380,-0.001,-0.000,0.070,0.026,0.360,-2.483,-9.863,-0.000,0.002,0.000,3.844,-8.649,-11.532,0.000,0,19.726,7.688,-32.291,0.478,-0.322,0.615,-0.538,-0.001,0.008,0.367,-6.369,1,1,14152,14224,14190,14164,-110.225,-87.888,14.079,0,0,0,0,0,0,0
1160890,1,938.277,643.777,650.261,41.380,-0.001,-0.000,0.130,-0.095,0.372,-2.477,-9.878,0.001,0.001,0.000,9.610,-4.805,-17.298,0.000,0,19.754,7.870,-32.207,0.479,-0.321,0.615,-0.538,-0.000,-0.001,0.380,-6.348,1,1,14161,14224,14193,14165,-110.238,-87.843,14.070,0,0,0,0,0,0,0
1161890,1,938.259,643.943,650.261,41.390,-0.001,-0.000,0.184,0.049,0.376,-2.474,-9.869,0.001,0.002,0.000,0.961,-5.766,-9.610,0.000,0,20.006,8.094,-31.913,0.478,-0.321,0.615,-0.538,0.000,-0.002,0.372,-6.282,1,1,14156,14222,14183,14155,-110.260,-87.823,14.073,0,0,0,0,0,0,0
1162890,1,938.265,643.885,650.261,41.400,-0.001,0.000,0.121,-0.035,0.366,-2.480,-9.856,-0.000,0.002,0.000,2.883,-6.727,-0.961,0.000,0,19.992,8.388,-32.739,0.478,-0.321,0.616,-0.538,-0.000,0.000,0.360,-6.255,1,1,14154,14218,14185,14165,-110.295,-87.873,14.115,0,0,0,0,0,0,0
1163890,1,938.266,643.877,650.261,41.400,-0.001,0.000,0.019,0.012,0.363,-2.483,-9.869,0.001,0.002,0.000,2.883,-5.766,-10.571,0.000,0,20.384,7.898,-31.885,0.478,-0.321,0.616,-0.538,-0.000,-0.000,0.373,-6.395,1,1,14160,14217,14177,14160,-110.323,-87.897,14.110,0,0,0,0,0,0,0
1164890,1,938.210,644.374,650.261,41.410,-0.001,-0.000,0.283,0.366,0.358,-2.473,-9.870,0.001,0.002,0.000,9.610,-3.844,-15.376,0.000,0,19.852,7.996,-31.059,0.478,-0.321,0.616,-0.538,-0.011,-0.003,0.372,-6.089,1,1,14158,14224,14188,14159,-110.342,-87.871,14.091,0,0,0,0,0,0,0
1165890,1,938.274,643.803,650.261,41.420,-0.001,-0.000,0.105,-0.180,0.363,-2.479,-9.861,-0.000,0.002,0.000,7.688,-15.376,-10.571,0.000,0,20.258,7.534,-32.053,0.478,-0.321,0.616,-0.538,0.000,0.000,0.364,-6.203,1,1,14150,14214,14186,14164,-110.373,-87.894,14.105,0,0,0,0,0,0,0
1166890,1,938.221,644.279,650.261,41.420,-0.000,-0.000,0.125,0.334,0.366,-2.479,-9.874,-0.000,0.001,0.000,7.688,-1.922,-14.415,0.000,0,19.768,7.940,-32.977,0.478,-0.321,0.616,-0.538,0.000,-0.000,0.377,-6.287,1,1,14164,14217,14182,14168,-110.388,-87.874,14.083,0,0,0,0,0,0,0
1167890,1,938.274,643.806,650.261,41.420,-0.000,-0.000,0.092,-0.167,0.356,-2.486,-9.862,0.001,0.001,0.000,1.922,-5.766,-1.922,0.000,0,19.978,7.758,-32.501,0.478,-0.320,0.616,-0.538,-0.007,0.004,0.367,-6.222,1,1,14158,14217,14190,14168,-110.416,-87.889,14.132,0,0,0,0,0,0,0
1168890,1,938.296,643.610,650.261,41.440,-0.001,-0.000,0.060,-0.295,0.365,-2.466,-9.868,0.001,0.002,0.000,7.688,-5.766,-11.532,0.000,0,20.160,7.744,-32.347,0.478,-0.320,0.616,-0.539,-0.007,-0.005,0.368,-6.347,1,1,14152,14215,14200,14166,-110.428,-87.856,14.058,0,0,0,0,0,0,0
1169890,1,938.263,643.906,650.261,41.450,-0.000,-0.000,0.206,-0.060,0.372,-2.478,-9.866,0.001,0.002,0.001,7.688,-3.844,-10.571,0.000,0,20.076,7.576,-32.039,0.478,-0.320,0.616,-0.539,0.004,-0.002,0.369,-6.191,1,1,14124,14220,14187,14164,-110.453,-87.865,14.092,0,0,0,0,0,0,0
1170890,1,938.246,644.054,650.261,41.450,-0.001,-0.000,0.127,0.104,0.351,-2.473,-9.861,0.001,0.001,-0.001,5.766,-5.766,-5.766,0.000,0,19.824,7.940,-31.003,0.477,-0.320,0.616,-0.538,-0.001,0.000,0.362,-6.242,1,1,14162,14224,14189,14162,-110.495,-87.957,14.072,0,0,0,0,0,0,0
1171890,1,938.262,643.917,650.261,41.460,-0.000,-0.000,0.116,-0.042,0.356,-2.472,-9.867,-0.000,0.002,0.000,1.922,-3.844,0.000,0.000,0,19.978,7.730,-32.557,0.477,-0.320,0.616,-0.539,-0.004,-0.001,0.368,-6.240,1,1,14162,14219,14182,14159,-110.505,-87.916,14.067,0,0,0,0,0,0,0
1172890,1,938.256,643.964,650.261,41.460,-0.000,-0.000,0.091,-0.004,0.359,-2.478,-9.875,0.001,0.002,0.000,4.805,-5.766,-12.493,0.000,0,20.160,8.136,-33.453,0.477,-0.320,0.616,-0.539,-0.000,0.000,0.378,-6.232,1,1,14154,14212,14186,14164,-110.529,-87.917,14.076,0,0,0,0,0,0,0
1173890,1,938.261,643.919,650.261,41.470,-0.000,-0.000,0.047,-0.032,0.369,-2.487,-9.869,-0.000,0.002,0.000,1.922,-3.844,-3.844,0.000,0,19.446,7.968,-32.487,0.477,-0.320,0.616,-0.539,0.008,0.007,0.375,-6.283,1,1,14155,14220,14189,14163,-110.545,-87.889,14.086,0,0,0,0,0,0,0
1174890,1,938.261,643.922,650.261,41.480,-0.000,-0.001,0.121,-0.005,0.369,-2.478,-9.868,-0.000,0.002,0.000,5.766,-8.649,-15.376,0.000,0,19.628,7.842,-32.333,0.477,-0.320,0.616,-0.539,0.002,-0.002,0.371,-6.299,1,1,14158,14218,14181,14166,-110.561,-87.874,14.089,0,0,0,0,0,0,0
1175890,1,938.266,643.877,650.261,41.480,-0.000,-0.001,0.074,-0.072,0.361,-2.496,-9.861,0.001,0.001,0.000,0.000,-3.844,0.000,0.000,0,19.572,8.010,-33.159,0.477,-0.319,0.617,-0.539,0.004,0.011,0.368,-6.246,1,1,14156,14217,14183,14168,-110.589,-87.901,14.129,0,0,0,0,0,0,0
1176890,1,938.277,643.777,650.261,41.490,-0.000,-0.001,0.099,-0.175,0.367,-2.472,-9.870,0.001,0.001,0.000,10.571,-1.922,-12.493,0.000,0,19.768,8.332,-33.355,0.477,-0.320,0.616,-0.539,-0.000,-0.000,0.372,-6.249,1,1,14160,14214,14182,14161,-110.602,-87.869,14.049,0,0,0,0,0,0,0
1177890,1,938.243,644.078,650.261,41.500,0.000,-0.001,0.172,0.088,0.366,-2.477,-9.867,-0.000,0.002,0.000,2.883,-7.688,-3.844,0.000,0,19.796,7.954,-32.011,0.477,-0.319,0.616,-0.539,-0.000,0.000,0.370,-6.178,1,1,14152,14220,14185,14165,-110.620,-87.876,14.081,0,0,0,0,0,0,0
1178890,1,938.270,643.840,650.261,41.500,0.000,-0.001,0.091,-0.142,0.364,-2.478,-9.856,-0.000,0.001,0.000,11.532,3.844,0.000,0.000,0,20.090,8.066,-32.081,0.477,-0.319,0.617,-0.539,0.000,-0.000,0.359,-6.213,1,1,14156,14220,14188,14169,-110.641,-87.884,14.101,0,0,0,0,0,0,0
1179890,1,938.267,643.869,650.261,41.510,0.000,-0.001,0.134,-0.135,0.356,-2.474,-9.870,0.001,0.002,0.001,10.571,-4.805,-10.571,0.000,0,19.642,8.374,-31.829,0.476,-0.319,0.617,-0.539,-0.000,0.000,0.372,-6.181,1,1,14162,14219,14194,14168,-110.676,-87.937,14.064,0,0,0,0,0,0,0
1180890,1,938.264,643.893,650.261,41.520,0.000,-0.001,0.070,-0.077,0.365,-2.471,-9.866,-0.000,0.001,0.000,8.649,-6.727,-16.337,0.000,0,19.502,8.234,-32.347,0.476,-0.319,0.617,-0.540,-0.000,0.000,0.367,-6.261,1,1,14153,14216,14183,14158,-110.685,-87.882,14.052,0,0,0,0,0,0,0
1181890,1,938.245,644.062,650.261,41.530,0.000,-0.001,0.161,0.067,0.366,-2.481,-9.876,0.001,0.001,-0.001,0.000,-4.805,0.000,0.000,0,20.006,8.164,-32.361,0.476,-0.319,0.617,-0.540,0.000,0.000,0.380,-6.191,1,1,14152,14214,14183,14161,-110.707,-87.876,14.094,0,0,0,0,0,0,0
1182890,1,938.237,644.134,650.261,41.530,0.000,-0.001,0.183,0.095,0.361,-2.481,-9.869,-0.000,0.001,0.000,5.766,-1.922,-5.766,0.000,0,20.034,8.010,-31.605,0.476,-0.319,0.617,-0.540,0.002,0.007,0.373,-6.120,1,1,14160,14214,14190,14164,-110.741,-87.898,14.069,0,0,0,0,0,0,0
1183890,1,938.250,644.023,650.261,41.540,0.000,-0.001,0.133,-0.011,0.356,-2.486,-9.861,0.001,0.002,0.000,7.688,-3.844,-14.415,0.000,0,19.936,8.178,-32.697,0.476,-0.319,0.617,-0.539,-0.001,0.005,0.366,-6.169,1,1,14126,14218,14189,14164,-110.764,-87.921,14.120,0,0,0,0,0,0,0
1184890,1,938.313,643.457,650.261,41.550,0.000,-0.001,-0.002,-0.484,0.364,-2.484,-9.873,0.001,0.001,0.000,5.766,-2.883,-13.454,0.000,0,20.020,7.394,-32.935,0.476,-0.318,0.617,-0.540,-0.001,0.000,0.377,-6.342,1,1,14169,14224,14193,14160,-110.776,-87.885,14.113,0,0,0,0,0,0,0
1185890,1,938.294,643.626,650.261,41.550,-0.000,-0.001,0.111,-0.310,0.369,-2.472,-9.870,0.001,0.002,0.000,7.688,-4.805,-13.454,0.000,0,20.216,8.024,-33.789,0.476,-0.319,0.617,-0.540,0.000,-0.000,0.372,-6.275,1,1,14127,14215,14185,14165,-110.800,-87.860,14.050,0,0,0,0,0,0,0
1186890,1,938.262,643.914,650.261,41.560,-0.000,-0.001,0.118,-0.039,0.361,-2.478,-9.868,-0.000,0.002,0.000,3.844,-5.766,7.688,0.000,0,20.342,8.346,-32.683,0.476,-0.318,0.617,-0.540,0.000,-0.000,0.371,-6.242,1,1,14160,14224,14186,14157,-110.834,-87.901,14.086,0,0,0,0,0,0,0
1187890,1,938.225,644.239,650.261,41.560,-0.000,-0.001,0.159,0.279,0.357,-2.474,-9.867,0.001,0.001,0.000,8.649,-7.688,-14.415,0.000,0,19.978,7.800,-32.123,0.475,-0.318,0.617,-0.540,-0.001,0.001,0.369,-6.236,1,1,14158,14228,14193,14165,-110.870,-87.926,14.067,0,0,0,0,0,0,0
1188890,1,938.282,643.732,650.261,41.570,-0.001,-0.001,0.105,-0.202,0.367,-2.478,-9.872,-0.000,0.002,0.000,0.000,-8.649,-14.415,0.000,0,19.320,7.800,-32.193,0.475,-0.318,0.617,-0.540,-0.000,0.000,0.375,-6.286,1,1,14132,14216,14188,14158,-110.877,-87.870,14.082,0,0,0,0,0,0,0
1189890,1,938.295,643.618,650.261,41.570,-0.001,-0.001,0.013,-0.285,0.372,-2.475,-9.875,-0.000,0.002,0.000,4.805,-5.766,-6.727,0.000,0,19.796,7.618,-32.865,0.475,-0.318,0.617,-0.541,-0.000,-0.000,0.378,-6.346,1,1,14132,14224,14189,14165,-110.896,-87.841,14.061,0,0,0,0,0,0,0
1190890,1,938.267,643.869,650.261,41.580,-0.000,-0.001,0.122,-0.076,0.364,-2.484,-9.866,-0.000,0.002,0.000,6.727,-6.727,-13.454,0.000,0,19.796,7.422,-32.585,0.475,-0.318,0.618,-0.540,0.000,-0.000,0.370,-6.244,1,1,14124,14217,14187,14166,-110.931,-87.887,14.121,0,0,0,0,0,0,0
1191890,1,938.253,643.988,650.261,41.590,-0.001,-0.001,0.078,0.042,0.361,-2.478,-9.869,0.001,0.001,0.000,18.259,0.000,-17.298,0.000,0,19.768,7.450,-32.333,0.475,-0.318,0.618,-0.540,0.005,0.001,0.372,-6.265,1,1,14160,14217,14187,14163,-110.965,-87.929,14.071,0,0,0,0,0,0,0
1192890,1,938.243,644.081,650.261,41.590,-0.001,-0.001,0.096,0.122,0.353,-2.474,-9.866,0.001,0.002,0.000,7.688,-6.727,-6.727,0.000,0,20.202,7.702,-32.067,0.475,-0.318,0.618,-0.541,-0.007,0.006,0.367,-6.253,1,1,14158,14217,14183,14161,-110.982,-87.900,14.052,0,0,0,0,0,0,0
1193890,1,938.249,644.033,650.261,41.610,-0.000,-0.001,0.117,0.120,0.369,-2.475,-9.873,-0.000,0.002,0.000,7.688,-6.727,-12.493,0.000,0,19.908,7.744,-32.977,0.475,-0.317,0.617,-0.541,0.000,0.000,0.375,-6.314,1,1,14154,14215,14189,14163,-110.995,-87.861,14.066,0,0,0,0,0,0,0
1194890,1,938.266,643.880,650.261,41.610,-0.001,-0.001,0.103,-0.052,0.372,-2.467,-9.861,0.001,0.001,0.000,9.610,-4.805,-14.415,0.000,0,20.398,8.276,-31.969,0.475,-0.317,0.617,-0.541,0.003,-0.005,0.362,-6.275,1,1,14158,14224,14179,14161,-111.022,-87.863,14.055,0,0,0,0,0,0,0
1195890,1,938.248,644.041,650.261,41.620,-0.001,-0.000,0.190,0.087,0.365,-2.478,-9.855,0.001,0.002,0.000,5.766,-2.883,-12.493,0.000,0,20.076,7.870,-32.403,0.475,-0.317,0.618,-0.541,0.000,-0.000,0.358,-6.216,1,1,14155,14217,14188,14157,-111.046,-87.877,14.103,0,0,0,0,0,0,0
1196890,1,938.278,643.769,650.261,41.630,-0.001,-0.001,0.051,-0.176,0.356,-2.473,-9.863,0.001,0.002,0.000,7.688,-3.844,-19.220,0.000,0,19.334,7.660,-31.619,0.475,-0.317,0.618,-0.541,-0.015,-0.003,0.365,-6.258,1,1,14156,14216,14188,14180,-111.066,-87.863,14.114,0,0,0,0,0,0,0
1197890,1,938.256,643.964,650.261,41.630,-0.001,-0.001,0.160,-0.071,0.361,-2.473,-9.867,0.001,0.002,0.000,6.727,-2.883,-18.259,0.000,0,19.740,7.814,-32.431,0.474,-0.317,0.618,-0.541,-0.006,0.002,0.368,-6.126,1,1,14158,14222,14185,14163,-111.086,-87.868,14.066,0,0,0,0,0,0,0
1198890,1,938.197,644.490,650.261,41.640,-0.000,-0.001,0.194,0.429,0.367,-2.479,-9.873,0.001,0.002,0.000,10.571,-6.727,-10.571,0.000,0,19.950,8.164,-31.969,0.474,-0.317,0.618,-0.541,-0.003,0.004,0.376,-6.099,1,1,14156,14223,14184,14170,-111.097,-87.845,14.074,0,0,0,0,0,0,0
1199890,1,938.221,644.276,650.261,41.650,-0.000,-0.001,0.103,0.238,0.366,-2.477,-9.862,-0.000,0.002,0.000,9.610,-6.727,-12.493,0.000,0,19.992,7.828,-32.487,0.474,-0.317,0.618,-0.541,-0.000,0.000,0.365,-6.179,1,1,14151,14208,14187,14161,-111.129,-87.873,14.087,0,0,0,0,0,0,0
1200890,1,938.257,643.962,650.261,41.650,-0.001,-0.001,0.106,-0.060,0.359,-2.474,-9.866,0.001,0.002,0.000,4.805,-1.922,-7.688,0.000,0,19.796,8.262,-33.145,0.474,-0.316,0.618,-0.541,-0.002,-0.006,0.368,-6.196,1,1,14158,14213,14187,14164,-111.167,-87.915,14.103,0,0,0,0,0,0,0
1201890,1,938.250,644.025,650.261,41.650,-0.001,-0.001,0.084,0.023,0.364,-2.478,-9.868,0.001,0.001,0.000,4.805,0.000,-2.883,0.000,0,19.908,7.912,-33.439,0.474,-0.316,0.618,-0.541,0.000,0.000,0.371,-6.220,1,1,14156,14216,14190,14168,-111.181,-87.888,14.088,0,0,0,0,0,0,0
1202890,1,938.247,644.046,650.261,41.660,-0.001,-0.001,0.044,0.082,0.375,-2.473,-9.882,0.001,0.002,-0.001,3.844,-1.922,0.000,0.000,0,20.356,7.842,-32.109,0.474,-0.316,0.618,-0.542,0.000,-0.000,0.384,-6.283,1,1,14147,14213,14185,14164,-111.189,-87.828,14.039,0,0,0,0,0,0,0
1203890,1,938.243,644.078,650.261,41.680,-0.001,-0.001,0.035,0.117,0.375,-2.484,-9.875,0.001,0.002,0.000,4.805,-4.805,-3.844,0.000,0,20.020,7.926,-33.313,0.474,-0.316,0.618,-0.542,-0.000,-0.000,0.380,-6.279,1,1,14154,14216,14188,14159,-111.206,-87.828,14.107,0,0,0,0,0,0,0
1204890,1,938.273,643.819,650.261,41.690,-0.001,-0.001,0.074,-0.135,0.357,-2.484,-9.868,0.001,0.001,0.000,7.688,-4.805,-4.805,0.000,0,20.356,8.010,-32.795,0.474,-0.316,0.619,-0.541,-0.000,-0.000,0.372,-6.271,1,1,14156,14216,14187,14164,-111.254,-87.930,14.117,0,0,0,0,0,0,0
1205890,1,938.234,644.160,650.261,41.680,-0.001,-0.001,0.101,0.191,0.370,-2.471,-9.867,-0.000,0.002,0.000,1.922,-1.922,-3.844,0.000,0,19.866,7.520,-32.375,0.474,-0.316,0.618,-0.542,0.001,-0.001,0.368,-6.245,1,1,14152,14215,14191,14164,-111.259,-87.859,14.052,0,0,0,0,0,0,0
1206890,1,938.223,644.258,650.261,41.700,-0.001,-0.000,0.206,0.262,0.363,-2.473,-9.869,-0.000,0.002,0.000,1.922,-3.844,0.000,0.000,0,19.964,8.038,-33.523,0.473,-0.316,0.618,-0.542,-0.000,-0.000,0.371,-6.173,1,1,14124,14211,14193,14161,-111.292,-87.895,14.058,0,0,0,0,0,0,0
1207890,1,938.264,643.893,650.261,41.700,-0.001,-0.000,0.148,-0.105,0.370,-2.477,-9.873,-0.000,0.002,0.000,5.766,-4.805,-5.766,0.000,0,19.586,8.164,-34.377,0.474,-0.316,0.618,-0.542,-0.004,-0.002,0.375,-6.190,1,1,14156,14224,14187,14164,-111.299,-87.838,14.089,0,0,0,0,0,0,0
1208890,1,938.261,643.919,650.261,41.710,-0.001,-0.000,0.084,-0.097,0.370,-2.469,-9.863,-0.000,0.002,0.000,3.844,-2.883,-2.883,0.000,0,19.698,8.318,-32.291,0.473,-0.316,0.618,-0.542,0.003,-0.001,0.364,-6.177,1,1,14135,14229,14189,14156,-111.330,-87.869,14.043,0,0,0,0,0,0,0
1209890,1,938.219,644.297,650.261,41.710,-0.001,0.000,0.099,0.309,0.363,-2.483,-9.863,0.001,0.001,0.000,7.688,-2.883,-3.844,0.000,0,19.670,8.178,-32.445,0.473,-0.315,0.619,-0.542,-0.000,0.000,0.367,-6.239,1,1,14154,14220,14186,14164,-111.359,-87.896,14.120,0,0,0,0,0,0,0
1210890,1,938.258,643.954,650.261,41.720,-0.001,0.000,0.119,-0.083,0.358,-2.481,-9.861,0.001,0.002,0.000,9.610,-2.883,-16.337,0.000,0,19.544,8.010,-33.313,0.473,-0.315,0.619,-0.542,-0.009,0.007,0.365,-6.138,1,1,14152,14221,14189,14153,-111.375,-87.860,14.095,0,0,0,0,0,0,0
1211890,1,938.222,644.266,650.261,41.730,-0.001,0.000,0.165,0.248,0.358,-2.474,-9.875,0.001,0.002,0.001,8.649,-4.805,-25.947,0.000,0,19.474,7.856,-32.235,0.473,-0.315,0.619,-0.542,-0.009,0.000,0.377,-6.189,1,1,14160,14233,14187,14160,-111.402,-87.876,14.073,0,0,0,0,0,0,0
1212890,1,938.250,644.015,650.261,41.730,-0.001,0.000,0.050,-0.043,0.375,-2.472,-9.876,-0.000,0.002,-0.001,3.844,-3.844,0.000,0.000,0,19.530,7.996,-33.481,0.473,-0.315,0.618,-0.543,-0.000,-0.001,0.378,-6.140,1,1,14142,14211,14193,14162,-111.417,-87.828,14.043,0,0,0,0,0,0,0
1213890,1,938.234,644.163,650.261,41.740,-0.001,0.000,0.065,0.130,0.361,-2.474,-9.874,0.001,0.001,-0.001,0.961,-0.961,-0.961,0.000,0,19.530,7.604,-33.453,0.473,-0.315,0.619,-0.543,0.000,0.000,0.376,-6.198,1,1,14150,14214,14192,14162,-111.457,-87.903,14.060,0,0,0,0,0,0,0
1214890,1,938.264,643.896,650.261,41.740,-0.001,0.000,0.098,-0.176,0.354,-2.474,-9.864,0.001,0.002,0.000,0.000,-3.844,0.000,0.000,0,19.418,8.290,-33.299,0.473,-0.315,0.619,-0.543,-0.014,0.003,0.366,-6.117,1,1,14156,14224,14190,14161,-111.466,-87.861,14.084,0,0,0,0,0,0,0
1215890,1,938.244,644.070,650.261,41.750,-0.000,0.000,0.045,0.026,0.358,-2.467,-9.875,0.001,0.002,0.000,2.883,-1.922,-5.766,0.000,0,19.684,7.842,-33.411,0.472,-0.315,0.619,-0.543,-0.003,-0.001,0.375,-6.191,1,1,14158,14224,14192,14166,-111.504,-87.912,14.027,0,0,0,0,0,0,0
1216890,1,938.255,643.972,650.261,41.760,-0.000,0.000,0.075,-0.025,0.361,-2.474,-9.866,0.001,0.002,0.000,6.727,-2.883,-0.961,0.000,0,19.810,8.024,-34.013,0.472,-0.315,0.619,-0.543,-0.004,0.001,0.368,-6.261,1,1,14150,14217,14184,14160,-111.519,-87.882,14.070,0,0,0,0,0,0,0
1217890,1,938.258,643.954,650.261,41.770,-0.001,0.000,0.056,-0.044,0.373,-2.472,-9.869,0.001,0.002,0.000,3.844,-2.883,-2.883,0.000,0,19.530,7.772,-33.537,0.472,-0.314,0.619,-0.543,0.000,0.000,0.371,-6.235,1,1,14152,14224,14186,14160,-111.524,-87.832,14.052,0,0,0,0,0,0,0
1218890,1,938.260,643.930,650.261,41.780,-0.001,0.000,0.166,-0.094,0.370,-2.471,-9.858,0.001,0.002,0.000,7.688,-1.922,-7.688,0.000,0,19.110,7.814,-33.775,0.472,-0.314,0.619,-0.543,-0.000,-0.000,0.360,-6.158,1,1,14154,14206,14198,14158,-111.553,-87.852,14.059,0,0,0,0,0,0,0
1219890,1,938.254,643.986,650.261,41.780,-0.001,0.000,0.115,-0.064,0.359,-2.472,-9.863,0.001,0.001,0.000,2.883,-6.727,-1.922,0.000,0,19.824,7.996,-32.795,0.472,-0.314,0.619,-0.543,-0.008,-0.003,0.365,-6.131,1,1,14125,14220,14187,14160,-111.579,-87.881,14.088,0,0,0,0,0,0,0
1220890,1,938.253,643.988,650.261,41.790,-0.001,-0.000,0.101,-0.135,0.367,-2.477,-9.864,-0.000,0.002,0.000,8.649,-2.883,-16.337,0.000,0,19.628,8.150,-32.767,0.472,-0.314,0.619,-0.543,-0.000,0.000,0.367,-6.034,1,1,14160,14218,14186,14155,-111.599,-87.868,14.085,0,0,0,0,0,0,0
1221890,1,938.232,644.176,650.261,41.800,-0.001,-0.000,0.160,0.038,0.367,-2.477,-9.863,0.001,0.002,0.001,1.922,-3.844,0.000,0.000,0,19.306,8.094,-33.033,0.472,-0.314,0.619,-0.543,-0.003,-0.002,0.366,-6.039,1,1,14168,14220,14188,14163,-111.616,-87.853,14.099,0,0,0,0,0,0,0
1222890,1,938.229,644.208,650.261,41.800,-0.001,-0.000,0.024,0.112,0.369,-2.475,-9.862,0.001,0.001,0.000,7.688,-8.649,-15.376,0.000,0,19.796,8.122,-32.375,0.472,-0.314,0.619,-0.544,0.000,0.000,0.365,-6.148,1,1,14157,14220,14193,14164,-111.643,-87.858,14.082,0,0,0,0,0,0,0
1223890,1,938.219,644.297,650.261,41.810,-0.000,-0.000,0.133,0.185,0.365,-2.477,-9.867,0.001,0.002,0.000,0.000,-7.688,-10.571,0.000,0,19.334,8.248,-33.005,0.472,-0.314,0.619,-0.544,-0.000,-0.000,0.369,-6.100,1,1,14168,14223,14189,14170,-111.669,-87.882,14.080,0,0,0,0,0,0,0
1224890,1,938.262,643.912,650.261,41.820,-0.000,-0.000,0.047,-0.187,0.356,-2.471,-9.857,0.001,0.001,0.000,0.961,-2.883,-0.961,0.000,0,19.782,7.940,-33.453,0.471,-0.314,0.619,-0.544,-0.007,0.002,0.358,-6.129,1,1,14160,14240,14186,14160,-111.696,-87.892,14.065,0,0,0,0,0,0,0
1225890,1,938.254,643.986,650.261,41.820,-0.000,-0.000,0.148,-0.150,0.364,-2.475,-9.864,-0.000,0.001,0.000,8.649,-4.805,-14.415,0.000,0,19.726,8.066,-32.627,0.471,-0.313,0.620,-0.544,0.000,-0.000,0.367,-6.035,1,1,14155,14225,14189,14164,-111.722,-87.887,14.077,0,0,0,0,0,0,0
1226890,1,938.240,644.110,650.261,41.830,-0.000,-0.000,0.156,0.010,0.369,-2.469,-9.856,-0.000,0.002,0.000,6.727,-0.961,-23.064,0.000,0,19.740,8.192,-34.027,0.471,-0.313,0.619,-0.544,0.000,-0.000,0.357,-6.098,1,1,14154,14228,14189,14161,-111.737,-87.857,14.056,0,0,0,0,0,0,0
1227890,1,938.224,644.250,650.261,41.840,-0.000,0.000,0.110,0.090,0.369,-2.478,-9.864,0.001,0.002,0.000,5.766,-2.883,-5.766,0.000,0,19.320,8.178,-31.941,0.471,-0.313,0.620,-0.544,0.000,0.000,0.368,-6.000,1,1,14123,14219,14192,14161,-111.758,-87.858,14.091,0,0,0,0,0,0,0
1228890,1,938.259,643.941,650.261,41.850,-0.000,0.000,-0.011,-0.147,0.367,-2.477,-9.876,-0.000,0.001,0.001,1.922,-2.883,0.000,0.000,0,20.398,8.024,-32.893,0.471,-0.313,0.620,-0.544,0.004,0.004,0.379,-6.187,1,1,14150,14221,14188,14163,-111.781,-87.880,14.043,0,0,0,0,0,0,0
1229890,1,938.232,644.178,650.261,41.860,-0.000,0.000,0.140,0.076,0.363,-2.469,-9.863,0.001,0.002,0.000,6.727,-4.805,-13.454,0.000,0,19.684,7.730,-33.005,0.471,-0.313,0.620,-0.544,-0.005,0.003,0.364,-6.110,1,1,14155,14221,14185,14165,-111.800,-87.863,14.040,0,0,0,0,0,0,0
1230890,1,938.224,644.250,650.261,41.860,-0.000,0.000,0.184,0.099,0.350,-2.478,-9.868,0.001,0.001,0.000,3.844,-2.883,-10.571,0.000,0,19.992,7.814,-32.879,0.471,-0.313,0.620,-0.544,-0.017,0.006,0.370,-6.004,1,1,14126,14221,14190,14165,-111.823,-87.867,14.089,0,0,0,0,0,0,0
1231890,1,938.251,644.015,650.261,41.870,-0.000,0.000,0.060,-0.148,0.367,-2.484,-9.880,0.001,0.001,0.000,8.649,-8.649,2.883,0.000,0,19.908,7.870,-33.229,0.471,-0.313,0.620,-0.544,-0.000,-0.000,0.384,-6.029,1,1,14148,14221,14184,14164,-111.846,-87.871,14.100,0,0,0,0,0,0,0
1232890,1,938.248,644.036,650.261,41.880,0.000,0.000,0.121,-0.124,0.379,-2.478,-9.863,-0.000,0.002,0.000,4.805,-4.805,-3.844,0.000,0,19.082,8.150,-33.005,0.471,-0.312,0.620,-0.545,-0.000,0.000,0.367,-6.045,1,1,14154,14212,14193,14163,-111.851,-87.798,14.092,0,0,0,0,0,0,0
1233890,1,938.253,643.988,650.261,41.880,-0.000,0.000,0.143,-0.200,0.367,-2.479,-9.863,0.001,0.002,0.000,6.727,-3.844,-15.376,0.000,0,19.628,8.024,-34.237,0.471,-0.312,0.620,-0.544,-0.000,-0.000,0.367,-5.984,1,1,14154,14221,14186,14164,-111.892,-87.867,14.097,0,0,0,0,0,0,0
1234890,1,938.249,644.028,650.261,41.880,-0.000,0.000,0.041,-0.148,0.363,-2.463,-9.864,0.001,0.001,0.000,5.766,-3.844,-0.961,0.000,0,19.796,8.150,-33.551,0.470,-0.313,0.620,-0.545,0.000,-0.003,0.364,-6.044,1,1,14151,14220,14190,14163,-111.924,-87.900,14.024,0,0,0,0,0,0,0
1235890,1,938.235,644.155,650.261,41.890,-0.000,0.000,0.194,-0.030,0.359,-2.475,-9.874,0.001,0.001,0.000,5.766,-3.844,2.883,0.000,0,19.572,7.968,-31.871,0.470,-0.312,0.620,-0.545,-0.009,0.000,0.376,-6.000,1,1,14155,14224,14186,14164,-111.939,-87.872,14.081,0,0,0,0,0,0,0
1236890,1,938.240,644.110,650.261,41.900,-0.000,0.000,0.108,-0.054,0.372,-2.473,-9.875,-0.000,0.002,0.000,4.805,-4.805,0.000,0.000,0,19.166,7.912,-32.879,0.470,-0.312,0.620,-0.545,-0.000,-0.000,0.377,-6.037,1,1,14158,14224,14186,14161,-111.951,-87.841,14.047,0,0,0,0,0,0,0
1237890,1,938.199,644.469,650.261,41.910,-0.000,0.000,0.104,0.281,0.366,-2.484,-9.878,0.001,0.001,0.000,8.649,-0.961,-14.415,0.000,0,19.166,8.234,-33.467,0.470,-0.312,0.620,-0.545,-0.004,0.010,0.382,-6.003,1,1,14127,14221,14191,14165,-111.967,-87.833,14.061,0,0,0,0,0,0,0
1238890,1,938.255,643.978,650.261,41.920,-0.000,-0.000,0.111,-0.254,0.376,-2.477,-9.872,0.001,0.001,0.000,3.844,-6.727,-10.571,0.000,0,19.362,7.842,-32.655,0.470,-0.312,0.620,-0.545,0.000,-0.002,0.375,-5.943,1,1,14161,14214,14192,14160,-111.984,-87.824,14.080,0,0,0,0,0,0,0
1239890,1,938.251,644.012,650.261,41.920,-0.000,0.000,0.115,-0.185,0.363,-2.477,-9.864,0.001,0.001,0.000,7.688,-5.766,-11.532,0.000,0,19.124,8.318,-33.369,0.470,-0.312,0.620,-0.545,0.000,-0.000,0.367,-6.022,1,1,14157,14219,14189,14164,-112.019,-87.894,14.084,0,0,0,0,0,0,0
1240890,1,938.249,644.033,650.261,41.930,-0.000,0.000,0.078,-0.106,0.367,-2.475,-9.858,0.001,0.001,0.000,0.961,2.883,-6.727,0.000,0,19.460,8.192,-33.705,0.470,-0.312,0.620,-0.545,-0.001,-0.002,0.361,-6.109,1,1,14140,14215,14189,14160,-112.036,-87.867,14.097,0,0,0,0,0,0,0
1241890,1,938.231,644.186,650.261,41.940,-0.000,0.000,0.080,0.080,0.377,-2.481,-9.874,0.001,0.002,0.000,8.649,-4.805,-11.532,0.000,0,19.838,8.066,-33.649,0.470,-0.311,0.620,-0.545,0.001,-0.001,0.378,-6.135,1,1,14160,14220,14188,14161,-112.045,-87.820,14.100,0,0,0,0,0,0,0
1242890,1,938.240,644.110,650.261,41.940,-0.000,-0.000,0.117,-0.021,0.365,-2.469,-9.872,0.001,0.002,0.000,0.961,-2.883,-14.415,0.000,0,19.208,8.416,-33.719,0.470,-0.312,0.620,-0.545,-0.002,-0.002,0.372,-6.065,1,1,14158,14218,14188,14162,-112.077,-87.875,14.046,0,0,0,0,0,0,0
1243890,1,938.235,644.152,650.261,41.950,-0.000,-0.000,0.167,-0.020,0.376,-2.477,-9.863,-0.000,0.002,-0.001,9.610,-5.766,-13.454,0.000,0,19.432,7.828,-32.851,0.470,-0.311,0.620,-0.545,0.002,-0.000,0.366,-5.994,1,1,14149,14212,14180,14167,-112.080,-87.829,14.082,0,0,0,0,0,0,0
1244890,1,938.249,644.025,650.261,41.960,-0.000,-0.000,0.125,-0.147,0.365,-2.473,-9.861,0.001,0.002,0.000,1.922,-2.883,-6.727,0.000,0,19.698,7.646,-33.089,0.470,-0.311,0.621,-0.545,-0.001,-0.004,0.363,-6.024,1,1,14148,14221,14185,14164,-112.121,-87.885,14.088,0,0,0,0,0,0,0
1245890,1,938.236,644.147,650.261,41.970,-0.000,-0.000,0.106,-0.099,0.365,-2.471,-9.867,-0.000,0.002,0.000,7.688,-4.805,-16.337,0.000,0,19.320,7.772,-33.047,0.469,-0.311,0.621,-0.546,0.000,-0.000,0.368,-5.908,1,1,14156,14219,14183,14168,-112.140,-87.880,14.048,0,0,0,0,0,0,0
1246890,1,938.256,643.967,650.261,41.970,-0.000,-0.000,0.035,-0.156,0.356,-2.484,-9.855,-0.000,0.001,0.000,1.922,-3.844,-4.805,0.000,0,19.796,8.094,-33.691,0.469,-0.311,0.621,-0.545,-0.003,0.010,0.359,-6.155,1,1,14156,14220,14190,14157,-112.167,-87.898,14.090,0,0,0,0,0,0,0
1247890,1,938.258,643.951,650.261,41.980,-0.000,-0.000,0.147,-0.250,0.367,-2.471,-9.869,0.001,0.001,0.000,5.766,-4.805,-14.415,0.000,0,19.292,7.590,-33.243,0.469,-0.311,0.621,-0.546,-0.002,-0.002,0.370,-5.970,1,1,14125,14220,14188,14168,-112.179,-87.865,14.057,0,0,0,0,0,0,0
1248890,1,938.244,644.073,650.261,41.980,-0.000,-0.000,0.150,-0.133,0.378,-2.468,-9.870,0.001,0.002,-0.001,3.844,-7.688,-9.610,0.000,0,19.978,7.898,-33.341,0.469,-0.311,0.620,-0.546,0.001,-0.003,0.371,-5.973,1,1,14150,14220,14192,14166,-112.193,-87.817,14.042,0,0,0,0,0,0,0
1249890,1,938.221,644.276,650.261,41.990,-0.000,-0.000,0.149,0.091,0.369,-2.480,-9.868,-0.000,0.002,0.001,8.649,-1.922,-15.376,0.000,0,19.488,7.632,-32.697,0.469,-0.311,0.621,-0.546,-0.002,0.001,0.372,-6.013,1,1,14154,14216,14183,14162,-112.225,-87.853,14.099,0,0,0,0,0,0,0
1250890,1,938.226,644.229,650.261,42.000,-0.000,-0.000,0.076,0.011,0.361,-2.468,-9.864,-0.000,0.002,0.000,7.688,-4.805,-8.649,0.000,0,19.432,7.450,-33.033,0.469,-0.311,0.621,-0.546,0.000,-0.000,0.365,-5.981,1,1,14153,14216,14187,14163,-112.252,-87.900,14.037,0,0,0,0,0,0,0
1251890,1,938.240,644.107,650.261,42.000,-0.000,-0.000,0.084,-0.116,0.359,-2.472,-9.863,-0.000,0.001,0.000,3.844,-3.844,8.649,0.000,0,19.138,7.674,-32.893,0.469,-0.311,0.621,-0.546,-0.002,0.000,0.365,-5.984,1,1,14122,14214,14196,14161,-112.275,-87.906,14.062,0,0,0,0,0,0,0
1252890,1,938.236,644.144,650.261,42.010,-0.000,-0.000,0.119,-0.091,0.354,-2.479,-9.867,0.001,0.002,0.000,2.883,-4.805,-7.688,0.000,0,19.922,7.926,-33.845,0.469,-0.310,0.621,-0.546,-0.007,0.002,0.370,-5.965,1,1,14154,14215,14190,14162,-112.296,-87.906,14.099,0,0,0,0,0,0,0
1253890,1,938.226,644.234,650.261,42.020,-0.000,0.000,0.149,-0.030,0.370,-2.472,-9.869,0.001,0.002,-0.001,1.922,-5.766,-13.454,0.000,0,19.334,7.912,-34.307,0.469,-0.310,0.621,-0.546,-0.001,-0.009,0.371,-5.913,1,1,14154,14215,14188,14165,-112.309,-87.869,14.096,0,0,0,0,0,0,0
1254890,1,938.266,643.877,650.261,42.020,-0.000,0.000,0.025,-0.314,0.370,-2.480,-9.869,0.001,0.001,0.000,9.610,-3.844,-21.142,0.000,0,19.642,7.968,-33.607,0.469,-0.310,0.621,-0.546,-0.000,0.001,0.373,-6.073,1,1,14160,14216,14190,14162,-112.327,-87.853,14.096,0,0,0,0,0,0,0
1255890,1,938.220,644.281,650.261,42.040,-0.000,0.000,0.114,0.086,0.371,-2.472,-9.868,-0.000,0.002,0.000,12.493,-5.766,-9.610,0.000,0,19.488,8.346,-32.305,0.468,-0.310,0.621,-0.547,0.000,-0.000,0.370,-6.023,1,1,14153,14222,14192,14162,-112.343,-87.847,14.053,0,0,0,0,0,0,0
1256890,1,938.230,644.200,650.261,42.040,-0.000,0.000,0.083,0.021,0.361,-2.473,-9.870,0.001,0.001,0.000,2.883,-5.766,-12.493,0.000,0,19.670,7.730,-33.411,0.468,-0.310,0.621,-0.546,-0.000,-0.000,0.372,-6.054,1,1,14155,14224,14188,14159,-112.381,-87.904,14.055,0,0,0,0,0,0,0
1257890,1,938.189,644.559,650.261,42.040,-0.000,0.000,0.196,0.293,0.367,-2.475,-9.878,-0.000,0.002,0.001,9.610,-1.922,-11.532,0.000,0,19.726,8.136,-32.963,0.468,-0.310,0.621,-0.547,0.000,0.000,0.380,-5.881,1,1,14160,14218,14186,14164,-112.391,-87.868,14.060,0,0,0,0,0,0,0
1258890,1,938.248,644.036,650.261,42.060,-0.000,0.000,0.076,-0.208,0.364,-2.481,-9.864,-0.000,0.001,0.000,9.610,-4.805,-18.259,0.000,0,19.992,7.758,-32.865,0.468,-0.310,0.621,-0.547,-0.001,0.003,0.368,-5.970,1,1,14134,14218,14188,14158,-112.411,-87.876,14.096,0,0,0,0,0,0,0
1259890,1,938.224,644.250,650.261,42.060,-0.001,0.000,0.062,0.075,0.375,-2.467,-9.872,-0.000,0.002,0.000,2.883,-5.766,-3.844,0.000,0,19.628,7.520,-32.893,0.468,-0.310,0.621,-0.547,-0.000,0.000,0.372,-6.079,1,1,14152,14220,14208,14161,-112.422,-87.827,14.023,0,0,0,0,0,0,0
1260890,1,938.261,643.922,650.261,42.060,-0.001,0.001,0.011,-0.234,0.371,-2.474,-9.876,0.001,0.002,0.000,3.844,-1.922,4.805,0.000,0,19.208,7.786,-33.173,0.468,-0.309,0.621,-0.547,-0.000,-0.007,0.378,-6.091,1,1,14155,14213,14189,14164,-112.449,-87.863,14.090,0,0,0,0,0,0,0
1261890,1,938.248,644.036,650.261,42.080,-0.001,0.001,0.195,-0.191,0.372,-2.477,-9.870,0.001,0.002,0.000,2.883,-2.883,2.883,0.000,0,19.446,7.646,-32.795,0.468,-0.309,0.621,-0.547,-0.000,0.000,0.373,-5.931,1,1,14162,14216,14203,14165,-112.466,-87.842,14.076,0,0,0,0,0,0,0
1262890,1,938.245,644.062,650.261,42.080,-0.001,0.000,0.057,-0.126,0.365,-2.469,-9.875,0.001,0.001,0.000,7.688,-6.727,-7.688,0.000,0,20.160,7.590,-33.411,0.468,-0.310,0.622,-0.547,-0.000,0.000,0.376,-6.045,1,1,14130,14212,14186,14160,-112.495,-87.884,14.032,0,0,0,0,0,0,0
1263890,1,938.218,644.303,650.261,42.090,-0.001,0.000,0.103,0.076,0.356,-2.486,-9.861,-0.000,0.002,0.000,4.805,-3.844,0.000,0.000,0,19.782,7.436,-33.019,0.468,-0.309,0.622,-0.547,0.003,0.010,0.366,-5.968,1,1,14158,14213,14192,14164,-112.526,-87.929,14.087,0,0,0,0,0,0,0
1264890,1,938.248,644.036,650.261,42.100,-0.001,0.000,0.063,-0.162,0.353,-2.480,-9.873,0.001,0.001,0.000,0.000,-1.922,0.000,0.000,0,19.670,7.576,-33.845,0.467,-0.309,0.622,-0.547,-0.002,0.001,0.376,-6.031,1,1,14160,14216,14186,14163,-112.549,-87.944,14.093,0,0,0,0,0,0,0
1265890,1,938.215,644.334,650.261,42.100,-0.000,0.000,0.145,0.144,0.360,-2.474,-9.872,0.001,0.002,0.000,1.922,2.883,-13.454,0.000,0,19.726,7.912,-33.159,0.467,-0.309,0.622,-0.547,-0.003,-0.001,0.373,-6.020,1,1,14150,14218,14185,14160,-112.557,-87.895,14.071,0,0,0,0,0,0,0
1266890,1,938.257,643.962,650.261,42.110,-0.000,0.000,0.038,-0.203,0.376,-2.473,-9.874,0.001,0.002,0.000,7.688,-5.766,-17.298,0.000,0,19.880,7.758,-33.649,0.467,-0.309,0.621,-0.548,0.000,0.000,0.376,-6.070,1,1,14156,14219,14189,14166,-112.560,-87.820,14.052,0,0,0,0,0,0,0
1267890,1,938.218,644.308,650.261,42.110,-0.000,0.000,0.209,0.080,0.382,-2.477,-9.873,0.001,0.001,0.000,0.961,-5.766,-2.883,0.000,0,19.698,8.192,-33.789,0.467,-0.309,0.621,-0.548,0.006,0.002,0.376,-5.925,1,1,14162,14216,14192,14164,-112.577,-87.809,14.052,0,0,0,0,0,0,0
1268890,1,938.242,644.091,650.261,42.120,-0.001,0.000,0.059,-0.086,0.359,-2.471,-9.869,0.001,0.001,0.000,6.727,-4.805,-14.415,0.000,0,19.362,7.926,-32.123,0.467,-0.309,0.622,-0.547,-0.000,0.000,0.370,-6.057,1,1,14160,14215,14191,14162,-112.620,-87.916,14.045,0,0,0,0,0,0,0
1269890,1,938.226,644.234,650.261,42.130,-0.000,0.000,0.141,0.024,0.358,-2.480,-9.866,-0.000,0.002,0.000,6.727,-2.883,-11.532,0.000,0,19.796,7.772,-32.165,0.467,-0.309,0.622,-0.547,0.009,0.008,0.369,-5.968,1,1,14168,14220,14188,14168,-112.647,-87.952,14.043,0,0,0,0,0,0,0
1270890,1,938.201,644.456,650.261,42.130,-0.000,0.000,0.153,0.168,0.357,-2.467,-9.876,-0.000,0.001,0.000,8.649,-9.610,0.000,0.000,0,19.964,7.758,-32.431,0.467,-0.309,0.622,-0.548,-0.007,-0.003,0.376,-5.862,1,1,14136,14216,14183,14160,-112.654,-87.904,14.047,0,0,0,0,0,0,0
1271890,1,938.244,644.075,650.261,42.150,-0.000,0.000,0.089,-0.177,0.366,-2.472,-9.863,0.001,0.001,0.000,0.961,-5.766,-15.376,0.000,0,19.124,7.926,-32.235,0.467,-0.308,0.622,-0.548,0.000,-0.000,0.365,-5.974,1,1,14150,14215,14186,14161,-112.667,-87.872,14.060,0,0,0,0,0,0,0
1272890,1,938.226,644.231,650.261,42.150,-0.000,0.000,0.074,-0.036,0.370,-2.475,-9.869,0.001,0.001,-0.001,5.766,-8.649,0.000,0.000,0,19.670,8.206,-32.725,0.467,-0.308,0.622,-0.548,-0.000,-0.000,0.372,-5.945,1,1,14157,14224,14189,14156,-112.680,-87.854,14.071,0,0,0,0,0,0,0
1273890,1,938.247,644.044,650.261,42.160,-0.000,0.000,0.095,-0.264,0.371,-2.472,-9.872,-0.000,0.002,0.001,4.805,-5.766,-11.532,0.000,0,19.824,7.870,-32.627,0.467,-0.308,0.622,-0.548,0.000,-0.000,0.373,-5.872,1,1,14127,14218,14185,14161,-112.699,-87.847,14.048,0,0,0,0,0,0,0
1274890,1,938.208,644.392,650.261,42.160,-0.000,0.000,0.122,0.087,0.377,-2.479,-9.875,0.001,0.002,0.000,9.610,-2.883,3.844,0.000,0,19.614,8.304,-33.047,0.467,-0.308,0.622,-0.548,0.012,-0.004,0.379,-5.893,1,1,14187,14211,14185,14160,-112.731,-87.883,14.080,0,0,0,0,0,0,0
1275890,1,938.275,643.798,650.261,42.170,-0.000,0.000,0.019,-0.459,0.366,-2.469,-9.861,0.001,0.002,0.000,9.610,-3.844,0.000,0.000,0,20.062,7.842,-32.809,0.466,-0.308,0.622,-0.548,0.000,-0.000,0.362,-5.998,1,1,14156,14224,14192,14158,-112.744,-87.872,14.048,0,0,0,0,0,0,0
1276890,1,938.222,644.266,650.261,42.170,-0.000,0.000,0.077,0.033,0.358,-2.481,-9.861,0.001,0.001,0.000,-0.961,-7.688,0.000,0.000,0,20.300,7.660,-32.739,0.466,-0.308,0.623,-0.548,0.003,0.008,0.365,-6.001,1,1,14130,14215,14186,14162,-112.776,-87.918,14.068,0,0,0,0,0,0,0
1277890,1,938.230,644.192,650.261,42.190,-0.000,0.000,0.191,-0.071,0.358,-2.483,-9.863,-0.000,0.002,0.000,8.649,0.000,-22.103,0.000,0,19.964,7.996,-32.263,0.466,-0.308,0.623,-0.548,-0.000,0.000,0.367,-5.917,1,1,14180,14225,14184,14161,-112.800,-87.922,14.119,0,0,0,0,0,0,0
1278890,1,938.207,644.398,650.261,42.190,-0.000,0.000,0.151,0.115,0.366,-2.487,-9.882,0.001,0.002,0.000,4.805,-5.766,-9.610,0.000,0,19.670,8.094,-33.495,0.466,-0.307,0.623,-0.548,0.000,-0.000,0.387,-5.889,1,1,14134,14220,14192,14164,-112.811,-87.877,14.118,0,0,0,0,0,0,0
1279890,1,938.219,644.295,650.261,42.200,-0.000,0.000,0.061,0.046,0.370,-2.478,-9.872,0.001,0.001,0.000,2.883,-3.844,2.883,0.000,0,19.586,8.024,-32.585,0.466,-0.307,0.622,-0.549,-0.001,0.003,0.375,-5.982,1,1,14136,14220,14198,14164,-112.825,-87.842,14.070,0,0,0,0,0,0,0
1280890,1,938.242,644.086,650.261,42.200,-0.000,0.000,0.035,-0.172,0.373,-2.478,-9.873,-0.000,0.001,0.000,4.805,-5.766,-13.454,0.000,0,19.950,7.646,-33.859,0.466,-0.307,0.622,-0.549,0.002,-0.002,0.376,-5.972,1,1,14158,14216,14184,14156,-112.844,-87.849,14.085,0,0,0,0,0,0,0
1281889,1,938.217,644.313,650.261,42.220,-0.000,0.000,0.116,0.039,0.369,-2.473,-9.869,0.001,0.002,0.000,6.727,-2.883,-1.922,0.000,0,19.544,8.458,-32.151,0.466,-0.307,0.623,-0.548,0.003,-0.006,0.371,-5.932,1,1,14139,14219,14184,14158,-112.878,-87.888,14.079,0,0,0,0,0,0,0
1282890,1,938.215,644.334,650.261,42.220,-0.000,0.000,0.128,0.084,0.365,-2.473,-9.866,-0.000,0.002,0.000,5.766,0.000,0.000,0.000,0,19.404,7.828,-34.363,0.466,-0.307,0.623,-0.549,-0.000,-0.000,0.367,-5.964,1,1,14146,14224,14186,14168,-112.894,-87.880,14.061,0,0,0,0,0,0,0
1283890,1,938.230,644.194,650.261,42.220,-0.001,0.000,0.081,-0.077,0.360,-2.481,-9.861,-0.000,0.001,0.000,4.805,-2.883,-1.922,0.000,0,19.320,7.870,-32.431,0.466,-0.307,0.623,-0.548,0.000,-0.000,0.365,-5.935,1,1,14156,14218,14186,14161,-112.921,-87.906,14.116,0,0,0,0,0,0,0
1284890,1,938.203,644.435,650.261,42.230,-0.001,0.000,0.237,0.071,0.366,-2.473,-9.872,0.001,0.001,0.000,4.805,-3.844,-10.571,0.000,0,19.446,7.982,-33.775,0.466,-0.307,0.623,-0.549,-0.000,-0.000,0.373,-5.766,1,1,14157,14224,14178,14160,-112.935,-87.875,14.054,0,0,0,0,0,0,0
1285890,1,938.250,644.025,650.261,42.240,-0.001,0.000,0.034,-0.269,0.367,-2.478,-9.875,-0.000,0.001,0.000,0.000,0.000,-10.571,0.000,0,19.572,7.422,-33.453,0.466,-0.307,0.623,-0.549,0.000,0.000,0.378,-5.955,1,1,14130,14226,14192,14165,-112.955,-87.869,14.077,0,0,0,0,0,0,0
1286890,1,938.222,644.271,650.261,42.250,-0.001,0.000,0.175,-0.098,0.371,-2.484,-9.869,-0.000,0.001,0.000,4.805,-6.727,-9.610,0.000,0,19.894,8.038,-32.193,0.466,-0.307,0.623,-0.549,0.003,0.007,0.374,-5.788,1,1,14157,14220,14185,14161,-112.969,-87.848,14.075,0,0,0,0,0,0,0
1287890,1,938.204,644.432,650.261,42.250,-0.001,0.000,0.150,0.085,0.375,-2.477,-9.868,-0.000,0.001,0.000,4.805,-1.922,0.000,0.000,0,19.754,8.010,-32.235,0.466,-0.306,0.623,-0.549,0.000,0.000,0.371,-5.847,1,1,14159,14218,14183,14160,-112.981,-87.825,14.079,0,0,0,0,0,0,0
1288890,1,938.170,644.731,650.261,42.260,-0.001,0.000,0.234,0.370,0.375,-2.472,-9.872,0.001,0.001,0.000,3.844,-3.844,0.000,0.000,0,19.586,7.982,-33.691,0.465,-0.307,0.623,-0.549,0.011,-0.006,0.373,-5.804,1,1,14153,14217,14186,14161,-113.018,-87.897,14.055,0,0,0,0,0,0,0
1289890,1,938.218,644.303,650.261,42.260,-0.000,0.000,0.119,-0.037,0.367,-2.467,-9.861,0.001,0.002,0.000,3.844,-4.805,0.000,0.000,0,19.670,8.136,-33.383,0.465,-0.306,0.623,-0.549,0.002,-0.007,0.361,-5.869,1,1,14152,14215,14184,14165,-113.041,-87.892,14.065,0,0,0,0,0,0,0
1290890,1,938.235,644.155,650.261,42.270,-0.001,0.000,0.154,-0.275,0.359,-2.472,-9.878,0.001,0.002,0.000,6.727,-2.883,-2.883,0.000,0,19.376,7.968,-32.263,0.465,-0.306,0.623,-0.549,-0.003,-0.008,0.379,-5.719,1,1,14125,14224,14185,14165,-113.065,-87.921,14.086,0,0,0,0,0,0,0
1291890,1,938.193,644.527,650.261,42.280,-0.001,0.000,0.110,0.133,0.363,-2.478,-9.879,0.001,0.002,0.000,0.000,-6.727,0.000,0.000,0,19.432,7.800,-32.011,0.465,-0.306,0.623,-0.549,-0.000,0.000,0.381,-5.818,1,1,14178,14213,14188,14163,-113.076,-87.898,14.072,0,0,0,0,0,0,0
1292890,1,938.271,643.838,650.261,42.290,-0.001,0.000,-0.029,-0.472,0.371,-2.474,-9.878,0.001,0.002,0.000,4.805,-2.883,0.000,0.000,0,19.278,7.674,-33.411,0.465,-0.306,0.623,-0.550,0.000,0.000,0.380,-5.966,1,1,14155,14214,14191,14164,-113.084,-87.848,14.054,0,0,0,0,0,0,0
1293890,1,938.242,644.091,650.261,42.300,-0.001,0.000,0.135,-0.232,0.370,-2.472,-9.868,0.001,0.002,0.000,1.922,-2.883,0.000,0.000,0,19.194,8.500,-33.663,0.465,-0.306,0.623,-0.550,-0.000,-0.000,0.370,-5.887,1,1,14158,14220,14200,14169,-113.106,-87.855,14.052,0,0,0,0,0,0,0
1294890,1,938.222,644.271,650.261,42.300,-0.000,0.000,0.097,-0.029,0.372,-2.471,-9.869,0.001,0.002,0.000,6.727,-7.688,-12.493,0.000,0,19.922,7.828,-33.117,0.465,-0.306,0.623,-0.550,-0.000,-0.000,0.371,-5.923,1,1,14139,14216,14186,14160,-113.124,-87.839,14.043,0,0,0,0,0,0,0
1295890,1,938.187,644.575,650.261,42.310,-0.001,0.000,0.250,0.225,0.372,-2.468,-9.867,-0.000,0.001,0.000,0.961,-5.766,-10.571,0.000,0,19.964,7.996,-32.291,0.464,-0.306,0.623,-0.550,0.005,-0.005,0.368,-5.788,1,1,14162,14207,14182,14164,-113.150,-87.878,14.049,0,0,0,0,0,0,0
1296890,1,938.237,644.139,650.261,42.310,-0.001,0.000,0.070,-0.213,0.352,-2.473,-9.879,0.001,0.001,0.000,5.766,-3.844,-7.688,0.000,0,19.096,8.010,-33.047,0.464,-0.306,0.624,-0.549,-0.001,-0.000,0.380,-5.836,1,1,14156,14221,14196,14165,-113.186,-87.957,14.047,0,0,0,0,0,0,0
1297890,1,938.190,644.548,650.261,42.320,-0.001,0.000,0.067,0.231,0.356,-2.483,-9.880,0.001,0.001,0.000,5.766,0.000,-14.415,0.000,0,19.628,7.674,-32.025,0.464,-0.306,0.624,-0.550,-0.001,0.007,0.383,-5.924,1,1,14144,14224,14188,14164,-113.193,-87.920,14.065,0,0,0,0,0,0,0
1298890,1,938.184,644.604,650.261,42.330,-0.001,0.000,0.061,0.324,0.367,-2.474,-9.866,0.001,0.001,0.000,4.805,-5.766,-3.844,0.000,0,19.488,8.136,-33.271,0.464,-0.305,0.623,-0.550,-0.000,-0.000,0.368,-5.975,1,1,14128,14211,14192,14162,-113.195,-87.868,14.068,0,0,0,0,0,0,0
1299890,1,938.203,644.432,650.261,42.340,-0.001,0.000,0.180,0.091,0.357,-2.475,-9.876,0.001,0.002,0.000,3.844,-1.922,-2.883,0.000,0,19.488,7.674,-33.215,0.464,-0.305,0.623,-0.550,-0.014,0.000,0.378,-5.826,1,1,14150,14219,14175,14163,-113.212,-87.857,14.092,0,0,0,0,0,0,0
1300890,1,938.212,644.355,650.261,42.340,-0.001,0.000,0.089,0.016,0.366,-2.474,-9.875,0.001,0.002,0.000,10.571,-4.805,-16.337,0.000,0,19.656,8.038,-32.473,0.464,-0.305,0.624,-0.550,-0.000,-0.000,0.377,-5.863,1,1,14196,14223,14184,14166,-113.239,-87.876,14.056,0,0,0,0,0,0,0
1301890,1,938.240,644.110,650.261,42.350,-0.001,0.000,0.093,-0.253,0.369,-2.471,-9.879,0.001,0.001,0.000,3.844,-2.883,-2.883,0.000,0,19.488,7.842,-32.725,0.464,-0.305,0.623,-0.550,0.000,0.000,0.380,-5.830,1,1,14134,14220,14192,14163,-113.252,-87.862,14.034,0,0,0,0,0,0,0
1302890,1,938.209,644.385,650.261,42.350,-0.000,0.000,0.159,-0.015,0.376,-2.474,-9.868,0.001,0.002,0.000,12.493,-0.961,-14.415,0.000,0,19.474,7.674,-33.089,0.464,-0.305,0.623,-0.550,0.000,0.000,0.370,-5.770,1,1,14150,14213,14185,14163,-113.261,-87.819,14.066,0,0,0,0,0,0,0
1303890,1,938.196,644.498,650.261,42.370,-0.000,-0.000,0.079,0.147,0.369,-2.479,-9.868,0.001,0.002,0.000,9.610,-5.766,-5.766,0.000,0,19.558,7.338,-32.571,0.464,-0.305,0.624,-0.550,-0.000,0.000,0.371,-5.885,1,1,14152,14218,14192,14162,-113.296,-87.862,14.092,0,0,0,0,0,0,0
1304890,1,938.229,644.202,650.261,42.370,-0.000,-0.000,0.043,-0.089,0.363,-2.479,-9.873,-0.000,0.002,0.000,5.766,-0.961,-7.688,0.000,0,19.194,7.688,-33.439,0.464,-0.305,0.624,-0.550,-0.000,0.001,0.376,-5.961,1,1,14157,14220,14190,14166,-113.322,-87.895,14.084,0,0,0,0,0,0,0
1305890,1,938.202,644.443,650.261,42.380,-0.000,-0.000,0.123,0.160,0.360,-2.483,-9.867,-0.000,0.001,0.001,6.727,-1.922,1.922,0.000,0,19.236,8.052,-32.921,0.464,-0.305,0.624,-0.550,-0.000,-0.000,0.371,-5.939,1,1,14154,14222,14194,14160,-113.340,-87.909,14.113,0,0,0,0,0,0,0
1306890,1,938.226,644.237,650.261,42.380,-0.000,-0.000,0.077,-0.048,0.361,-2.467,-9.864,0.001,0.001,0.000,8.649,-1.922,-18.259,0.000,0,19.362,8.052,-33.103,0.463,-0.305,0.624,-0.550,0.001,-0.008,0.365,-5.928,1,1,14156,14218,14190,14164,-113.366,-87.925,14.066,0,0,0,0,0,0,0
1307889,1,938.201,644.453,650.261,42.400,-0.001,-0.000,0.183,0.133,0.361,-2.472,-9.867,-0.000,0.001,0.000,7.688,-2.883,-12.493,0.000,0,19.334,7.786,-33.439,0.463,-0.305,0.624,-0.550,0.000,-0.000,0.368,-5.858,1,1,14154,14219,14186,14164,-113.374,-87.902,14.055,0,0,0,0,0,0,0
1308890,1,938.217,644.313,650.261,42.400,-0.001,-0.000,0.096,0.022,0.363,-2.462,-9.866,0.001,0.002,0.000,9.610,-2.883,-16.337,0.000,0,19.572,7.758,-33.355,0.463,-0.305,0.624,-0.551,-0.001,-0.000,0.365,-5.933,1,1,14142,14222,14181,14166,-113.387,-87.891,14.007,0,0,0,0,0,0,0
1309890,1,938.215,644.332,650.261,42.400,-0.001,-0.000,0.216,-0.027,0.372,-2.474,-9.879,-0.000,0.002,0.000,3.844,-1.922,-5.766,0.000,0,19.138,7.730,-32.529,0.464,-0.304,0.624,-0.551,-0.003,-0.003,0.381,-5.784,1,1,14160,14219,14186,14164,-113.389,-87.833,14.072,0,0,0,0,0,0,0
1310890,1,938.232,644.176,650.261,42.410,-0.001,-0.000,0.117,-0.232,0.376,-2.475,-9.869,0.001,0.001,0.000,7.688,-5.766,-4.805,0.000,0,19.236,7.282,-32.473,0.464,-0.304,0.624,-0.551,-0.000,-0.000,0.372,-5.750,1,1,14160,14212,14192,14164,-113.408,-87.821,14.069,0,0,0,0,0,0,0
1311889,1,938.197,644.488,650.261,42.420,-0.000,-0.000,0.147,0.087,0.367,-2.471,-9.875,0.001,0.002,-0.001,3.844,-1.922,0.000,0.000,0,19.866,7.506,-32.767,0.463,-0.304,0.624,-0.551,-0.001,-0.002,0.376,-5.792,1,1,14151,14224,14193,14161,-113.437,-87.868,14.048,0,0,0,0,0,0,0
1312890,1,938.216,644.324,650.261,42.420,-0.001,-0.000,0.131,-0.057,0.366,-2.483,-9.872,0.001,0.002,0.000,8.649,-4.805,-12.493,0.000,0,19.908,7.002,-32.529,0.463,-0.304,0.624,-0.551,0.000,0.000,0.376,-5.823,1,1,14152,14216,14192,14161,-113.460,-87.874,14.107,0,0,0,0,0,0,0
1313890,1,938.205,644.419,650.261,42.440,-0.001,0.000,0.068,0.069,0.358,-2.473,-9.868,-0.000,0.001,0.000,2.883,-5.766,-10.571,0.000,0,19.516,7.436,-33.621,0.463,-0.304,0.625,-0.551,-0.005,-0.009,0.370,-5.883,1,1,14155,14226,14189,14160,-113.492,-87.918,14.112,0,0,0,0,0,0,0
1314890,1,938.180,644.641,650.261,42.440,-0.001,0.000,0.198,0.261,0.347,-2.474,-9.873,-0.000,0.002,0.000,2.883,-4.805,-1.922,0.000,0,19.670,7.856,-33.173,0.463,-0.304,0.625,-0.551,-0.008,0.004,0.374,-5.803,1,1,14140,14220,14189,14159,-113.515,-87.938,14.058,0,0,0,0,0,0,0
1315890,1,938.198,644.485,650.261,42.450,-0.001,0.000,0.152,0.052,0.357,-2.479,-9.866,0.002,0.002,0.000,7.688,-5.766,-13.454,0.000,0,19.264,7.842,-33.663,0.463,-0.304,0.625,-0.551,0.000,0.000,0.369,-5.723,1,1,14148,14217,14187,14162,-113.529,-87.929,14.097,0,0,0,0,0,0,0
1316890,1,938.205,644.419,650.261,42.450,-0.001,-0.000,0.105,-0.021,0.365,-2.462,-9.867,0.001,0.001,0.000,-0.961,-5.766,-13.454,0.000,0,19.418,7.576,-34.783,0.462,-0.304,0.624,-0.551,-0.000,-0.003,0.366,-5.744,1,1,14152,14232,14194,14163,-113.535,-87.885,14.016,0,0,0,0,0,0,0
1317890,1,938.179,644.651,650.261,42.460,-0.001,0.000,0.117,0.263,0.371,-2.487,-9.867,-0.000,0.002,0.000,2.883,-5.766,-2.883,0.000,0,19.684,7.478,-32.823,0.463,-0.303,0.624,-0.551,0.000,0.000,0.372,-5.843,1,1,14152,14220,14185,14168,-113.541,-87.846,14.140,0,0,0,0,0,0,0
1318890,1,938.223,644.258,650.261,42.460,-0.001,0.000,0.118,-0.175,0.378,-2.477,-9.866,0.001,0.002,0.000,7.688,-3.844,-16.337,0.000,0,18.816,7.324,-33.873,0.463,-0.303,0.624,-0.552,-0.000,0.000,0.369,-5.745,1,1,14134,14226,14188,14159,-113.546,-87.805,14.082,0,0,0,0,0,0,0
1319890,1,938.248,644.036,650.261,42.480,-0.001,0.000,0.040,-0.340,0.369,-2.481,-9.876,0.001,0.001,0.000,11.532,-1.922,-17.298,0.000,0,18.802,7.786,-34.713,0.463,-0.303,0.624,-0.551,0.000,-0.000,0.380,-5.863,1,1,14158,14218,14187,14157,-113.580,-87.862,14.093,0,0,0,0,0,0,0
1320890,1,938.206,644.406,650.261,42.480,-0.001,0.000,0.145,0.007,0.372,-2.484,-9.870,0.001,0.001,0.000,2.883,-5.766,-13.454,0.000,0,19.278,7.674,-33.789,0.462,-0.303,0.624,-0.552,0.007,0.005,0.375,-5.792,1,1,14161,14220,14184,14158,-113.601,-87.865,14.072,0,0,0,0,0,0,0
1321890,1,938.167,644.760,650.261,42.480,-0.001,0.000,0.242,0.308,0.367,-2.475,-9.872,0.001,0.001,0.000,8.649,-3.844,-9.610,0.000,0,19.446,7.688,-33.355,0.462,-0.303,0.625,-0.552,-0.000,0.000,0.374,-5.685,1,1,14168,14225,14188,14165,-113.618,-87.870,14.069,0,0,0,0,0,0,0
1322890,1,938.195,644.503,650.261,42.490,-0.001,0.000,0.058,0.073,0.364,-2.474,-9.864,0.001,0.001,0.000,5.766,-2.883,-2.883,0.000,0,19.306,7.590,-33.033,0.462,-0.303,0.625,-0.552,-0.000,-0.000,0.367,-5.784,1,1,14148,14220,14189,14166,-113.640,-87.888,14.069,0,0,0,0,0,0,0
1323890,1,938.196,644.501,650.261,42.500,-0.001,0.000,0.182,0.057,0.361,-2.478,-9.869,0.001,0.002,-0.001,4.805,-1.922,-5.766,0.000,0,19.012,7.786,-34.559,0.462,-0.303,0.625,-0.552,0.000,-0.000,0.372,-5.741,1,1,14155,14213,14186,14166,-113.664,-87.902,14.084,0,0,0,0,0,0,0
1324890,1,938.198,644.477,650.261,42.500,-0.001,0.000,0.073,0.021,0.358,-2.481,-9.875,0.001,0.002,0.000,9.610,0.000,-7.688,0.000,0,19.264,7.380,-33.299,0.462,-0.303,0.625,-0.551,0.000,-0.000,0.379,-5.740,1,1,14164,14218,14189,14163,-113.683,-87.923,14.095,0,0,0,0,0,0,0
1325890,1,938.211,644.366,650.261,42.510,-0.001,-0.000,0.091,-0.155,0.370,-2.466,-9.867,0.001,0.001,0.000,0.000,-4.805,0.000,0.000,0,19.376,7.786,-33.579,0.462,-0.303,0.625,-0.552,0.001,-0.013,0.367,-5.639,1,1,14157,14224,14183,14162,-113.695,-87.886,14.087,0,0,0,0,0,0,0
1326890,1,938.207,644.400,650.261,42.520,-0.001,-0.000,0.048,-0.056,0.361,-2.472,-9.861,-0.000,0.002,0.000,9.610,-0.961,-7.688,0.000,0,19.670,8.052,-32.907,0.462,-0.303,0.625,-0.552,-0.007,0.001,0.362,-5.797,1,1,14161,14212,14184,14159,-113.708,-87.863,14.073,0,0,0,0,0,0,0
1327890,1,938.212,644.355,650.261,42.530,-0.001,-0.000,0.143,-0.103,0.369,-2.469,-9.872,-0.000,0.002,0.000,8.649,-9.610,-7.688,0.000,0,19.432,7.940,-32.865,0.462,-0.302,0.625,-0.552,-0.010,-0.005,0.373,-5.741,1,1,14156,14218,14188,14168,-113.711,-87.823,14.080,0,0,0,0,0,0,0
1328890,1,938.182,644.622,650.261,42.530,-0.001,-0.000,0.173,0.139,0.364,-2.478,-9.866,0.001,0.002,0.000,0.961,-3.844,-0.961,0.000,0,19.782,7.800,-33.789,0.462,-0.302,0.625,-0.552,0.000,0.000,0.369,-5.680,1,1,14158,14216,14194,14164,-113.745,-87.887,14.090,0,0,0,0,0,0,0
1329890,1,938.193,644.527,650.261,42.530,-0.001,-0.000,0.063,0.046,0.370,-2.484,-9.860,0.001,0.002,0.000,0.000,-3.844,2.883,0.000,0,19.656,7.520,-34.055,0.462,-0.302,0.625,-0.552,-0.003,0.005,0.364,-5.739,1,1,14160,14217,14186,14160,-113.747,-87.827,14.113,0,0,0,0,0,0,0
1330890,1,938.201,644.453,650.261,42.540,-0.001,-0.000,0.068,0.035,0.372,-2.471,-9.874,0.001,0.001,0.000,4.805,-2.883,0.000,0.000,0,19.530,7.954,-34.307,0.462,-0.302,0.625,-0.552,0.001,-0.003,0.375,-5.832,1,1,14158,14220,14188,14164,-113.774,-87.853,14.051,0,0,0,0,0,0,0
1331890,1,938.244,644.073,650.261,42.550,-0.001,-0.001,0.072,-0.316,0.364,-2.472,-9.879,-0.000,0.001,0.000,1.922,-8.649,-15.376,0.000,0,19.796,7.674,-34.167,0.461,-0.302,0.625,-0.552,0.000,0.000,0.380,-5.846,1,1,14162,14213,14192,14162,-113.798,-87.891,14.039,0,0,0,0,0,0,0
1332890,1,938.201,644.453,650.261,42.560,-0.001,-0.000,0.145,0.062,0.369,-2.468,-9.869,0.001,0.001,0.000,11.532,-5.766,-14.415,0.000,0,19.684,7.576,-32.921,0.461,-0.302,0.625,-0.552,0.009,-0.007,0.370,-5.802,1,1,14158,14222,14189,14164,-113.822,-87.924,14.047,0,0,0,0,0,0,0
1333890,1,938.199,644.469,650.261,42.570,-0.001,-0.000,0.101,0.066,0.359,-2.472,-9.873,0.001,0.002,0.000,3.844,-2.883,-7.688,0.000,0,19.418,7.660,-33.411,0.461,-0.302,0.625,-0.552,-0.001,-0.000,0.374,-5.792,1,1,14156,14224,14186,14162,-113.836,-87.914,14.050,0,0,0,0,0,0,0
1334890,1,938.186,644.585,650.261,42.570,-0.001,-0.000,0.212,0.101,0.363,-2.480,-9.874,-0.000,0.001,0.000,8.649,-3.844,-13.454,0.000,0,19.488,7.744,-33.789,0.461,-0.302,0.625,-0.552,0.002,0.007,0.377,-5.651,1,1,14144,14216,14193,14165,-113.851,-87.892,14.053,0,0,0,0,0,0,0
1335890,1,938.199,644.469,650.261,42.580,-0.001,-0.000,0.101,0.024,0.366,-2.471,-9.873,0.001,0.002,0.000,8.649,-3.844,-9.610,0.000,0,19.390,7.968,-32.991,0.461,-0.302,0.625,-0.553,0.000,-0.000,0.374,-5.763,1,1,14154,14220,14188,14162,-113.865,-87.874,14.039,0,0,0,0,0,0,0
1336889,1,938.215,644.334,650.261,42.590,-0.001,-0.000,0.118,-0.112,0.366,-2.475,-9.860,0.001,0.002,-0.001,8.649,-2.883,-11.532,0.000,0,19.600,7.968,-33.019,0.461,-0.302,0.625,-0.553,-0.000,0.007,0.362,-5.748,1,1,14150,14224,14187,14168,-113.875,-87.856,14.050,0,0,0,0,0,0,0
1337890,1,938.180,644.641,650.261,42.590,-0.001,-0.000,0.147,0.181,0.367,-2.480,-9.878,0.001,0.001,-0.001,6.727,-3.844,1.922,0.000,0,19.558,7.940,-33.803,0.461,-0.302,0.625,-0.553,-0.004,0.005,0.381,-5.720,1,1,14160,14218,14185,14163,-113.892,-87.837,14.071,0,0,0,0,0,0,0
1338890,1,938.229,644.205,650.261,42.600,-0.001,-0.000,0.131,-0.291,0.370,-2.474,-9.879,0.001,0.001,0.000,6.727,-3.844,-0.961,0.000,0,19.446,7.716,-34.797,0.461,-0.302,0.625,-0.553,-0.000,-0.000,0.381,-5.680,1,1,14131,14218,14184,14161,-113.912,-87.855,14.050,0,0,0,0,0,0,0
1339890,1,938.222,644.266,650.261,42.610,-0.001,0.000,0.098,-0.211,0.367,-2.471,-9.878,-0.000,0.001,0.000,8.649,-4.805,-15.376,0.000,0,19.964,8.066,-33.621,0.461,-0.301,0.625,-0.553,-0.004,-0.004,0.379,-5.735,1,1,14192,14216,14184,14162,-113.932,-87.858,14.059,0,0,0,0,0,0,0
1340890,1,938.171,644.717,650.261,42.620,-0.001,-0.000,0.096,0.279,0.367,-2.472,-9.873,0.001,0.002,0.000,11.532,-2.883,-17.298,0.000,0,19.082,8.220,-34.195,0.461,-0.301,0.625,-0.553,0.000,0.000,0.374,-5.803,1,1,14188,14221,14185,14164,-113.951,-87.866,14.047,0,0,0,0,0,0,0
1341890,1,938.199,644.469,650.261,42.620,-0.001,-0.000,0.153,0.004,0.377,-2.479,-9.884,-0.000,0.001,0.000,9.610,-1.922,-11.532,0.000,0,19.516,7.660,-33.971,0.461,-0.301,0.625,-0.553,0.005,-0.002,0.387,-5.718,1,1,14150,14217,14192,14164,-113.963,-87.847,14.071,0,0,0,0,0,0,0
1342890,1,938.189,644.564,650.261,42.620,-0.001,-0.000,0.290,0.025,0.367,-2.472,-9.873,0.001,0.001,0.000,6.727,-1.922,0.000,0.000,0,19.194,7.506,-32.725,0.460,-0.301,0.625,-0.553,0.000,-0.000,0.374,-5.574,1,1,14126,14212,14188,14164,-113.990,-87.868,14.046,0,0,0,0,0,0,0
1343889,1,938.176,644.673,650.261,42.630,-0.001,-0.000,0.155,0.106,0.371,-2.467,-9.872,-0.000,0.001,0.000,4.805,-7.688,-13.454,0.000,0,19.124,7.604,-33.971,0.460,-0.301,0.626,-0.553,0.019,-0.013,0.372,-5.595,1,1,14138,14228,14188,14161,-114.032,-87.975,14.047,0,0,0,0,0,0,0
1344890,1,938.210,644.377,650.261,42.640,-0.001,-0.000,0.085,-0.127,0.364,-2.473,-9.858,0.001,0.002,0.000,2.883,-3.844,0.000,0.000,0,19.418,7.786,-33.817,0.460,-0.301,0.626,-0.553,0.001,-0.003,0.360,-5.732,1,1,14168,14216,14181,14159,-114.029,-87.897,14.083,0,0,0,0,0,0,0
1345890,1,938.189,644.559,650.261,42.640,-0.001,-0.000,0.155,0.052,0.365,-2.475,-9.868,0.001,0.002,0.000,12.493,-0.961,-18.259,0.000,0,19.712,7.380,-33.551,0.460,-0.301,0.626,-0.553,0.000,0.000,0.370,-5.692,1,1,14157,14224,14186,14162,-114.039,-87.882,14.075,0,0,0,0,0,0,0
1346890,1,938.180,644.643,650.261,42.650,-0.001,-0.001,0.113,0.127,0.356,-2.467,-9.868,0.001,0.002,0.000,2.883,-2.883,-0.961,0.000,0,19.796,7.940,-33.131,0.460,-0.301,0.626,-0.553,-0.010,-0.007,0.368,-5.679,1,1,14158,14221,14189,14162,-114.069,-87.901,14.085,0,0,0,0,0,0,0
1347890,1,938.205,644.419,650.261,42.660,-0.001,-0.001,0.100,-0.097,0.360,-2.477,-9.862,0.001,0.002,0.000,7.688,-3.844,-15.376,0.000,0,19.656,8.150,-33.061,0.460,-0.301,0.626,-0.553,-0.000,0.000,0.365,-5.697,1,1,14154,14218,14192,14167,-114.085,-87.909,14.088,0,0,0,0,0,0,0
1348890,1,938.176,644.675,650.261,42.670,-0.001,-0.001,0.100,0.158,0.359,-2.468,-9.879,-0.000,0.002,0.000,11.532,3.844,-2.883,0.000,0,19.054,7.786,-32.571,0.460,-0.301,0.626,-0.553,-0.009,-0.007,0.379,-5.694,1,1,14150,14217,14187,14168,-114.095,-87.887,14.076,0,0,0,0,0,0,0
1349890,1,938.168,644.744,650.261,42.670,-0.001,-0.001,0.114,0.232,0.365,-2.477,-9.872,-0.000,0.001,0.000,3.844,-2.883,0.000,0.000,0,19.614,8.150,-32.893,0.460,-0.301,0.626,-0.553,0.000,-0.000,0.374,-5.703,1,1,14144,14222,14184,14167,-114.109,-87.880,14.074,0,0,0,0,0,0,0
1350890,1,938.250,644.017,650.261,42.680,-0.001,-0.001,-0.071,-0.417,0.361,-2.481,-9.876,0.001,0.002,0.000,8.649,-2.883,-16.337,0.000,0,20.286,8.136,-33.453,0.460,-0.300,0.625,-0.554,-0.021,0.009,0.380,-5.859,1,1,14158,14226,14190,14164,-114.093,-87.775,14.093,0,0,0,0,0,0,0
1351890,1,938.184,644.607,650.261,42.690,-0.001,-0.001,0.170,0.140,0.366,-2.478,-9.874,0.001,0.001,0.000,2.883,-5.766,-11.532,0.000,0,19.544,7.576,-34.125,0.460,-0.300,0.626,-0.554,-0.000,0.000,0.377,-5.730,1,1,14135,14220,14188,14164,-114.135,-87.877,14.077,0,0,0,0,0,0,0
1352890,1,938.207,644.398,650.261,42.690,-0.001,-0.001,0.108,-0.075,0.369,-2.479,-9.880,0.001,0.002,0.000,7.688,-2.883,0.000,0.000,0,19.936,8.276,-34.405,0.460,-0.300,0.626,-0.554,0.000,0.000,0.383,-5.725,1,1,14157,14217,14192,14160,-114.148,-87.862,14.078,0,0,0,0,0,0,0
1353890,1,938.171,644.723,650.261,42.700,-0.001,-0.001,0.145,0.263,0.372,-2.478,-9.867,0.001,0.001,0.000,2.883,-4.805,-7.688,0.000,0,19.362,8.220,-33.509,0.460,-0.300,0.626,-0.554,0.006,-0.003,0.370,-5.749,1,1,14123,14213,14189,14166,-114.158,-87.876,14.090,0,0,0,0,0,0,0
1354890,1,938.184,644.607,650.261,42.710,-0.001,-0.001,0.070,0.143,0.364,-2.477,-9.863,-0.000,0.002,0.000,5.766,-5.766,11.532,0.000,0,19.698,8.108,-32.627,0.460,-0.300,0.626,-0.554,0.000,0.000,0.366,-5.747,1,1,14157,14219,14196,14164,-114.182,-87.887,14.087,0,0,0,0,0,0,0
1355890,1,938.204,644.429,650.261,42.710,-0.001,-0.001,0.078,-0.027,0.367,-2.477,-9.861,0.001,0.002,0.000,14.415,-5.766,-7.688,0.000,0,19.334,8.136,-32.627,0.459,-0.300,0.626,-0.554,0.005,0.004,0.364,-5.758,1,1,14158,14221,14186,14163,-114.198,-87.883,14.058,0,0,0,0,0,0,0
1356890,1,938.180,644.641,650.261,42.720,-0.001,-0.001,0.111,0.150,0.365,-2.480,-9.866,0.001,0.002,0.000,8.649,-9.610,-20.181,0.000,0,19.698,8.486,-33.453,0.460,-0.300,0.626,-0.554,-0.000,0.000,0.369,-5.696,1,1,14166,14220,14194,14160,-114.213,-87.883,14.102,0,0,0,0,0,0,0
1357889,1,938.205,644.416,650.261,42.730,-0.001,-0.001,0.125,-0.103,0.364,-2.474,-9.869,-0.000,0.002,0.000,2.883,-2.883,-0.961,0.000,0,19.852,8.164,-34.321,0.459,-0.300,0.626,-0.554,0.006,-0.001,0.371,-5.658,1,1,14155,14222,14189,14160,-114.241,-87.923,14.058,0,0,0,0,0,0,0
1358890,1,938.175,644.688,650.261,42.740,-0.001,-0.001,0.097,0.168,0.358,-2.478,-9.867,-0.000,0.002,0.000,4.805,0.000,0.000,0.000,0,19.082,7.772,-33.705,0.459,-0.300,0.627,-0.554,-0.000,0.000,0.370,-5.690,1,1,14141,14211,14173,14161,-114.259,-87.924,14.090,0,0,0,0,0,0,0
1359890,1,938.187,644.583,650.261,42.740,-0.001,-0.001,0.106,0.057,0.365,-2.471,-9.870,0.001,0.001,0.000,6.727,-7.688,-5.766,0.000,0,19.138,8.038,-32.865,0.459,-0.300,0.626,-0.554,-0.000,-0.000,0.372,-5.673,1,1,14156,14223,14192,14166,-114.266,-87.882,14.043,0,0,0,0,0,0,0
1360890,1,938.206,644.406,650.261,42.750,-0.001,-0.000,0.135,-0.188,0.366,-2.483,-9.873,-0.000,0.001,0.000,0.000,-2.883,-3.844,0.000,0,19.292,8.066,-33.719,0.459,-0.299,0.626,-0.554,-0.000,0.003,0.377,-5.563,1,1,14139,14216,14181,14168,-114.283,-87.867,14.092,0,0,0,0,0,0,0
1361890,1,938.176,644.680,650.261,42.760,-0.001,-0.000,0.134,0.114,0.361,-2.471,-9.870,-0.000,0.001,0.000,8.649,-6.727,-16.337,0.000,0,19.446,7.828,-33.649,0.459,-0.300,0.626,-0.554,-0.008,0.002,0.371,-5.641,1,1,14127,14220,14194,14161,-114.294,-87.858,14.053,0,0,0,0,0,0,0
1362890,1,938.172,644.712,650.261,42.770,-0.001,-0.000,0.152,0.112,0.364,-2.469,-9.879,0.001,0.002,0.000,5.766,-3.844,-14.415,0.000,0,19.796,7.716,-33.439,0.459,-0.299,0.626,-0.554,-0.015,-0.006,0.379,-5.580,1,1,14154,14222,14192,14161,-114.299,-87.827,14.088,0,0,0,0,0,0,0
1363889,1,938.207,644.400,650.261,42.770,-0.001,-0.000,0.045,-0.158,0.370,-2.473,-9.874,0.001,0.002,0.000,3.844,-1.922,-7.688,0.000,0,19.586,7.730,-33.187,0.459,-0.299,0.626,-0.555,-0.000,0.000,0.376,-5.678,1,1,14159,14219,14187,14157,-114.321,-87.855,14.051,0,0,0,0,0,0,0
1364890,1,938.247,644.049,650.261,42.770,-0.001,-0.000,0.077,-0.509,0.375,-2.473,-9.870,0.001,0.002,0.000,6.727,-5.766,-13.454,0.000,0,19.712,8.248,-34.335,0.459,-0.299,0.626,-0.555,0.000,-0.005,0.372,-5.653,1,1,14162,14218,14200,14164,-114.331,-87.839,14.078,0,0,0,0,0,0,0
1365889,1,938.188,644.567,650.261,42.780,-0.001,-0.000,0.154,-0.005,0.377,-2.467,-9.870,0.001,0.001,0.000,9.610,-1.922,-12.493,0.000,0,19.124,7.814,-33.733,0.459,-0.299,0.626,-0.555,0.000,-0.000,0.371,-5.609,1,1,14145,14223,14180,14159,-114.335,-87.812,14.023,0,0,0,0,0,0,0
1366890,1,938.198,644.480,650.261,42.790,-0.001,-0.000,0.049,-0.031,0.372,-2.472,-9.866,0.001,0.002,0.000,4.805,-6.727,-14.415,0.000,0,19.642,8.178,-33.845,0.459,-0.299,0.626,-0.555,0.002,-0.002,0.367,-5.732,1,1,14159,14219,14188,14168,-114.364,-87.855,14.063,0,0,0,0,0,0,0
1367890,1,938.177,644.662,650.261,42.790,-0.001,-0.000,0.158,0.074,0.370,-2.479,-9.866,0.001,0.002,0.000,6.727,-3.844,-11.532,0.000,0,19.348,8.612,-33.495,0.459,-0.299,0.627,-0.555,0.003,-0.002,0.369,-5.574,1,1,14162,14230,14192,14164,-114.381,-87.870,14.101,0,0,0,0,0,0,0
1368890,1,938.197,644.490,650.261,42.800,-0.001,-0.000,0.107,-0.126,0.364,-2.467,-9.878,-0.000,0.002,0.000,8.649,-6.727,-10.571,0.000,0,19.194,8.108,-33.229,0.458,-0.299,0.627,-0.555,0.000,-0.000,0.378,-5.563,1,1,14160,14222,14197,14159,-114.406,-87.888,14.013,0,0,0,0,0,0,0
1369890,1,938.200,644.461,650.261,42.810,-0.001,-0.000,0.003,-0.104,0.372,-2.479,-9.869,-0.000,0.002,0.000,5.766,-5.766,-14.415,0.000,0,19.194,8.080,-33.369,0.458,-0.299,0.627,-0.555,0.014,-0.001,0.373,-5.691,1,1,14162,14221,14192,14164,-114.429,-87.912,14.062,0,0,0,0,0,0,0
1370890,1,938.205,644.416,650.261,42.820,-0.001,0.000,0.052,-0.153,0.356,-2.469,-9.872,0.001,0.001,0.000,8.649,-4.805,-19.220,0.000,0,19.600,8.584,-34.223,0.458,-0.299,0.627,-0.555,-0.000,-0.000,0.372,-5.664,1,1,14160,14222,14187,14166,-114.452,-87.939,14.035,0,0,0,0,0,0,0
1371890,1,938.195,644.503,650.261,42.820,-0.001,0.000,0.064,-0.038,0.360,-2.469,-9.866,-0.000,0.002,0.000,10.571,-2.883,-17.298,0.000,0,19.670,8.136,-32.683,0.458,-0.299,0.627,-0.555,0.007,-0.006,0.366,-5.697,1,1,14128,14216,14190,14162,-114.469,-87.957,14.059,0,0,0,0,0,0,0
1372890,1,938.192,644.538,650.261,42.830,-0.001,0.000,0.056,0.017,0.360,-2.473,-9.869,0.001,0.002,0.000,4.805,-5.766,-1.922,0.000,0,19.516,8.052,-32.627,0.458,-0.299,0.627,-0.555,0.002,-0.001,0.371,-5.715,1,1,14141,14220,14188,14164,-114.472,-87.918,14.057,0,0,0,0,0,0,0
1373890,1,938.204,644.427,650.261,42.830,-0.001,-0.000,0.103,-0.145,0.365,-2.471,-9.870,-0.000,0.001,0.000,5.766,-7.688,-9.610,0.000,0,19.782,8.262,-33.117,0.458,-0.299,0.627,-0.555,0.003,-0.006,0.372,-5.614,1,1,14153,14218,14194,14168,-114.491,-87.908,14.065,0,0,0,0,0,0,0
1374890,1,938.187,644.575,650.261,42.840,-0.001,0.000,0.102,0.026,0.356,-2.474,-9.867,-0.000,0.001,0.000,3.844,-1.922,0.000,0.000,0,19.250,7.968,-32.025,0.458,-0.299,0.627,-0.555,0.000,0.000,0.369,-5.670,1,1,14159,14221,14184,14160,-114.519,-87.936,14.069,0,0,0,0,0,0,0
1375890,1,938.214,644.340,650.261,42.850,-0.001,0.000,0.013,-0.146,0.358,-2.485,-9.868,0.001,0.002,0.000,14.415,3.844,-7.688,0.000,0,19.054,8.150,-33.117,0.458,-0.298,0.627,-0.555,-0.000,-0.000,0.372,-5.781,1,1,14164,14229,14195,14167,-114.527,-87.922,14.124,0,0,0,0,0,0,0
1376890,1,938.168,644.747,650.261,42.860,-0.001,0.000,0.225,0.190,0.364,-2.471,-9.863,-0.000,0.002,0.000,0.961,-2.883,-0.961,0.000,0,19.334,7.954,-33.117,0.458,-0.298,0.627,-0.555,-0.002,0.001,0.365,-5.583,1,1,14154,14220,14192,14164,-114.533,-87.876,14.053,0,0,0,0,0,0,0
1377890,1,938.191,644.543,650.261,42.860,-0.002,0.000,0.093,-0.048,0.364,-2.477,-9.874,-0.000,0.001,0.000,6.727,-6.727,-0.961,0.000,0,19.810,7.772,-33.075,0.458,-0.298,0.627,-0.555,0.000,0.000,0.376,-5.585,1,1,14154,14219,14196,14164,-114.554,-87.889,14.074,0,0,0,0,0,0,0
1378890,1,938.173,644.699,650.261,42.880,-0.001,0.000,0.165,0.075,0.364,-2.479,-9.872,-0.000,0.002,0.000,3.844,-4.805,-0.961,0.000,0,19.698,8.122,-33.453,0.458,-0.298,0.627,-0.555,-0.001,0.002,0.375,-5.537,1,1,14152,14224,14194,14170,-114.567,-87.879,14.082,0,0,0,0,0,0,0
1379890,1,938.175,644.683,650.261,42.880,-0.001,0.000,0.052,0.107,0.369,-2.478,-9.873,-0.000,0.002,0.000,3.844,-2.883,-7.688,0.000,0,19.852,8.010,-32.641,0.458,-0.298,0.627,-0.555,0.000,-0.000,0.376,-5.664,1,1,14156,14220,14188,14162,-114.575,-87.859,14.079,0,0,0,0,0,0,0
1380890,1,938.206,644.414,650.261,42.880,-0.001,0.000,0.024,-0.117,0.370,-2.466,-9.878,-0.000,0.002,0.000,1.922,-2.883,-9.610,0.000,0,19.866,7.898,-34.083,0.458,-0.298,0.627,-0.556,-0.008,-0.011,0.377,-5.726,1,1,14153,14207,14188,14165,-114.584,-87.842,14.076,0,0,0,0,0,0,0
1381889,1,938.184,644.607,650.261,42.890,-0.001,0.000,0.113,0.062,0.370,-2.472,-9.875,0.001,0.002,0.000,7.688,-6.727,-3.844,0.000,0,19.558,7.842,-34.573,0.458,-0.298,0.627,-0.556,-0.002,-0.001,0.377,-5.667,1,1,14131,14222,14198,14164,-114.602,-87.847,14.053,0,0,0,0,0,0,0
1382890,1,938.223,644.258,650.261,42.900,-0.001,0.000,-0.022,-0.288,0.367,-2.473,-9.873,-0.000,0.001,0.000,11.532,-1.922,-6.727,0.000,0,19.768,8.234,-33.565,0.457,-0.298,0.627,-0.556,0.000,0.000,0.374,-5.705,1,1,14158,14220,14181,14166,-114.626,-87.869,14.054,0,0,0,0,0,0,0
1383890,1,938.166,644.768,650.261,42.900,-0.001,0.000,0.178,0.191,0.365,-2.474,-9.869,-0.000,0.002,0.000,4.805,-3.844,-13.454,0.000,0,19.194,7.814,-34.461,0.457,-0.298,0.627,-0.556,-0.000,0.002,0.371,-5.607,1,1,14161,14213,14197,14163,-114.649,-87.877,14.058,0,0,0,0,0,0,0
1384890,1,938.166,644.768,650.261,42.910,-0.001,0.000,0.112,0.174,0.370,-2.468,-9.869,0.001,0.002,0.000,4.805,-7.688,0.000,0.000,0,19.866,8.500,-33.341,0.457,-0.298,0.627,-0.556,-0.000,0.000,0.370,-5.595,1,1,14159,14221,14185,14160,-114.658,-87.855,14.033,0,0,0,0,0,0,0
1385890,1,938.197,644.490,650.261,42.910,-0.001,0.000,0.015,-0.093,0.375,-2.475,-9.873,0.001,0.002,0.000,1.922,-5.766,-4.805,0.000,0,19.418,7.926,-33.579,0.457,-0.297,0.627,-0.556,0.006,-0.001,0.375,-5.648,1,1,14159,14222,14184,14159,-114.680,-87.856,14.056,0,0,0,0,0,0,0
1386890,1,938.200,644.466,650.261,42.920,-0.001,0.000,0.048,-0.061,0.373,-2.478,-9.867,0.001,0.002,0.000,4.805,-10.571,-15.376,0.000,0,19.796,8.108,-33.551,0.457,-0.297,0.627,-0.556,0.002,0.000,0.370,-5.721,1,1,14157,14205,14167,14165,-114.690,-87.838,14.083,0,0,0,0,0,0,0
1387890,1,938.206,644.406,650.261,42.930,-0.001,0.000,0.099,-0.155,0.372,-2.473,-9.874,-0.000,0.001,0.000,7.688,-3.844,-1.922,0.000,0,19.432,8.430,-33.593,0.457,-0.297,0.627,-0.556,-0.001,-0.006,0.376,-5.624,1,1,14161,14221,14186,14163,-114.711,-87.848,14.083,0,0,0,0,0,0,0
1388890,1,938.187,644.583,650.261,42.940,-0.000,0.000,0.216,-0.008,0.364,-2.478,-9.866,-0.000,0.002,0.000,2.883,-12.493,-10.571,0.000,0,19.964,8.052,-34.489,0.457,-0.297,0.628,-0.556,-0.000,-0.000,0.369,-5.568,1,1,14118,14221,14181,14164,-114.734,-87.887,14.088,0,0,0,0,0,0,0
1389890,1,938.166,644.765,650.261,42.940,-0.000,0.000,0.135,0.188,0.370,-2.477,-9.867,-0.000,0.002,0.001,8.649,-7.688,-23.064,0.000,0,19.740,8.262,-32.221,0.457,-0.297,0.628,-0.556,0.005,-0.002,0.370,-5.620,1,1,14158,14224,14187,14159,-114.750,-87.881,14.081,0,0,0,0,0,0,0
1390890,1,938.200,644.461,650.261,42.950,-0.000,0.000,0.092,-0.069,0.360,-2.478,-9.867,0.001,0.002,0.000,3.844,-11.532,-8.649,0.000,0,19.292,7.800,-34.013,0.457,-0.297,0.628,-0.556,0.000,0.001,0.370,-5.713,1,1,14161,14220,14192,14164,-114.771,-87.908,14.085,0,0,0,0,0,0,0
1391890,1,938.188,644.570,650.261,42.960,-0.000,0.000,0.073,0.008,0.358,-2.483,-9.861,0.001,0.002,0.000,11.532,-1.922,-5.766,0.000,0,19.838,7.674,-33.383,0.457,-0.297,0.628,-0.556,0.000,-0.000,0.365,-5.644,1,1,14156,14224,14180,14160,-114.792,-87.921,14.121,0,0,0,0,0,0,0
1392890,1,938.181,644.636,650.261,42.960,0.000,0.000,0.115,0.066,0.363,-2.472,-9.869,0.001,0.001,-0.001,5.766,-4.805,-13.454,0.000,0,19.810,8.136,-32.767,0.457,-0.297,0.628,-0.556,-0.002,-0.006,0.371,-5.639,1,1,14158,14219,14189,14164,-114.809,-87.899,14.086,0,0,0,0,0,0,0
1393890,1,938.189,644.556,650.261,42.960,-0.000,0.000,0.077,-0.014,0.363,-2.480,-9.873,0.001,0.001,0.000,4.805,0.961,-11.532,0.000,0,19.950,8.164,-33.061,0.457,-0.297,0.628,-0.556,0.000,0.000,0.376,-5.646,1,1,14167,14212,14186,14164,-114.827,-87.897,14.094,0,0,0,0,0,0,0
1394890,1,938.188,644.575,650.261,42.980,-0.000,0.001,0.060,0.032,0.364,-2.474,-9.872,-0.000,0.002,0.000,2.883,-2.883,-14.415,0.000,0,19.642,7.800,-34.419,0.456,-0.297,0.628,-0.556,0.001,-0.001,0.374,-5.699,1,1,14157,14211,14186,14162,-114.843,-87.893,14.064,0,0,0,0,0,0,0
1395890,1,938.167,644.752,650.261,42.980,-0.000,0.001,0.170,0.198,0.359,-2.474,-9.870,-0.000,0.002,0.000,6.727,-5.766,0.000,0.000,0,19.236,7.842,-33.131,0.456,-0.297,0.628,-0.556,-0.002,0.001,0.372,-5.636,1,1,14128,14220,14185,14162,-114.865,-87.908,14.063,0,0,0,0,0,0,0
1396890,1,938.213,644.345,650.261,42.990,-0.000,0.001,0.046,-0.176,0.363,-2.469,-9.868,0.001,0.001,0.000,3.844,-10.571,-14.415,0.000,0,19.796,8.346,-32.781,0.456,-0.297,0.628,-0.557,0.000,-0.000,0.369,-5.720,1,1,14176,14215,14183,14170,-114.880,-87.894,14.039,0,0,0,0,0,0,0
1397890,1,938.192,644.533,650.261,43.000,-0.000,0.001,0.178,-0.038,0.370,-2.467,-9.870,0.001,0.002,0.000,7.688,-2.883,4.805,0.000,0,19.320,8.220,-34.209,0.456,-0.296,0.628,-0.557,0.004,-0.009,0.371,-5.605,1,1,14156,14222,14189,14164,-114.893,-87.895,14.060,0,0,0,0,0,0,0
1398890,1,938.193,644.525,650.261,43.000,-0.000,0.001,0.058,-0.012,0.360,-2.475,-9.872,0.001,-0.001,0.000,6.727,-13.454,-11.532,0.000,0,19.712,8.010,-33.313,0.456,-0.296,0.628,-0.557,0.000,-0.000,0.374,-5.684,1,1,14142,14220,14186,14161,-114.913,-87.908,14.067,0,0,0,0,0,0,0
1399890,1,938.157,644.839,650.261,43.010,-0.000,0.000,0.232,0.268,0.364,-2.468,-9.866,-0.000,0.001,0.000,5.766,0.000,-2.883,0.000,0,19.600,7.730,-34.335,0.456,-0.296,0.628,-0.557,-0.004,0.001,0.366,-5.591,1,1,14160,14222,14191,14162,-114.914,-87.868,14.041,0,0,0,0,0,0,0
1400890,1,938.170,644.731,650.261,43.010,-0.000,0.001,-0.001,0.192,0.361,-2.473,-9.875,-0.000,0.002,0.000,7.688,-5.766,-12.493,0.000,0,19.278,7.926,-33.117,0.456,-0.296,0.628,-0.557,-0.000,0.000,0.377,-5.709,1,1,14159,14222,14189,14163,-114.934,-87.905,14.050,0,0,0,0,0,0,0
1401890,1,938.175,644.688,650.261,43.020,-0.000,0.001,0.127,0.133,0.361,-2.466,-9.876,0.001,0.002,0.000,12.493,-3.844,1.922,0.000,0,19.992,8.136,-33.145,0.456,-0.296,0.628,-0.557,-0.008,-0.001,0.376,-5.654,1,1,14157,14221,14190,14164,-114.936,-87.863,14.032,0,0,0,0,0,0,0
1402890,1,938.190,644.551,650.261,43.030,-0.001,0.001,0.155,-0.057,0.365,-2.468,-9.872,0.001,0.002,0.000,11.532,-6.727,-18.259,0.000,0,19.642,8.066,-33.201,0.456,-0.296,0.628,-0.557,0.000,0.000,0.372,-5.557,1,1,14139,14218,14186,14164,-114.947,-87.881,14.029,0,0,0,0,0,0,0
1403890,1,938.205,644.419,650.261,43.040,-0.001,0.001,0.077,-0.174,0.365,-2.483,-9.869,-0.000,0.001,0.000,5.766,-5.766,-5.766,0.000,0,19.530,8.178,-33.761,0.456,-0.296,0.628,-0.557,-0.000,0.000,0.373,-5.616,1,1,14142,14218,14192,14161,-114.963,-87.883,14.111,0,0,0,0,0,0,0
1404890,1,938.228,644.215,650.261,43.040,-0.000,0.001,0.077,-0.326,0.371,-2.474,-9.878,0.001,0.002,0.000,5.766,-4.805,-2.883,0.000,0,19.432,8.164,-33.341,0.456,-0.296,0.628,-0.557,-0.000,0.001,0.380,-5.704,1,1,14176,14222,14189,14165,-114.967,-87.848,14.052,0,0,0,0,0,0,0
1405890,1,938.211,644.366,650.261,43.050,-0.000,0.001,0.130,-0.183,0.377,-2.477,-9.879,0.001,0.002,0.000,8.649,-7.688,-3.844,0.000,0,19.404,8.472,-33.341,0.456,-0.296,0.628,-0.557,0.000,0.000,0.382,-5.647,1,1,14135,14230,14192,14164,-114.975,-87.814,14.064,0,0,0,0,0,0,0
1406890,1,938.216,644.321,650.261,43.060,-0.000,0.000,0.206,-0.276,0.379,-2.475,-9.886,0.001,0.002,0.000,9.610,-6.727,-11.532,0.000,0,19.684,8.206,-32.585,0.456,-0.296,0.628,-0.558,-0.002,0.004,0.388,-5.554,1,1,14156,14214,14181,14163,-114.980,-87.783,14.036,0,0,0,0,0,0,0
1407890,1,938.179,644.649,650.261,43.070,-0.000,0.000,0.146,0.063,0.371,-2.473,-9.872,-0.000,0.002,0.000,9.610,-4.805,-14.415,0.000,0,19.250,8.010,-33.845,0.456,-0.296,0.628,-0.557,-0.000,-0.000,0.373,-5.611,1,1,14154,14217,14185,14160,-115.015,-87.848,14.053,0,0,0,0,0,0,0
1408890,1,938.179,644.649,650.261,43.070,-0.000,0.000,0.049,0.096,0.382,-2.469,-9.870,0.001,0.002,0.000,4.805,-3.844,4.805,0.000,0,19.922,8.346,-32.459,0.456,-0.295,0.628,-0.558,0.001,0.001,0.372,-5.683,1,1,14126,14224,14188,14163,-115.018,-87.786,14.034,0,0,0,0,0,0,0
1409890,1,938.185,644.593,650.261,43.080,-0.000,0.000,0.179,0.019,0.377,-2.478,-9.869,-0.000,0.002,0.000,4.805,-3.844,-8.649,0.000,0,19.306,8.094,-32.543,0.456,-0.295,0.628,-0.558,-0.000,-0.000,0.373,-5.610,1,1,14132,14214,14190,14161,-115.039,-87.812,14.084,0,0,0,0,0,0,0
1410890,1,938.218,644.305,650.261,43.090,-0.000,0.000,0.120,-0.264,0.375,-2.467,-9.857,-0.000,0.001,0.000,7.688,-5.766,-6.727,0.000,0,19.558,8.108,-32.753,0.455,-0.295,0.628,-0.558,-0.000,0.000,0.358,-5.625,1,1,14158,14219,14187,14167,-115.058,-87.825,14.041,0,0,0,0,0,0,0
1411890,1,938.191,644.540,650.261,43.090,-0.000,0.000,0.134,-0.042,0.378,-2.469,-9.880,-0.000,0.001,0.000,7.688,-3.844,-8.649,0.000,0,19.740,8.402,-34.237,0.455,-0.295,0.628,-0.558,0.000,0.000,0.381,-5.598,1,1,14164,14227,14188,14169,-115.071,-87.808,14.025,0,0,0,0,0,0,0
1412890,1,938.208,644.390,650.261,43.100,-0.000,0.000,0.097,-0.179,0.372,-2.475,-9.866,0.001,0.002,0.000,2.883,-0.961,-5.766,0.000,0,19.502,7.926,-32.431,0.455,-0.295,0.628,-0.558,0.000,-0.000,0.368,-5.636,1,1,14170,14220,14183,14165,-115.095,-87.838,14.076,0,0,0,0,0,0,0
