2026-01-05 10:20:49,267 [INFO] Activator:176 - 


2026-01-05 10:20:49,267 [INFO] Activator:177 - !SESSION log4j initialized
2026-01-05 10:20:51,466 [INFO] LogOutputStream:77 - [STDOUT_REDIRECT] 
2026-01-05 10:20:52,822 [INFO] ApplicationProperties:184 - Using Application install path: C:\ST\STM32CubeIDE_1.16.0\STM32CubeIDE\plugins\com.st.stm32cube.common.mx_6.12.0.202406281431
2026-01-05 10:20:52,836 [INFO] DbMcusXml:78 - Set database path to: C:\ST\STM32CubeIDE_1.16.0\STM32CubeIDE\plugins\com.st.stm32cube.common.mx_6.12.0.202406281431\\db\/mcu/
2026-01-05 10:20:52,836 [INFO] ApiDb:274 - Set plugin database path to: C:\ST\STM32CubeIDE_1.16.0\STM32CubeIDE\plugins\com.st.stm32cube.common.mx_6.12.0.202406281431\\db\/plugins/boardmanager/
2026-01-05 10:20:52,837 [WARN] ApiDb:259 - Overriding images path with different value:  => C:\ST\STM32CubeIDE_1.16.0\STM32CubeIDE\plugins\com.st.stm32cube.common.mx_6.12.0.202406281431\\db\/plugins/mcufinder/images/
2026-01-05 10:20:52,851 [INFO] ApiDb:250 - Set database path to: C:\Users\brady\.stmcufinder\plugins\mcufinder//mcu/
2026-01-05 10:20:52,852 [INFO] DbMcusAds:125 - Set database path to: C:\Users\brady\.stmcufinder\plugins\mcufinder//mcu/
2026-01-05 10:20:52,854 [INFO] CrossReferenceDbSqlite:203 - Set database path to: C:\Users\brady\.stmcufinder\plugins\mcufinder//mcu/cs/
2026-01-05 10:20:52,929 [INFO] RulesReader:64 - Compatibility file has been processed (297 Rules)
2026-01-05 10:20:52,994 [INFO] DbMcusXml:78 - Set database path to: C:\ST\STM32CubeIDE_1.16.0\STM32CubeIDE\plugins\com.st.stm32cube.common.mx_6.12.0.202406281431\\db\/mcu/
2026-01-05 10:20:52,994 [INFO] ApiDb:274 - Set plugin database path to: C:\ST\STM32CubeIDE_1.16.0\STM32CubeIDE\plugins\com.st.stm32cube.common.mx_6.12.0.202406281431\\db\/plugins/boardmanager/
2026-01-05 10:20:52,994 [INFO] ApiDb:261 - Set plugin images path to: C:\ST\STM32CubeIDE_1.16.0\STM32CubeIDE\plugins\com.st.stm32cube.common.mx_6.12.0.202406281431\\db\/plugins/mcufinder/images/
2026-01-05 10:20:52,994 [WARN] DbFile:41 - Overriding database path with different value: C:\Users\brady\.stmcufinder\plugins\mcufinder/ => C:\Users\brady\.stmcufinder\plugins\mcufinder
2026-01-05 10:20:52,995 [INFO] ApiDb:250 - Set database path to: C:\Users\brady\.stmcufinder\plugins\mcufinder//mcu/
2026-01-05 10:20:52,995 [WARN] DbFile:41 - Overriding database path with different value: C:\Users\brady\.stmcufinder\plugins\mcufinder/ => C:\Users\brady\.stmcufinder\plugins\mcufinder
2026-01-05 10:20:52,995 [INFO] DbMcusAds:125 - Set database path to: C:\Users\brady\.stmcufinder\plugins\mcufinder//mcu/
2026-01-05 10:20:52,995 [WARN] DbFile:41 - Overriding database path with different value: C:\Users\brady\.stmcufinder\plugins\mcufinder/ => C:\Users\brady\.stmcufinder\plugins\mcufinder
2026-01-05 10:20:52,995 [WARN] DbFile:41 - Overriding database path with different value: C:\Users\brady\.stmcufinder\plugins\mcufinder/ => C:\Users\brady\.stmcufinder\plugins\mcufinder
2026-01-05 10:20:52,995 [INFO] CrossReferenceDbSqlite:203 - Set database path to: C:\Users\brady\.stmcufinder\plugins\mcufinder//mcu/cs/
2026-01-05 10:20:53,056 [INFO] MainPanel:268 - HeapMemory: 268435456
2026-01-05 10:20:53,135 [INFO] DbMcusXml:78 - Set database path to: C:\ST\STM32CubeIDE_1.16.0\STM32CubeIDE\plugins\com.st.stm32cube.common.mx_6.12.0.202406281431\\db\/mcu/
2026-01-05 10:20:53,135 [INFO] ApiDb:274 - Set plugin database path to: C:\ST\STM32CubeIDE_1.16.0\STM32CubeIDE\plugins\com.st.stm32cube.common.mx_6.12.0.202406281431\\db\/plugins/boardmanager/
2026-01-05 10:20:53,135 [INFO] ApiDb:261 - Set plugin images path to: C:\ST\STM32CubeIDE_1.16.0\STM32CubeIDE\plugins\com.st.stm32cube.common.mx_6.12.0.202406281431\\db\/plugins/mcufinder/images/
2026-01-05 10:20:53,135 [WARN] DbFile:41 - Overriding database path with different value: C:\Users\brady\.stmcufinder\plugins\mcufinder/ => C:\Users\brady\.stmcufinder\plugins\mcufinder
2026-01-05 10:20:53,135 [INFO] ApiDb:250 - Set database path to: C:\Users\brady\.stmcufinder\plugins\mcufinder//mcu/
2026-01-05 10:20:53,135 [WARN] DbFile:41 - Overriding database path with different value: C:\Users\brady\.stmcufinder\plugins\mcufinder/ => C:\Users\brady\.stmcufinder\plugins\mcufinder
2026-01-05 10:20:53,136 [INFO] DbMcusAds:125 - Set database path to: C:\Users\brady\.stmcufinder\plugins\mcufinder//mcu/
2026-01-05 10:20:53,136 [WARN] DbFile:41 - Overriding database path with different value: C:\Users\brady\.stmcufinder\plugins\mcufinder/ => C:\Users\brady\.stmcufinder\plugins\mcufinder
2026-01-05 10:20:53,136 [WARN] DbFile:41 - Overriding database path with different value: C:\Users\brady\.stmcufinder\plugins\mcufinder/ => C:\Users\brady\.stmcufinder\plugins\mcufinder
2026-01-05 10:20:53,136 [INFO] CrossReferenceDbSqlite:203 - Set database path to: C:\Users\brady\.stmcufinder\plugins\mcufinder//mcu/cs/
2026-01-05 10:20:53,148 [INFO] ApplicationProperties:184 - Using Application install path: C:\ST\STM32CubeIDE_1.16.0\STM32CubeIDE\plugins\com.st.stm32cube.common.mx_6.12.0.202406281431
2026-01-05 10:20:53,149 [INFO] PluginManage:196 - Search for loadable plugins [exclusion list=, ]
2026-01-05 10:20:53,150 [INFO] PluginManage:310 - Check plugin analytics
2026-01-05 10:20:53,260 [INFO] AnalyticsPlugin:253 - Accepted Software Licenses: STM32CubeMX.6.12.1
2026-01-05 10:20:53,260 [INFO] AnalyticsPlugin:255 - Accepted CMSIS Pack Licenses: 
2026-01-05 10:20:53,260 [INFO] AnalyticsPlugin:257 - Accepted Firmware Licenses: FW.F4.1.28.0
2026-01-05 10:20:53,262 [INFO] PluginManage:359 - Loaded plugin analytics (category:tool,tabindex:-1)
2026-01-05 10:20:53,263 [INFO] PluginManage:310 - Check plugin cadmodel
2026-01-05 10:20:53,277 [INFO] CADModel:105 - Init CAD model plugin
2026-01-05 10:20:53,277 [INFO] PluginManage:359 - Loaded plugin cadmodel (category:power,tabindex:5)
2026-01-05 10:20:53,277 [INFO] PluginManage:310 - Check plugin clock
2026-01-05 10:20:53,295 [INFO] PluginManage:359 - Loaded plugin clock (category:base,tabindex:2)
2026-01-05 10:20:53,295 [INFO] PluginManage:310 - Check plugin ddr
2026-01-05 10:20:53,297 [INFO] PluginManage:359 - Loaded plugin ddr (category:tool,tabindex:6)
2026-01-05 10:20:53,298 [INFO] PluginManage:310 - Check plugin filemanager
2026-01-05 10:20:53,422 [INFO] PluginManage:359 - Loaded plugin filemanager (category:base,tabindex:10)
2026-01-05 10:20:53,423 [INFO] PluginManage:310 - Check plugin ipmanager
2026-01-05 10:20:53,428 [INFO] PluginManage:359 - Loaded plugin ipmanager (category:base,tabindex:5)
2026-01-05 10:20:53,428 [INFO] PluginManage:310 - Check plugin lpbam
2026-01-05 10:20:53,444 [INFO] PluginManage:359 - Loaded plugin lpbam (category:base,tabindex:0)
2026-01-05 10:20:53,444 [INFO] PluginManage:310 - Check plugin memorymap
2026-01-05 10:20:53,470 [INFO] PluginManage:359 - Loaded plugin memorymap (category:base,tabindex:4)
2026-01-05 10:20:53,470 [INFO] PluginManage:310 - Check plugin pinoutandconfiguration
2026-01-05 10:20:53,486 [INFO] PluginManage:359 - Loaded plugin pinoutandconfiguration (category:base,tabindex:1)
2026-01-05 10:20:53,486 [INFO] PluginManage:310 - Check plugin pinoutconfig
2026-01-05 10:20:53,557 [WARN] SupportedApi:132 - Cannot load RTOS API schema: s4s-elt-must-match.1: The content of 'definitions' must match (annotation?, (simpleType | complexType)?, (unique | key | keyref)*)). A problem was found starting at: attribute.
2026-01-05 10:20:53,653 [INFO] PluginManage:359 - Loaded plugin pinoutconfig (category:base,tabindex:0)
2026-01-05 10:20:53,653 [INFO] PluginManage:310 - Check plugin power
2026-01-05 10:20:53,671 [INFO] PluginManage:359 - Loaded plugin power (category:power,tabindex:4)
2026-01-05 10:20:53,671 [INFO] PluginManage:310 - Check plugin projectmanager
2026-01-05 10:20:53,681 [INFO] PluginManage:359 - Loaded plugin projectmanager (category:projectmanager,tabindex:4)
2026-01-05 10:20:53,681 [INFO] PluginManage:310 - Check plugin rif
2026-01-05 10:20:53,696 [INFO] PluginManage:359 - Loaded plugin rif (category:base,tabindex:3)
2026-01-05 10:20:53,696 [INFO] PluginManage:310 - Check plugin thirdparty
2026-01-05 10:20:53,931 [INFO] PluginManage:359 - Loaded plugin thirdparty (category:base,tabindex:-1)
2026-01-05 10:20:53,931 [INFO] PluginManage:310 - Check plugin tools
2026-01-05 10:20:53,931 [WARN] IntegrityCheckThread:84 - waiting for thirdparty lock release [integrity check]
2026-01-05 10:20:53,931 [INFO] IntegrityCheckThread:86 - entering critical section [integrity check]
2026-01-05 10:20:53,932 [INFO] ThirdPartyUpdaterWithRetryManager:70 - Updater plugin not ready yet. [1/15]
2026-01-05 10:20:53,964 [INFO] PluginManage:359 - Loaded plugin tools (category:base,tabindex:7)
2026-01-05 10:20:53,964 [INFO] PluginManage:310 - Check plugin tutovideos
2026-01-05 10:20:54,102 [INFO] PluginManage:359 - Loaded plugin tutovideos (category:base,tabindex:-1)
2026-01-05 10:20:54,103 [INFO] PluginManage:310 - Check plugin updater
2026-01-05 10:20:54,120 [INFO] PluginManage:359 - Loaded plugin updater (category:base,tabindex:12)
2026-01-05 10:20:54,120 [INFO] PluginManage:310 - Check plugin userauth
2026-01-05 10:20:54,125 [INFO] UserAuth:113 - Init User Auth plugin
2026-01-05 10:20:54,126 [INFO] PluginManage:359 - Loaded plugin userauth (category:base,tabindex:14)
2026-01-05 10:20:54,126 [INFO] PluginManage:283 - PluginManage : Loaded plugins [18]
2026-01-05 10:20:54,279 [INFO] PinOutPanel:1561 - setPackage(No Configuration,No Configuration)
2026-01-05 10:20:54,336 [INFO] CADModel:165 - CPN selected for project level
2026-01-05 10:20:54,336 [INFO] CADModel:114 - Register for checkConnection events
2026-01-05 10:20:54,359 [INFO] IPUIPlugin:80 - create IPUIPlugin
2026-01-05 10:20:54,359 [INFO] PluginManager:220 - loadIPPluginJar : add adc
2026-01-05 10:20:54,390 [INFO] IPUIPlugin:80 - create IPUIPlugin
2026-01-05 10:20:54,390 [INFO] PluginManager:220 - loadIPPluginJar : add aes
2026-01-05 10:20:54,423 [INFO] IPUIPlugin:80 - create IPUIPlugin
2026-01-05 10:20:54,424 [INFO] PluginManager:220 - loadIPPluginJar : add can
2026-01-05 10:20:54,444 [INFO] IPUIPlugin:80 - create IPUIPlugin
2026-01-05 10:20:54,444 [INFO] PluginManager:220 - loadIPPluginJar : add comp
2026-01-05 10:20:54,470 [INFO] IPUIPlugin:80 - create IPUIPlugin
2026-01-05 10:20:54,470 [INFO] PluginManager:220 - loadIPPluginJar : add cryp
2026-01-05 10:20:54,481 [INFO] IPUIPlugin:80 - create IPUIPlugin
2026-01-05 10:20:54,481 [INFO] PluginManager:220 - loadIPPluginJar : add ddr_ctrl_phy
2026-01-05 10:20:54,521 [INFO] IPUIPlugin:80 - create IPUIPlugin
2026-01-05 10:20:54,521 [INFO] PluginManager:220 - loadIPPluginJar : add dfsdm
2026-01-05 10:20:54,534 [INFO] IPUIPlugin:80 - create IPUIPlugin
2026-01-05 10:20:54,535 [INFO] PluginManager:220 - loadIPPluginJar : add dma
2026-01-05 10:20:54,570 [INFO] IPUIPlugin:80 - create IPUIPlugin
2026-01-05 10:20:54,570 [INFO] PluginManager:220 - loadIPPluginJar : add dma3
2026-01-05 10:20:54,604 [INFO] IPUIPlugin:80 - create IPUIPlugin
2026-01-05 10:20:54,605 [INFO] PluginManager:220 - loadIPPluginJar : add extmemmanager
2026-01-05 10:20:54,623 [INFO] IPUIPlugin:80 - create IPUIPlugin
2026-01-05 10:20:54,623 [INFO] PluginManager:220 - loadIPPluginJar : add fatfs
2026-01-05 10:20:54,662 [INFO] IPUIPlugin:80 - create IPUIPlugin
2026-01-05 10:20:54,662 [INFO] PluginManager:220 - loadIPPluginJar : add fmc
2026-01-05 10:20:54,675 [INFO] IPUIPlugin:80 - create IPUIPlugin
2026-01-05 10:20:54,675 [INFO] PluginManager:220 - loadIPPluginJar : add freertos
2026-01-05 10:20:54,694 [INFO] IPUIPlugin:80 - create IPUIPlugin
2026-01-05 10:20:54,694 [INFO] PluginManager:220 - loadIPPluginJar : add genericplugin
2026-01-05 10:20:54,768 [INFO] IPUIPlugin:80 - create IPUIPlugin
2026-01-05 10:20:54,768 [INFO] PluginManager:220 - loadIPPluginJar : add gfxmmu
2026-01-05 10:20:54,864 [INFO] IPUIPlugin:80 - create IPUIPlugin
2026-01-05 10:20:54,864 [INFO] PluginManager:220 - loadIPPluginJar : add gic
2026-01-05 10:20:54,885 [INFO] IPUIPlugin:80 - create IPUIPlugin
2026-01-05 10:20:54,885 [INFO] PluginManager:220 - loadIPPluginJar : add gpio
2026-01-05 10:20:54,952 [INFO] IPUIPlugin:80 - create IPUIPlugin
2026-01-05 10:20:54,952 [INFO] PluginManager:220 - loadIPPluginJar : add gtzc
2026-01-05 10:20:54,977 [INFO] IPUIPlugin:80 - create IPUIPlugin
2026-01-05 10:20:54,977 [INFO] PluginManager:220 - loadIPPluginJar : add hash
2026-01-05 10:20:55,016 [INFO] IPUIPlugin:80 - create IPUIPlugin
2026-01-05 10:20:55,016 [INFO] PluginManager:220 - loadIPPluginJar : add i2c
2026-01-05 10:20:55,046 [INFO] IPUIPlugin:80 - create IPUIPlugin
2026-01-05 10:20:55,046 [INFO] PluginManager:220 - loadIPPluginJar : add i2s
2026-01-05 10:20:55,085 [INFO] IPUIPlugin:80 - create IPUIPlugin
2026-01-05 10:20:55,085 [INFO] PluginManager:220 - loadIPPluginJar : add i3c
2026-01-05 10:20:55,162 [INFO] IPUIPlugin:80 - create IPUIPlugin
2026-01-05 10:20:55,162 [INFO] PluginManager:220 - loadIPPluginJar : add ipddr
2026-01-05 10:20:55,243 [INFO] IPUIPlugin:80 - create IPUIPlugin
2026-01-05 10:20:55,243 [INFO] PluginManager:220 - loadIPPluginJar : add linkedlist
2026-01-05 10:20:55,274 [INFO] IPUIPlugin:80 - create IPUIPlugin
2026-01-05 10:20:55,274 [INFO] PluginManager:220 - loadIPPluginJar : add lorawan
2026-01-05 10:20:55,304 [INFO] IPUIPlugin:80 - create IPUIPlugin
2026-01-05 10:20:55,304 [INFO] PluginManager:220 - loadIPPluginJar : add ltdc
2026-01-05 10:20:55,316 [INFO] IPUIPlugin:80 - create IPUIPlugin
2026-01-05 10:20:55,316 [INFO] PluginManager:220 - loadIPPluginJar : add mdma
2026-01-05 10:20:55,327 [INFO] IPUIPlugin:80 - create IPUIPlugin
2026-01-05 10:20:55,327 [INFO] PluginManager:220 - loadIPPluginJar : add nvic
2026-01-05 10:20:55,359 [INFO] IPUIPlugin:80 - create IPUIPlugin
2026-01-05 10:20:55,359 [INFO] PluginManager:220 - loadIPPluginJar : add opamp
2026-01-05 10:20:55,409 [INFO] IPUIPlugin:80 - create IPUIPlugin
2026-01-05 10:20:55,410 [INFO] PluginManager:220 - loadIPPluginJar : add openamp
2026-01-05 10:20:55,445 [INFO] IPUIPlugin:80 - create IPUIPlugin
2026-01-05 10:20:55,445 [INFO] PluginManager:220 - loadIPPluginJar : add pdm2pcm
2026-01-05 10:20:55,457 [INFO] IPUIPlugin:80 - create IPUIPlugin
2026-01-05 10:20:55,458 [INFO] PluginManager:220 - loadIPPluginJar : add plateformsettings
2026-01-05 10:20:55,480 [INFO] IPUIPlugin:80 - create IPUIPlugin
2026-01-05 10:20:55,480 [INFO] PluginManager:220 - loadIPPluginJar : add quadspi
2026-01-05 10:20:55,503 [INFO] IPUIPlugin:80 - create IPUIPlugin
2026-01-05 10:20:55,504 [INFO] PluginManager:220 - loadIPPluginJar : add radio
2026-01-05 10:20:55,519 [INFO] IPUIPlugin:80 - create IPUIPlugin
2026-01-05 10:20:55,519 [INFO] PluginManager:220 - loadIPPluginJar : add resmgrutility
2026-01-05 10:20:55,564 [INFO] IPUIPlugin:80 - create IPUIPlugin
2026-01-05 10:20:55,564 [INFO] PluginManager:220 - loadIPPluginJar : add sai
2026-01-05 10:20:55,595 [INFO] IPUIPlugin:80 - create IPUIPlugin
2026-01-05 10:20:55,595 [INFO] PluginManager:220 - loadIPPluginJar : add spi
2026-01-05 10:20:55,650 [INFO] IPUIPlugin:80 - create IPUIPlugin
2026-01-05 10:20:55,650 [INFO] PluginManager:220 - loadIPPluginJar : add stm32_wpan
2026-01-05 10:20:55,672 [INFO] IPUIPlugin:80 - create IPUIPlugin
2026-01-05 10:20:55,672 [INFO] PluginManager:220 - loadIPPluginJar : add tim
2026-01-05 10:20:55,723 [INFO] IPUIPlugin:80 - create IPUIPlugin
2026-01-05 10:20:55,723 [INFO] PluginManager:220 - loadIPPluginJar : add touchsensing
2026-01-05 10:20:55,746 [INFO] IPUIPlugin:80 - create IPUIPlugin
2026-01-05 10:20:55,747 [INFO] PluginManager:220 - loadIPPluginJar : add tracer_emb
2026-01-05 10:20:55,770 [INFO] IPUIPlugin:80 - create IPUIPlugin
2026-01-05 10:20:55,770 [INFO] PluginManager:220 - loadIPPluginJar : add ts
2026-01-05 10:20:55,792 [INFO] IPUIPlugin:80 - create IPUIPlugin
2026-01-05 10:20:55,792 [INFO] PluginManager:220 - loadIPPluginJar : add tsc
2026-01-05 10:20:55,813 [INFO] IPUIPlugin:80 - create IPUIPlugin
2026-01-05 10:20:55,813 [INFO] PluginManager:220 - loadIPPluginJar : add ucpd
2026-01-05 10:20:55,853 [INFO] IPUIPlugin:80 - create IPUIPlugin
2026-01-05 10:20:55,853 [INFO] PluginManager:220 - loadIPPluginJar : add usart
2026-01-05 10:20:55,891 [INFO] IPUIPlugin:80 - create IPUIPlugin
2026-01-05 10:20:55,891 [INFO] PluginManager:220 - loadIPPluginJar : add usbx
2026-01-05 10:20:55,995 [INFO] CADModel:165 - CPN selected for project level
2026-01-05 10:20:55,995 [INFO] CADModel:114 - Register for checkConnection events
2026-01-05 10:20:55,996 [FATAL] Updater:334 - Updater called before beeing initialized
2026-01-05 10:20:55,996 [ERROR] CADModel:125 - Updater not yet initialized, retry later 
2026-01-05 10:20:56,090 [INFO] CADModel:165 - CPN selected for project level
2026-01-05 10:20:56,090 [INFO] CADModel:114 - Register for checkConnection events
2026-01-05 10:20:56,090 [FATAL] Updater:334 - Updater called before beeing initialized
2026-01-05 10:20:56,090 [ERROR] CADModel:125 - Updater not yet initialized, retry later 
2026-01-05 10:20:56,093 [FATAL] Updater:334 - Updater called before beeing initialized
2026-01-05 10:20:56,166 [FATAL] Updater:334 - Updater called before beeing initialized
2026-01-05 10:20:56,175 [INFO] DbMcusAds:53 - JSON generation date=Mon Dec 08 06:28:09 PST 2025 (1765204089998)
2026-01-05 10:20:56,176 [FATAL] Updater:334 - Updater called before beeing initialized
2026-01-05 10:20:56,201 [WARN] DetailPanel:346 - Failed to get advertising image, set to default
2026-01-05 10:20:56,254 [FATAL] Updater:334 - Updater called before beeing initialized
2026-01-05 10:20:56,255 [FATAL] Updater:334 - Updater called before beeing initialized
2026-01-05 10:20:56,255 [FATAL] Updater:334 - Updater called before beeing initialized
2026-01-05 10:20:56,255 [WARN] DetailPanel:346 - Failed to get advertising image, set to default
2026-01-05 10:20:56,256 [FATAL] Updater:334 - Updater called before beeing initialized
2026-01-05 10:20:56,300 [ERROR] Updater:1164 - MainUpdater not yet initialized. External WinMGr cannot be set.
2026-01-05 10:20:56,309 [INFO] Updater:1100 - Updater Version found : 6.12.0
2026-01-05 10:20:56,325 [INFO] ApplicationProperties:184 - Using Application install path: C:\ST\STM32CubeIDE_1.16.0\STM32CubeIDE\plugins\com.st.stm32cube.common.mx_6.12.0.202406281431
2026-01-05 10:20:56,934 [INFO] ThirdPartyUpdaterWithRetryManager:70 - Updater plugin not ready yet. [2/15]
2026-01-05 10:20:57,925 [ERROR] LogOutputStream:75 - [STDERR_REDIRECT] Jan 05, 2026 10:20:57 AM java.util.prefs.WindowsPreferences <init>
2026-01-05 10:20:57,926 [ERROR] LogOutputStream:75 - [STDERR_REDIRECT] WARNING: Could not open/create prefs root node Software\JavaSoft\Prefs at root 0xffffffff80000002. Windows RegCreateKeyEx(...) returned error code 5.
2026-01-05 10:20:57,927 [ERROR] LogOutputStream:75 - [STDERR_REDIRECT] 
2026-01-05 10:20:58,257 [INFO] MainUpdater:2873 - connection check result : 10
2026-01-05 10:20:58,257 [INFO] MainUpdater:3567 - Updater definition file requires update
2026-01-05 10:20:58,258 [INFO] MainUpdater:290 - Updater Check For Update Now.
2026-01-05 10:20:58,259 [INFO] MicroXplorer:498 - Change Database Version : DB.6.0.120
2026-01-05 10:20:58,275 [INFO] McuFinderGlobals:63 - Set McuFinder mode to 2 (CubeIDE integrated)
2026-01-05 10:20:58,275 [INFO] UserAuth:179 - activating auth plugin
2026-01-05 10:20:58,278 [INFO] UserAuth:417 - Internet connection configuration mode: 1
2026-01-05 10:20:58,298 [INFO] JxBrowserEngine:152 - Initiate JxBrowser Engine with user profile folder
2026-01-05 10:20:58,303 [INFO] ServerAccessManage:473 - Download File updaters.zip
2026-01-05 10:20:58,374 [INFO] FileExtend:240 - Unzip File : updaters.zip
2026-01-05 10:20:58,374 [INFO] FileExtend:255 - Standard Zip Deflate
2026-01-05 10:20:58,863 [INFO] ServerAccessManage:473 - Download File PacksControlFlags.xml
2026-01-05 10:20:58,955 [INFO] ServerAccessManage:473 - Download File cubemx.pidx
2026-01-05 10:20:59,041 [INFO] LoadServerUpdatesThread:375 - End of LoadServerUpdate Thread
2026-01-05 10:20:59,200 [INFO] CheckServerUpdateThread:120 - End of CheckServer Thread
2026-01-05 10:21:00,104 [WARN] PackLoader:240 - Cannot read IP mode file for STMicroelectronics.FP-SNS-MOTENVWB1.1.4.0
2026-01-05 10:21:00,116 [WARN] PackLoader:240 - Cannot read IP mode file for STMicroelectronics.FP-ATR-ASTRA1.2.0.2
2026-01-05 10:21:00,127 [WARN] PackLoader:240 - Cannot read IP mode file for STMicroelectronics.FP-ATR-ASTRA1.2.0.1
2026-01-05 10:21:00,139 [WARN] PackLoader:240 - Cannot read IP mode file for STMicroelectronics.X-CUBE-SMBUS.2.1.0
2026-01-05 10:21:00,151 [WARN] PackLoader:240 - Cannot read IP mode file for STMicroelectronics.X-CUBE-WB05N.1.1.0
2026-01-05 10:21:00,162 [ERROR] Engine:466 - C:\Users\brady\.stm32cubemx\thirdparties\pdsc\STMicroelectronics.X-CUBE-ST60.1.0.0.pdsc: PDSC version is not supported
2026-01-05 10:21:00,191 [WARN] PackLoader:240 - Cannot read IP mode file for STMicroelectronics.X-CUBE-AZRTOS-F7.1.1.0
2026-01-05 10:21:00,249 [WARN] PackLoader:240 - Cannot read IP mode file for STMicroelectronics.X-CUBE-MEMS1.11.0.0
2026-01-05 10:21:00,338 [ERROR] Engine:466 - C:\Users\brady\.stm32cubemx\thirdparties\pdsc\STMicroelectronics.FP-SNS-MOTENV1.5.1.0.pdsc: PDSC version is not supported
2026-01-05 10:21:00,350 [WARN] PackLoader:240 - Cannot read IP mode file for STMicroelectronics.FP-SNS-FLIGHT1.5.0.2
2026-01-05 10:21:00,376 [WARN] PackLoader:240 - Cannot read IP mode file for STMicroelectronics.X-CUBE-AZRTOS-H7.3.4.0
2026-01-05 10:21:00,392 [WARN] PackLoader:240 - Cannot read IP mode file for STMicroelectronics.X-CUBE-DISPLAY.3.0.0
2026-01-05 10:21:00,406 [WARN] PackLoader:240 - Cannot read IP mode file for STMicroelectronics.X-CUBE-BLE1.7.0.0
2026-01-05 10:21:00,418 [WARN] PackLoader:240 - Cannot read IP mode file for STMicroelectronics.X-CUBE-NFC10.1.0.0
2026-01-05 10:21:00,432 [WARN] PackLoader:240 - Cannot read IP mode file for STMicroelectronics.X-CUBE-BLEMGR.4.0.0
2026-01-05 10:21:00,444 [ERROR] Engine:466 - C:\Users\brady\.stm32cubemx\thirdparties\pdsc\STMicroelectronics.X-CUBE-ST60.1.1.0.pdsc: PDSC version is not supported
2026-01-05 10:21:00,457 [WARN] PackLoader:240 - Cannot read IP mode file for emotas.I-CUBE-CANOPEN.1.3.0
2026-01-05 10:21:00,469 [WARN] PackLoader:240 - Cannot read IP mode file for STMicroelectronics.X-CUBE-GNSS1.7.1.0
2026-01-05 10:21:00,485 [WARN] PackLoader:240 - Cannot read IP mode file for STMicroelectronics.X-CUBE-BLEMGR.3.1.0
2026-01-05 10:21:00,498 [WARN] PackLoader:240 - Cannot read IP mode file for STMicroelectronics.X-CUBE-AI.10.0.0
2026-01-05 10:21:00,511 [ERROR] Engine:466 - C:\Users\brady\.stm32cubemx\thirdparties\pdsc\STMicroelectronics.FP-SNS-STBOX1.2.1.0.pdsc: PDSC version is not supported
2026-01-05 10:21:00,813 [WARN] PackLoader:240 - Cannot read IP mode file for STMicroelectronics.FP-SNS-SMARTAG2.1.2.0
2026-01-05 10:21:01,598 [ERROR] Engine:466 - C:\Users\brady\.stm32cubemx\thirdparties\pdsc\STMicroelectronics.FP-SNS-FLIGHT1.5.1.0.pdsc: PDSC version is not supported
2026-01-05 10:21:01,658 [WARN] PackLoader:240 - Cannot read IP mode file for STMicroelectronics.X-CUBE-MEMS1.11.1.0
2026-01-05 10:21:01,720 [INFO] LogOutputStream:77 - [STDOUT_REDIRECT] 1 : Invalid condition id : UX_CORESTACK_Condition cause : null
2026-01-05 10:21:01,720 [INFO] LogOutputStream:77 - [STDOUT_REDIRECT] 1 : Invalid condition id : UX_CORESTACK_Condition cause : null
2026-01-05 10:21:01,721 [INFO] LogOutputStream:77 - [STDOUT_REDIRECT] 1 : Invalid condition id : UX_CORESTACK_Condition cause : null
2026-01-05 10:21:01,722 [INFO] LogOutputStream:77 - [STDOUT_REDIRECT] 1 : Invalid condition id : UX_CORESTACK_Condition cause : null
2026-01-05 10:21:01,723 [INFO] LogOutputStream:77 - [STDOUT_REDIRECT] 1 : Invalid condition id : UX_CORESTACK_Condition cause : null
2026-01-05 10:21:01,727 [WARN] PackLoader:240 - Cannot read IP mode file for STMicroelectronics.X-CUBE-AZRTOS-WL.2.0.0
2026-01-05 10:21:01,739 [WARN] PackLoader:240 - Cannot read IP mode file for STMicroelectronics.FP-SNS-MOTENV1.5.0.0
2026-01-05 10:21:01,760 [WARN] PackLoader:240 - Cannot read IP mode file for STMicroelectronics.X-CUBE-AZRTOS-H7RS.1.2.0
2026-01-05 10:21:01,774 [WARN] PackLoader:240 - Cannot read IP mode file for wolfSSL.I-CUBE-wolfMQTT.1.19.0
2026-01-05 10:21:01,798 [WARN] PackLoader:240 - Cannot read IP mode file for WES.I-CUBE-Cesium.1.3.0
2026-01-05 10:21:01,813 [WARN] PackLoader:240 - Cannot read IP mode file for STMicroelectronics.X-CUBE-BLE2.3.3.0
2026-01-05 10:21:01,825 [ERROR] Engine:466 - C:\Users\brady\.stm32cubemx\thirdparties\pdsc\Avnet-IOTCONNECT.X-CUBE-iotc-st67-sdk.1.0.0.pdsc: PDSC version is not supported
2026-01-05 10:21:01,837 [WARN] PackLoader:240 - Cannot read IP mode file for STMicroelectronics.X-CUBE-NFC9.1.0.0
2026-01-05 10:21:01,848 [WARN] PackLoader:240 - Cannot read IP mode file for STMicroelectronics.X-CUBE-BLE1.7.1.0
2026-01-05 10:21:01,860 [WARN] PackLoader:240 - Cannot read IP mode file for STMicroelectronics.X-CUBE-TCPP.4.1.0
2026-01-05 10:21:01,870 [ERROR] Engine:466 - C:\Users\brady\.stm32cubemx\thirdparties\pdsc\STMicroelectronics.X-CUBE-FREERTOS.1.4.0.pdsc: PDSC version is not supported
2026-01-05 10:21:01,881 [WARN] PackLoader:240 - Cannot read IP mode file for STMicroelectronics.X-CUBE-EEPRMA1.5.2.0
2026-01-05 10:21:01,891 [ERROR] Engine:466 - C:\Users\brady\.stm32cubemx\thirdparties\pdsc\STMicroelectronics.X-CUBE-ST67W61.1.1.0.pdsc: PDSC version is not supported
2026-01-05 10:21:01,903 [WARN] PackLoader:240 - Cannot read IP mode file for STMicroelectronics.X-CUBE-AI.10.1.0
2026-01-05 10:21:01,935 [WARN] PackLoader:240 - Cannot read IP mode file for STMicroelectronics.X-CUBE-MEMS1.12.0.0
2026-01-05 10:21:02,003 [WARN] PackLoader:240 - Cannot read IP mode file for STMicroelectronics.X-CUBE-MEMS1.11.2.0
2026-01-05 10:21:02,063 [WARN] PackLoader:240 - Cannot read IP mode file for STMicroelectronics.X-CUBE-AZRTOS-G0.1.1.0
2026-01-05 10:21:02,077 [WARN] PackLoader:240 - Cannot read IP mode file for STMicroelectronics.X-CUBE-SAFEA1.1.2.2
2026-01-05 10:21:02,090 [WARN] PackLoader:240 - Cannot read IP mode file for STMicroelectronics.X-CUBE-NFC4.3.0.0
2026-01-05 10:21:02,104 [WARN] PackLoader:240 - Cannot read IP mode file for EmbeddedOffice.I-CUBE-FS-RTOS.1.0.1
2026-01-05 10:21:02,104 [ERROR] ConditionMgr:805 - Attr not supported : Dmpu
2026-01-05 10:21:02,105 [ERROR] ConditionMgr:805 - Attr not supported : Dmpu
2026-01-05 10:21:02,105 [ERROR] ConditionMgr:805 - Attr not supported : Dmpu
2026-01-05 10:21:02,105 [ERROR] ConditionMgr:805 - Attr not supported : Dmpu
2026-01-05 10:21:02,105 [ERROR] ConditionMgr:805 - Attr not supported : Dmpu
2026-01-05 10:21:02,105 [ERROR] ConditionMgr:805 - Attr not supported : Dmpu
2026-01-05 10:21:02,105 [ERROR] ConditionMgr:805 - Attr not supported : Dmpu
2026-01-05 10:21:02,105 [ERROR] ConditionMgr:805 - Attr not supported : Dmpu
2026-01-05 10:21:02,105 [ERROR] ConditionMgr:805 - Attr not supported : Dmpu
2026-01-05 10:21:02,105 [ERROR] ConditionMgr:805 - Attr not supported : Dmpu
2026-01-05 10:21:02,105 [ERROR] ConditionMgr:805 - Attr not supported : Dmpu
2026-01-05 10:21:02,105 [ERROR] ConditionMgr:805 - Attr not supported : Dmpu
2026-01-05 10:21:02,105 [ERROR] ConditionMgr:805 - Attr not supported : Dmpu
2026-01-05 10:21:02,105 [ERROR] ConditionMgr:805 - Attr not supported : Dmpu
2026-01-05 10:21:02,105 [ERROR] ConditionMgr:805 - Attr not supported : Dmpu
2026-01-05 10:21:02,105 [ERROR] ConditionMgr:805 - Attr not supported : Dmpu
2026-01-05 10:21:02,105 [ERROR] ConditionMgr:805 - Attr not supported : Dmpu
2026-01-05 10:21:02,105 [ERROR] ConditionMgr:805 - Attr not supported : Dmpu
2026-01-05 10:21:02,105 [ERROR] ConditionMgr:805 - Attr not supported : Dmpu
2026-01-05 10:21:02,105 [ERROR] ConditionMgr:805 - Attr not supported : Dmpu
2026-01-05 10:21:02,105 [ERROR] ConditionMgr:805 - Attr not supported : Dmpu
2026-01-05 10:21:02,105 [ERROR] ConditionMgr:805 - Attr not supported : Dmpu
2026-01-05 10:21:02,105 [ERROR] ConditionMgr:805 - Attr not supported : Dmpu
2026-01-05 10:21:02,105 [ERROR] ConditionMgr:805 - Attr not supported : Dmpu
2026-01-05 10:21:02,105 [ERROR] ConditionMgr:805 - Attr not supported : Dmpu
2026-01-05 10:21:02,105 [ERROR] ConditionMgr:805 - Attr not supported : Dmpu
2026-01-05 10:21:02,105 [ERROR] ConditionMgr:805 - Attr not supported : Dmpu
2026-01-05 10:21:02,105 [ERROR] ConditionMgr:805 - Attr not supported : Dmpu
2026-01-05 10:21:02,105 [ERROR] ConditionMgr:805 - Attr not supported : Dmpu
2026-01-05 10:21:02,105 [ERROR] ConditionMgr:805 - Attr not supported : Dmpu
2026-01-05 10:21:02,105 [ERROR] ConditionMgr:805 - Attr not supported : Dmpu
2026-01-05 10:21:02,105 [ERROR] ConditionMgr:805 - Attr not supported : Dmpu
2026-01-05 10:21:02,105 [ERROR] ConditionMgr:805 - Attr not supported : Dmpu
2026-01-05 10:21:02,105 [ERROR] ConditionMgr:805 - Attr not supported : Dmpu
2026-01-05 10:21:02,105 [ERROR] ConditionMgr:805 - Attr not supported : Dmpu
2026-01-05 10:21:02,105 [ERROR] ConditionMgr:805 - Attr not supported : Dmpu
2026-01-05 10:21:02,105 [ERROR] ConditionMgr:805 - Attr not supported : Dmpu
2026-01-05 10:21:02,105 [ERROR] ConditionMgr:805 - Attr not supported : Dmpu
2026-01-05 10:21:02,106 [ERROR] ConditionMgr:805 - Attr not supported : Dmpu
2026-01-05 10:21:02,106 [ERROR] ConditionMgr:805 - Attr not supported : Dmpu
2026-01-05 10:21:02,106 [ERROR] ConditionMgr:805 - Attr not supported : Dmpu
2026-01-05 10:21:02,106 [ERROR] ConditionMgr:805 - Attr not supported : Dmpu
2026-01-05 10:21:02,106 [ERROR] ConditionMgr:805 - Attr not supported : Dmpu
2026-01-05 10:21:02,106 [ERROR] ConditionMgr:805 - Attr not supported : Dmpu
2026-01-05 10:21:02,106 [ERROR] ConditionMgr:805 - Attr not supported : Dmpu
2026-01-05 10:21:02,106 [ERROR] ConditionMgr:805 - Attr not supported : Dmpu
2026-01-05 10:21:02,106 [ERROR] ConditionMgr:805 - Attr not supported : Dmpu
2026-01-05 10:21:02,106 [ERROR] ConditionMgr:805 - Attr not supported : Dmpu
2026-01-05 10:21:02,106 [ERROR] ConditionMgr:805 - Attr not supported : Dmpu
2026-01-05 10:21:02,106 [ERROR] ConditionMgr:805 - Attr not supported : Dmpu
2026-01-05 10:21:02,106 [ERROR] ConditionMgr:805 - Attr not supported : Dmpu
2026-01-05 10:21:02,106 [ERROR] ConditionMgr:805 - Attr not supported : Dmpu
2026-01-05 10:21:02,106 [ERROR] ConditionMgr:805 - Attr not supported : Dmpu
2026-01-05 10:21:02,106 [ERROR] ConditionMgr:805 - Attr not supported : Dmpu
2026-01-05 10:21:02,106 [ERROR] ConditionMgr:805 - Attr not supported : Dmpu
2026-01-05 10:21:02,106 [ERROR] ConditionMgr:805 - Attr not supported : Dmpu
2026-01-05 10:21:02,106 [ERROR] ConditionMgr:805 - Attr not supported : Dmpu
2026-01-05 10:21:02,106 [ERROR] ConditionMgr:805 - Attr not supported : Dmpu
2026-01-05 10:21:02,106 [ERROR] ConditionMgr:805 - Attr not supported : Dmpu
2026-01-05 10:21:02,106 [ERROR] ConditionMgr:805 - Attr not supported : Dmpu
2026-01-05 10:21:02,106 [ERROR] ConditionMgr:805 - Attr not supported : Dmpu
2026-01-05 10:21:02,106 [ERROR] ConditionMgr:805 - Attr not supported : Dmpu
2026-01-05 10:21:02,106 [ERROR] ConditionMgr:805 - Attr not supported : Dmpu
2026-01-05 10:21:02,106 [ERROR] ConditionMgr:805 - Attr not supported : Dmpu
2026-01-05 10:21:02,117 [WARN] PackLoader:240 - Cannot read IP mode file for STMicroelectronics.X-CUBE-WB05N.2.0.0
2026-01-05 10:21:02,128 [ERROR] Engine:466 - C:\Users\brady\.stm32cubemx\thirdparties\pdsc\STMicroelectronics.X-CUBE-TCPP.4.2.0.pdsc: PDSC version is not supported
2026-01-05 10:21:02,139 [WARN] PackLoader:240 - Cannot read IP mode file for RealThread.X-CUBE-RT-Thread_Nano.4.1.1
2026-01-05 10:21:02,151 [WARN] PackLoader:240 - Cannot read IP mode file for STMicroelectronics.FP-ATR-SIGFOX1.3.2.0
2026-01-05 10:21:02,163 [WARN] PackLoader:240 - Cannot read IP mode file for wolfSSL.I-CUBE-wolfSSL.5.7.2
2026-01-05 10:21:02,174 [WARN] ConditionMgr:438 - getConditionDescription Invalid condition id : Cortex-A Device cause : null
2026-01-05 10:21:02,191 [WARN] ConditionMgr:1039 - genDependencies : Invalid condition id : Cortex-A Device cause : null
2026-01-05 10:21:02,191 [WARN] ConditionMgr:1039 - genDependencies : Invalid condition id : Cortex-A Device cause : null
2026-01-05 10:21:02,191 [WARN] ConditionMgr:1039 - genDependencies : Invalid condition id : Cortex-A Device cause : null
2026-01-05 10:21:02,202 [WARN] PackLoader:240 - Cannot read IP mode file for STMicroelectronics.X-CUBE-EEPRMA1.5.1.0
2026-01-05 10:21:02,214 [WARN] PackLoader:240 - Cannot read IP mode file for ITTIA_DB.I-CUBE-ITTIADB.8.9.0
2026-01-05 10:21:02,225 [ERROR] Engine:466 - C:\Users\brady\.stm32cubemx\thirdparties\pdsc\STMicroelectronics.X-CUBE-ST67W61.1.0.0.pdsc: PDSC version is not supported
2026-01-05 10:21:02,236 [WARN] PackLoader:240 - Cannot read IP mode file for STMicroelectronics.X-CUBE-AI.10.2.0
2026-01-05 10:21:02,260 [WARN] PackLoader:240 - Cannot read IP mode file for SEGGER.I-CUBE-embOS.1.3.1
2026-01-05 10:21:02,297 [WARN] PackLoader:240 - Cannot read IP mode file for STMicroelectronics.X-CUBE-ALGOBUILD.1.4.0
2026-01-05 10:21:02,330 [WARN] PackLoader:240 - Cannot read IP mode file for STMicroelectronics.X-CUBE-MEMS1.11.3.0
2026-01-05 10:21:02,390 [WARN] PackLoader:240 - Cannot read IP mode file for STMicroelectronics.X-CUBE-AI.9.1.0
2026-01-05 10:21:02,401 [WARN] PackLoader:240 - Cannot read IP mode file for STMicroelectronics.X-CUBE-PM33A1.1.0.0
2026-01-05 10:21:02,413 [WARN] PackLoader:240 - Cannot read IP mode file for STMicroelectronics.X-CUBE-GNSS1.6.0.0
2026-01-05 10:21:02,437 [WARN] PackLoader:240 - Cannot read IP mode file for STMicroelectronics.X-CUBE-AZRTOS-F4.1.1.0
2026-01-05 10:21:02,448 [ERROR] Engine:466 - C:\Users\brady\.stm32cubemx\thirdparties\pdsc\Avnet-IotConnect.X-CUBE-IoTC-DA16k-PMOD.1.0.0.pdsc: PDSC version is not supported
2026-01-05 10:21:02,459 [WARN] PackLoader:240 - Cannot read IP mode file for STMicroelectronics.X-CUBE-ISPU.2.1.0
2026-01-05 10:21:02,472 [ERROR] Engine:466 - C:\Users\brady\.stm32cubemx\thirdparties\pdsc\STMicroelectronics.X-CUBE-IPS.3.2.0.pdsc: PDSC version is not supported
2026-01-05 10:21:02,483 [WARN] PackLoader:240 - Cannot read IP mode file for STMicroelectronics.X-CUBE-FREERTOS.1.2.0
2026-01-05 10:21:02,497 [WARN] PackLoader:240 - Cannot read IP mode file for STMicroelectronics.X-CUBE-NFC12.1.0.0
2026-01-05 10:21:02,519 [WARN] PackLoader:240 - Cannot read IP mode file for STMicroelectronics.X-CUBE-AZRTOS-L5.2.0.0
2026-01-05 10:21:02,531 [WARN] PackLoader:240 - Cannot read IP mode file for STMicroelectronics.X-CUBE-NFC6.3.1.0
2026-01-05 10:21:02,543 [WARN] PackLoader:240 - Cannot read IP mode file for STMicroelectronics.X-CUBE-DPower.1.2.0
2026-01-05 10:21:02,553 [WARN] PackLoader:240 - Cannot read IP mode file for STMicroelectronics.X-CUBE-AI.9.0.0
2026-01-05 10:21:02,565 [WARN] PackLoader:240 - Cannot read IP mode file for STMicroelectronics.X-CUBE-FREERTOS.1.3.1
2026-01-05 10:21:02,576 [WARN] PackLoader:240 - Cannot read IP mode file for STMicroelectronics.X-CUBE-FREERTOS.1.3.0
2026-01-05 10:21:02,587 [WARN] PackLoader:240 - Cannot read IP mode file for STMicroelectronics.X-CUBE-NFC7.1.0.1
2026-01-05 10:21:02,602 [WARN] PackLoader:240 - Cannot read IP mode file for STMicroelectronics.X-CUBE-TOUCHGFX.4.26.0
2026-01-05 10:21:02,612 [ERROR] Engine:466 - C:\Users\brady\.stm32cubemx\thirdparties\pdsc\STMicroelectronics.FP-SNS-STAIOTCFT.1.0.0.pdsc: PDSC version is not supported
2026-01-05 10:21:02,623 [WARN] PackLoader:240 - Cannot read IP mode file for STMicroelectronics.X-CUBE-DPower.1.3.0
2026-01-05 10:21:02,644 [WARN] ConditionMgr:438 - getConditionDescription Invalid condition id : LAN8742 Phy interface Condition cause : null
2026-01-05 10:21:02,644 [WARN] PackLoader:240 - Cannot read IP mode file for STMicroelectronics.X-CUBE-AZRTOS-L4.2.0.0
2026-01-05 10:21:02,645 [WARN] ConditionMgr:1039 - genDependencies : Invalid condition id : LAN8742 Phy interface Condition cause : null
2026-01-05 10:21:02,645 [WARN] ConditionMgr:1039 - genDependencies : Invalid condition id : LAN8742 Phy interface Condition cause : null
2026-01-05 10:21:02,645 [WARN] ConditionMgr:1039 - genDependencies : Invalid condition id : LAN8742 Phy interface Condition cause : null
2026-01-05 10:21:02,656 [INFO] WebApp:167 - Instantiating new browser for Auth
2026-01-05 10:21:02,658 [WARN] PackLoader:240 - Cannot read IP mode file for STMicroelectronics.X-CUBE-SFXS2LP1.4.0.0
2026-01-05 10:21:02,685 [WARN] PackLoader:240 - Cannot read IP mode file for STMicroelectronics.X-CUBE-AZRTOS-H7.3.3.0
2026-01-05 10:21:02,699 [ERROR] Engine:466 - C:\Users\brady\.stm32cubemx\thirdparties\pdsc\STMicroelectronics.X-CUBE-BLEMGR.4.1.0.pdsc: PDSC version is not supported
2026-01-05 10:21:02,715 [WARN] PackLoader:240 - Cannot read IP mode file for STMicroelectronics.X-CUBE-IPS.3.0.0
2026-01-05 10:21:02,733 [WARN] ConditionMgr:438 - getConditionDescription Invalid condition id : UX DEVICE CLASS RTOS Condition cause : null
2026-01-05 10:21:02,733 [WARN] ConditionMgr:438 - getConditionDescription Invalid condition id : UX DEVICE CLASS RTOS Condition cause : null
2026-01-05 10:21:02,734 [WARN] PackLoader:240 - Cannot read IP mode file for STMicroelectronics.X-CUBE-AZRTOS-WB.2.0.0
2026-01-05 10:21:02,734 [WARN] ConditionMgr:1039 - genDependencies : Invalid condition id : UX DEVICE CLASS RTOS Condition cause : null
2026-01-05 10:21:02,734 [WARN] ConditionMgr:1039 - genDependencies : Invalid condition id : UX DEVICE CLASS RTOS Condition cause : null
2026-01-05 10:21:02,734 [WARN] ConditionMgr:1039 - genDependencies : Invalid condition id : UX DEVICE CLASS RTOS Condition cause : null
2026-01-05 10:21:02,735 [WARN] ConditionMgr:1039 - genDependencies : Invalid condition id : UX DEVICE CLASS RTOS Condition cause : null
2026-01-05 10:21:02,735 [WARN] ConditionMgr:1039 - genDependencies : Invalid condition id : UX DEVICE CLASS RTOS Condition cause : null
2026-01-05 10:21:02,746 [WARN] PackLoader:240 - Cannot read IP mode file for STMicroelectronics.X-CUBE-GNSS1.7.0.0
2026-01-05 10:21:02,759 [WARN] PackLoader:240 - Cannot read IP mode file for STMicroelectronics.X-CUBE-GNSS1.7.0.1
2026-01-05 10:21:02,771 [WARN] PackLoader:240 - Cannot read IP mode file for STMicroelectronics.X-CUBE-TOUCHGFX.4.25.0
2026-01-05 10:21:02,784 [WARN] PackLoader:240 - Cannot read IP mode file for STMicroelectronics.FP-SNS-STBOX1.2.0.0
2026-01-05 10:21:02,799 [WARN] PackLoader:240 - Cannot read IP mode file for STMicroelectronics.X-CUBE-SUBG2.5.0.0
2026-01-05 10:21:02,819 [WARN] PackLoader:240 - Cannot read IP mode file for STMicroelectronics.X-CUBE-AZRTOS-H7RS.1.1.0
2026-01-05 10:21:02,831 [WARN] PackLoader:240 - Cannot read IP mode file for Cesanta.I-CUBE-Mongoose.7.13.0
2026-01-05 10:21:02,849 [WARN] PackLoader:240 - Cannot read IP mode file for STMicroelectronics.X-CUBE-AZRTOS-G4.2.0.0
2026-01-05 10:21:02,866 [WARN] PackLoader:240 - Cannot read IP mode file for STMicroelectronics.X-CUBE-NFC7.2.0.0
2026-01-05 10:21:02,877 [WARN] PackLoader:240 - Cannot read IP mode file for STMicroelectronics.X-CUBE-ISPU.2.0.0
2026-01-05 10:21:02,888 [ERROR] Engine:466 - C:\Users\brady\.stm32cubemx\thirdparties\pdsc\STMicroelectronics.X-CUBE-IPS.3.1.0.pdsc: PDSC version is not supported
2026-01-05 10:21:02,899 [WARN] PackLoader:240 - Cannot read IP mode file for STMicroelectronics.X-CUBE-ALS.1.0.2
2026-01-05 10:21:02,909 [WARN] PackLoader:240 - Cannot read IP mode file for STMicroelectronics.X-CUBE-TOUCHGFX.4.24.0
2026-01-05 10:21:02,919 [WARN] PackLoader:240 - Cannot read IP mode file for STMicroelectronics.X-CUBE-TOUCHGFX.4.24.2
2026-01-05 10:21:02,930 [WARN] PackLoader:240 - Cannot read IP mode file for STMicroelectronics.X-CUBE-TOUCHGFX.4.24.1
2026-01-05 10:21:02,941 [WARN] PackLoader:240 - Cannot read IP mode file for STMicroelectronics.X-CUBE-STSE01.1.0.0
2026-01-05 10:21:02,951 [WARN] PackLoader:240 - Cannot read IP mode file for wolfSSL.I-CUBE-wolfTPM.3.4.0
2026-01-05 10:21:02,962 [WARN] PackLoader:240 - Cannot read IP mode file for portGmbH.I-Cube-SoM-uGOAL.1.1.0
2026-01-05 10:21:02,981 [WARN] PackLoader:240 - Cannot read IP mode file for STMicroelectronics.X-CUBE-AZRTOS-H7RS.1.0.0
2026-01-05 10:21:02,993 [WARN] PackLoader:240 - Cannot read IP mode file for STMicroelectronics.FP-ATR-ASTRA1.2.0.0
2026-01-05 10:21:03,007 [WARN] PackLoader:240 - Cannot read IP mode file for STMicroelectronics.X-CUBE-TOF1.3.4.2
2026-01-05 10:21:03,022 [ERROR] Engine:466 - C:\Users\brady\.stm32cubemx\thirdparties\pdsc\STMicroelectronics.X-CUBE-TOF1.3.4.3.pdsc: PDSC version is not supported
2026-01-05 10:21:03,041 [WARN] PackLoader:240 - Cannot read IP mode file for Infineon.AIROC-Wi-Fi-Bluetooth-STM32.1.6.1
2026-01-05 10:21:03,052 [WARN] PackLoader:240 - Cannot read IP mode file for wolfSSL.I-CUBE-wolfSSH.1.4.17
2026-01-05 10:21:03,053 [INFO] ThirdParty:978 - Integrity check success = true
2026-01-05 10:21:03,053 [INFO] IntegrityCheckThread:100 - exiting critical section [integrity check]
2026-01-05 10:21:03,053 [INFO] IntegrityCheckThread:103 - End integrity checks thread
2026-01-05 10:21:03,234 [INFO] WebApp:448 - Apply proxy settings
2026-01-05 10:21:03,235 [INFO] WebApp:533 - Chromium requires no authentication
2026-01-05 10:21:03,242 [INFO] WebApp:476 - Direct internet connection detected
2026-01-05 10:21:03,258 [INFO] WebApp:869 - Register for checkConnection events
2026-01-05 10:21:03,259 [INFO] WebApp:448 - Apply proxy settings
2026-01-05 10:21:03,259 [INFO] WebApp:533 - Chromium requires no authentication
2026-01-05 10:21:03,259 [INFO] WebApp:476 - Direct internet connection detected
2026-01-05 10:21:03,367 [INFO] WebApp:220 - Starting web application
2026-01-05 10:21:03,367 [INFO] WebApp:578 - Web application path used C:\ST\STM32CubeIDE_1.16.0\STM32CubeIDE\plugins\com.st.stm32cube.common.mx_6.12.0.202406281431\db\plugins\mcufinder\reactClient1\index.html
2026-01-05 10:21:03,378 [INFO] WebApp:186 - Connection restablished
2026-01-05 10:24:23,118 [INFO] McuFinderGlobals:63 - Set McuFinder mode to 2 (CubeIDE integrated)
2026-01-05 10:24:23,142 [INFO] MainUpdater:2873 - connection check result : 10
2026-01-05 10:24:23,160 [INFO] McuFinderGlobals:76 - Set McuFinderConnectedMode to true
2026-01-05 10:24:23,340 [INFO] ServerAccessManage:473 - Download File mcusAds.json._tmp_
2026-01-05 10:24:23,453 [INFO] LoadUrlFilesThread:156 - End of LoadUrlFiles Thread
2026-01-05 10:24:23,655 [INFO] ServerAccessManage:473 - Download File cube-finder-db.zip
2026-01-05 10:24:26,719 [INFO] FileExtend:240 - Unzip File : cube-finder-db.zip
2026-01-05 10:24:26,719 [INFO] FileExtend:255 - Standard Zip Deflate
2026-01-05 10:24:27,344 [INFO] LoadUrlFilesThread:156 - End of LoadUrlFiles Thread
2026-01-05 10:24:28,034 [INFO] ServerAccessManage:473 - Download File crdb.zip
2026-01-05 10:24:29,027 [INFO] FileExtend:240 - Unzip File : crdb.zip
2026-01-05 10:24:29,027 [INFO] FileExtend:255 - Standard Zip Deflate
2026-01-05 10:24:29,157 [INFO] LoadUrlFilesThread:156 - End of LoadUrlFiles Thread
2026-01-05 10:24:29,293 [INFO] ServerAccessManage:473 - Download File tutoVideoDB.zip
2026-01-05 10:24:29,310 [INFO] FileExtend:240 - Unzip File : tutoVideoDB.zip
2026-01-05 10:24:29,310 [INFO] FileExtend:255 - Standard Zip Deflate
2026-01-05 10:24:29,422 [INFO] LoadUrlFilesThread:156 - End of LoadUrlFiles Thread
2026-01-05 10:24:29,424 [WARN] DbFile:41 - Overriding database path with different value: C:\Users\brady\.stmcufinder\plugins\mcufinder/ => C:\Users\brady\.stmcufinder\plugins\mcufinder
2026-01-05 10:24:29,546 [INFO] ServerAccessManage:473 - Download File api_config.json
2026-01-05 10:24:29,655 [INFO] LoadUrlFilesThread:156 - End of LoadUrlFiles Thread
2026-01-05 10:24:29,656 [INFO] DbMcusAds:53 - JSON generation date=Mon Dec 15 15:11:46 PST 2025 (1765840306612)
2026-01-05 10:24:29,670 [INFO] LoadUrlFilesThread:185 - End of LoadServerUrlFiles without Thread
2026-01-05 10:24:29,670 [INFO] TargetSelectorAdapter:259 - Refresh data is successful
2026-01-05 10:24:29,774 [INFO] ApiDb:581 - Connected to CubeFinder SQLite database (C:\Users\brady\.stmcufinder\plugins\mcufinder\mcu\cube-finder-db.db)
2026-01-05 10:24:29,815 [INFO] ApiDb:668 - CubeFinder database Data Model version=2.1
2026-01-05 10:24:29,815 [INFO] ApiDb:669 - CubeFinder database Configuration version=3.0.39
2026-01-05 10:24:29,815 [INFO] ApiDb:670 - CubeFinder database generation date=2025-12-22 (1766407740)
2026-01-05 10:24:29,815 [INFO] ApiDb:671 - CubeFinder database FW Pack versions=[FP-ATR-ASTRA1_V2.0.0, FP-SNS-FLIGHT1_V5.1.0, FP-SNS-MOTENV1_V5.1.0, FP-SNS-MOTENVWB1_V1.4.0, FP-SNS-SMARTAG2_V1.2.0, FP-SNS-STBOX1_V2.1.0, STM32Cube_FW_C0_V1.4.0, STM32Cube_FW_F4_V1.28.3, STM32Cube_FW_F7_V1.17.4, STM32Cube_FW_G0_V1.6.2, STM32Cube_FW_G4_V1.6.1, STM32Cube_FW_H5_V1.5.1, STM32Cube_FW_H7RS_V1.3.0, STM32Cube_FW_H7_V1.12.1, STM32Cube_FW_L0_V1.12.2, STM32Cube_FW_L4_V1.18.1, STM32Cube_FW_L5_V1.6.0, STM32Cube_FW_N6_V1.3.0, STM32Cube_FW_U0_V1.3.0, STM32Cube_FW_U3_V1.2.1, STM32Cube_FW_U5_V1.8.0, STM32Cube_FW_WB0_V1.4.0, STM32Cube_FW_WBA_V1.8.0, STM32Cube_FW_WB_V1.24.0, STM32Cube_FW_WL3_V1.3.0, STM32Cube_FW_WL_V1.4.0, X-CUBE-ALGOBUILD_V1.4.0, X-CUBE-ALS_V1.0.2, X-CUBE-AZRTOS-F4_V1.1.0, X-CUBE-AZRTOS-F7_V1.1.0, X-CUBE-AZRTOS-G0_V1.1.0, X-CUBE-AZRTOS-G4_V2.0.0, X-CUBE-AZRTOS-H7RS_V1.1.0, X-CUBE-AZRTOS-H7_V3.4.0, X-CUBE-AZRTOS-L4_V2.0.0, X-CUBE-AZRTOS-L5_V2.0.0, X-CUBE-AZRTOS-WB_V2.0.0, X-CUBE-AZRTOS-WL_V2.0.0, X-CUBE-BLE1_V7.1.0, X-CUBE-BLE2_V3.3.0, X-CUBE-BLEMGR_V4.1.0, X-CUBE-EEPRMA1_V5.2.0, X-CUBE-FREERTOS_V1.3.1, X-CUBE-GNSS1_V6.0.0, X-CUBE-MEMS1_V12.0.0, X-CUBE-NFC4_V3.0.0, X-CUBE-NFC7_V2.0.0, X-CUBE-SFXS2LP1_V4.0.0, X-CUBE-ST67W61_V1.1.0, X-CUBE-SUBG2_V5.0.0, X-CUBE-TOF1_V3.4.3]
2026-01-05 10:24:31,050 [INFO] ApiDb:240 - Found 646 in-development CPN: [B-G473E-ZEST1S, B-WB1M-WPAN1, B-WL5M-SUBG1, NUCLEO-C031C6, NUCLEO-C071RB, NUCLEO-H503RB, NUCLEO-H533RE, NUCLEO-H563ZI, NUCLEO-H7S3L8, NUCLEO-U031R8, NUCLEO-U083RC, NUCLEO-U545RE-Q, NUCLEO-U5A5ZJ-Q, NUCLEO-WB05KZ, NUCLEO-WB07CC, NUCLEO-WB09KE, NUCLEO-WBA52CG, NUCLEO-WBA55CG, STEVAL-PROTEUS1, STEVAL-SMARTAG2, STEVAL-STWINBX1, STM320518-EVAL, STM32C0116-DK, STM32C011D6Y3TR, STM32C011D6Y6TR, STM32C011F4P3, STM32C011F4P6, STM32C011F4U3, STM32C011F4U6TR, STM32C011F6P3, STM32C011F6P6, STM32C011F6U3, STM32C011F6U6TR, STM32C011J4M3, STM32C011J4M6, STM32C011J6M3, STM32C011J6M6, STM32C0316-DK, STM32C031C4T3, STM32C031C4T6, STM32C031C4U3, STM32C031C4U6, STM32C031C6T3, STM32C031C6T6, STM32C031C6U3, STM32C031C6U6, STM32C031F4P3, STM32C031F4P6, STM32C031F6P3, STM32C031F6P6, STM32C031G4U3, STM32C031G4U6, STM32C031G6U3, STM32C031G6U6, STM32C031K4T3, STM32C031K4T6, STM32C031K4U3, STM32C031K4U6, STM32C031K6T3, STM32C031K6T6, STM32C031K6U3, STM32C031K6U6, STM32C071C8T6, STM32C071C8T6N, STM32C071C8U6, STM32C071C8U6N, STM32C071CBT6, STM32C071CBT6N, STM32C071CBU6, STM32C071CBU6N, STM32C071F8P6, STM32C071F8P6N, STM32C071FBP6, STM32C071FBP6N, STM32C071FBY6TR, STM32C071G8U6, STM32C071G8U6N, STM32C071GBU6, STM32C071GBU6N, STM32C071K8T6, STM32C071K8T6N, STM32C071K8U6, STM32C071K8U6N, STM32C071KBT6, STM32C071KBT6N, STM32C071KBU6, STM32C071KBU6N, STM32C071R8T6, STM32C071R8T6N, STM32C071RBI6N, STM32C071RBT6, STM32C071RBT6N, STM32G071K8TXN, STM32G071K8UXN, STM32G081GBU6N, STM32G081KBT6N, STM32G081KBUXN, STM32G0B1CCT6N, STM32G0B1KCT6, STM32G0B1NEY6TR, STM32G0B1RCT6N, STM32G0C1CCT6, STM32G0C1CCT6N, STM32G0C1CCU6N, STM32G0C1CET6N, STM32G0C1CEU6N, STM32G0C1KCT6, STM32G0C1NEY6TR, STM32G0C1RCI6N, STM32G0C1RCT6N, STM32G0C1REI6N, STM32G0C1RET6N, STM32G0C1VCI6, STM32G0C1VEI6, STM32G411C6T3, STM32G411C6T6, STM32G411C6U3, STM32G411C6U6, STM32G411C8T3, STM32G411C8T6, STM32G411C8U3, STM32G411C8U6, STM32G411CBT3, STM32G411CBT6, STM32G411CBU3, STM32G411CBU6, STM32G411K6T3, STM32G411K6T6, STM32G411K6U3, STM32G411K6U6, STM32G411K8T3, STM32G411K8T6, STM32G411K8U3, STM32G411K8U6, STM32G411KBT3, STM32G411KBT6, STM32G411KBU3, STM32G411KBU6, STM32G411M6T3, STM32G411M6T6, STM32G411M8T3, STM32G411M8T6, STM32G411MBT3, STM32G411MBT6, STM32G411R6T3, STM32G411R6T6, STM32G411R8T3, STM32G411R8T6, STM32G411RBT3, STM32G411RBT6, STM32G414CBT3, STM32G414CBT6, STM32G414CBU3, STM32G414CBU6, STM32G414CCT3, STM32G414CCT6, STM32G414CCU3, STM32G414CCU6, STM32G414MBT3, STM32G414MBT6, STM32G414MCT3, STM32G414MCT6, STM32G414RBT3, STM32G414RBT6, STM32G414RCT3, STM32G414RCT6, STM32G414VBT3, STM32G414VBT6, STM32G414VCT3, STM32G414VCT6, STM32G431CBT3Z, STM32G431RBT3Z, STM32G471CCT6, STM32G471CCU6, STM32G471CET3, STM32G471CET6, STM32G471CEU3, STM32G471CEU6, STM32G471MCT6, STM32G471MET3, STM32G471MET6, STM32G471MEY6TR, STM32G471QCT6, STM32G471QET3, STM32G471RCT6, STM32G471RET3, STM32G471RET6, STM32G471VCH6, STM32G471VCI6, STM32G471VCT6, STM32G471VEH3, STM32G471VEH6, STM32G471VEI3, STM32G471VEI6, STM32G471VET3, STM32G471VET6, STM32G473QET3Z, STM32G473RET3Z, STM32G474CCT6, STM32G491RET3Z, STM32H503CBT6, STM32H503CBU6, STM32H503EBY6TR, STM32H503KBU6, STM32H503RBT6, STM32H523CCT6, STM32H523CCU6, STM32H523CET6, STM32H523CEU6, STM32H523HEY6TR, STM32H523RCT6, STM32H523RET6, STM32H523VCI6, STM32H523VCT6, STM32H523VEI6, STM32H523VET6, STM32H523ZCJ6, STM32H523ZCT6, STM32H523ZEJ6, STM32H523ZET6, STM32H533CET6, STM32H533CEU6, STM32H533HEY6TR, STM32H533RET6, STM32H533VEI6, STM32H533VET6, STM32H533ZEJ6, STM32H533ZET6, STM32H562AGI6, STM32H562AII6, STM32H562IGK6, STM32H562IGT6, STM32H562IIK6, STM32H562IIT6, STM32H562RGT6, STM32H562RGV6, STM32H562RIT6, STM32H562RIV6, STM32H562VGT6, STM32H562VIT6, STM32H562ZGT6, STM32H562ZIT6, STM32H563AGI6, STM32H563AII3Q, STM32H563AII6, STM32H563IGK6, STM32H563IGT6, STM32H563IIK3Q, STM32H563IIK6, STM32H563IIT3Q, STM32H563IIT6, STM32H563MIY3QTR, STM32H563RGT6, STM32H563RGV6, STM32H563RIT6, STM32H563RIV6, STM32H563VGT6, STM32H563VIT3Q, STM32H563VIT6, STM32H563ZGT6, STM32H563ZIT3Q, STM32H563ZIT6, STM32H573AII3Q, STM32H573AII6, STM32H573I-DK, STM32H573IIK3Q, STM32H573IIK6, STM32H573IIT3Q, STM32H573IIT6, STM32H573MIY3QTR, STM32H573RIT6, STM32H573RIV6, STM32H573VIT3Q, STM32H573VIT6, STM32H573ZIT3Q, STM32H573ZIT6, STM32H7R3A8I6, STM32H7R3I8K6, STM32H7R3I8T6, STM32H7R3L8H6, STM32H7R3L8H6H, STM32H7R3R8V6, STM32H7R3V8H6, STM32H7R3V8T6, STM32H7R3V8Y6TR, STM32H7R3Z8J6, STM32H7R3Z8T6, STM32H7R7A8I6, STM32H7R7I8K6, STM32H7R7I8T6, STM32H7R7L8H6, STM32H7R7L8H6H, STM32H7R7Z8J6, STM32H7S3A8I6, STM32H7S3I8K6, STM32H7S3I8T6, STM32H7S3L8H6, STM32H7S3L8H6H, STM32H7S3R8V6, STM32H7S3V8H6, STM32H7S3V8T6, STM32H7S3V8Y6TR, STM32H7S3Z8J6, STM32H7S3Z8T6, STM32H7S78-DK, STM32H7S7A8I6, STM32H7S7I8K6, STM32H7S7I8T6, STM32H7S7L8H6, STM32H7S7L8H6H, STM32H7S7Z8J6, STM32L4R5QGI6STR, STM32MP131AAE3, STM32MP131AAF3, STM32MP131AAG3, STM32MP131CAE3, STM32MP131CAF3, STM32MP131CAG3, STM32MP131DAE7, STM32MP131DAF7, STM32MP131DAG7, STM32MP131FAE7, STM32MP131FAF7, STM32MP131FAG7, STM32MP133AAE3, STM32MP133AAF3, STM32MP133AAG3, STM32MP133CAE3, STM32MP133CAF3, STM32MP133CAG3, STM32MP133DAE7, STM32MP133DAF7, STM32MP133DAG7, STM32MP133FAE7, STM32MP133FAF7, STM32MP133FAG7, STM32MP135AAE3, STM32MP135AAF3, STM32MP135AAG3, STM32MP135CAE3, STM32MP135CAF3, STM32MP135CAG3, STM32MP135DAE7, STM32MP135DAF7, STM32MP135DAG7, STM32MP135F-DK, STM32MP135FAE7, STM32MP135FAF7, STM32MP135FAF7T, STM32MP135FAF7U, STM32MP135FAG7, STM32MP251AAI3, STM32MP251AAK3, STM32MP251AAL3, STM32MP251CAI3, STM32MP251CAK3, STM32MP251CAL3, STM32MP251DAI3, STM32MP251DAK3, STM32MP251DAL3, STM32MP251FAI3, STM32MP251FAK3, STM32MP251FAL3, STM32MP253AAI3, STM32MP253AAK3, STM32MP253AAL3, STM32MP253CAI3, STM32MP253CAK3, STM32MP253CAL3, STM32MP253DAI3, STM32MP253DAK3, STM32MP253DAL3, STM32MP253FAI3, STM32MP253FAK3, STM32MP253FAL3, STM32MP255AAI3, STM32MP255AAK3, STM32MP255AAL3, STM32MP255CAI3, STM32MP255CAK3, STM32MP255CAL3, STM32MP255DAI3, STM32MP255DAK3, STM32MP255DAL3, STM32MP255FAI3, STM32MP255FAK3, STM32MP255FAL3, STM32MP257AAI3, STM32MP257AAK3, STM32MP257AAL3, STM32MP257CAI3, STM32MP257CAK3, STM32MP257CAL3, STM32MP257DAI3, STM32MP257DAK3, STM32MP257DAL3, STM32MP257F-DK, STM32MP257F-EV1, STM32MP257FAI3, STM32MP257FAK3, STM32MP257FAL3, STM32U031C6T6, STM32U031C6U6, STM32U031C8T6, STM32U031C8U6, STM32U031F4P6, STM32U031F6P6, STM32U031F8P6, STM32U031G6Y6TR, STM32U031G8Y6TR, STM32U031K4U6, STM32U031K6U6, STM32U031K8U6, STM32U031R6I6, STM32U031R6T6, STM32U031R8I6, STM32U031R8T6, STM32U073C8T6, STM32U073C8U6, STM32U073CBT6, STM32U073CBU6, STM32U073CCT6, STM32U073CCU6, STM32U073H8Y6TR, STM32U073HBY6TR, STM32U073HCY6TR, STM32U073K8U6, STM32U073KBU6, STM32U073KCU6, STM32U073M8I6, STM32U073M8T6, STM32U073MBI6, STM32U073MBT6, STM32U073MCI6, STM32U073MCT6, STM32U073R8I6, STM32U073R8T6, STM32U073RBI6, STM32U073RBT6, STM32U073RCI6, STM32U073RCT6, STM32U083C-DK, STM32U083CCT6, STM32U083CCU6, STM32U083HCY6TR, STM32U083KCU6, STM32U083MCI6, STM32U083MCT6, STM32U083RCI6, STM32U083RCT6, STM32U535CBT6, STM32U535CBT6Q, STM32U535CBU6, STM32U535CBU6Q, STM32U535CCT6, STM32U535CCT6Q, STM32U535CCU6, STM32U535CCU6Q, STM32U535CET6, STM32U535CET6Q, STM32U535CEU6, STM32U535CEU6Q, STM32U535JEY6QTR, STM32U535NCY6QTR, STM32U535NEY6QTR, STM32U535RBI6, STM32U535RBI6Q, STM32U535RBT6, STM32U535RBT6Q, STM32U535RCI6, STM32U535RCI6Q, STM32U535RCT6, STM32U535RCT6Q, STM32U535REI6, STM32U535REI6Q, STM32U535RET6, STM32U535RET6Q, STM32U535VCI6, STM32U535VCI6Q, STM32U535VCT6, STM32U535VCT6Q, STM32U535VEI6, STM32U535VEI6Q, STM32U535VET6, STM32U535VET6Q, STM32U545CET6, STM32U545CET6Q, STM32U545CEU6, STM32U545CEU6Q, STM32U545JEY6QTR, STM32U545NEY6QTR, STM32U545REI6, STM32U545REI6Q, STM32U545RET6, STM32U545RET6Q, STM32U545VEI6, STM32U545VEI6Q, STM32U545VET6, STM32U545VET6Q, STM32U595AIH6, STM32U595AIH6Q, STM32U595AJH6, STM32U595AJH6Q, STM32U595QII6, STM32U595QII6Q, STM32U595QJI6, STM32U595QJI6Q, STM32U595RIT6, STM32U595RIT6Q, STM32U595RJT6, STM32U595RJT6Q, STM32U595VIT6, STM32U595VIT6Q, STM32U595VJT6, STM32U595VJT6Q, STM32U595ZIT6, STM32U595ZIT6Q, STM32U595ZIY6QTR, STM32U595ZJT6, STM32U595ZJT6Q, STM32U595ZJY6QTR, STM32U599BJY6QTR, STM32U599NIH6Q, STM32U599NJH6Q, STM32U599VIT6Q, STM32U599VJT6, STM32U599VJT6Q, STM32U599ZIT6Q, STM32U599ZIY6QTR, STM32U599ZJT6Q, STM32U599ZJY6QTR, STM32U5A5AJH6, STM32U5A5AJH6Q, STM32U5A5QII3Q , STM32U5A5QJI6, STM32U5A5QJI6Q, STM32U5A5RJT6, STM32U5A5RJT6Q, STM32U5A5VJT6, STM32U5A5VJT6Q, STM32U5A5ZJT6, STM32U5A5ZJT6Q, STM32U5A5ZJY6QTR, STM32U5A9BJY6QTR, STM32U5A9J-DK, STM32U5A9NJH6Q, STM32U5A9VJT6Q, STM32U5A9ZJT6Q, STM32U5A9ZJY6QTR, STM32U5F7VIT6, STM32U5F7VIT6Q, STM32U5F7VJT6, STM32U5F7VJT6Q, STM32U5F9BJY6QTR, STM32U5F9NJH6Q, STM32U5F9VIT6Q, STM32U5F9VJT6Q, STM32U5F9ZIJ6QTR, STM32U5F9ZIT6Q, STM32U5F9ZJJ6QTR, STM32U5F9ZJT6Q, STM32U5G7VJT6, STM32U5G7VJT6Q, STM32U5G9BJY6QTR, STM32U5G9J-DK1, STM32U5G9J-DK2, STM32U5G9NJH6Q, STM32U5G9VJT6Q, STM32U5G9ZJJ6QTR, STM32U5G9ZJT6Q, STM32WB05KZV6TR, STM32WB05KZV7TR, STM32WB05TZF6TR, STM32WB05TZF7TR, STM32WB06CCF6TR, STM32WB06CCF7TR, STM32WB06CCV6TR, STM32WB06CCV7TR, STM32WB06KCV6TR, STM32WB06KCV7TR, STM32WB07CCF6TR, STM32WB07CCF7TR, STM32WB07CCV6TR, STM32WB07CCV7TR, STM32WB07KCV6TR, STM32WB07KCV7TR, STM32WB09KEV6TR, STM32WB09KEV7TR, STM32WB09TEF6TR, STM32WB09TEF7TR, STM32WB1MMCH6, STM32WBA50KGU6, STM32WBA50KGU6TR, STM32WBA52CEU6, STM32WBA52CEU6TR, STM32WBA52CEU7, STM32WBA52CEU7TR, STM32WBA52CGU6, STM32WBA52CGU6TR, STM32WBA52CGU6U, STM32WBA52CGU7, STM32WBA52CGU7TR, STM32WBA52KEU6, STM32WBA52KEU6TR, STM32WBA52KGU6, STM32WBA52KGU6TR, STM32WBA54CEU6, STM32WBA54CEU6TR, STM32WBA54CEU7, STM32WBA54CEU7TR, STM32WBA54CGU6, STM32WBA54CGU6TR, STM32WBA54CGU7, STM32WBA54CGU7TR, STM32WBA54KEU6, STM32WBA54KEU6TR, STM32WBA54KEU7, STM32WBA54KEU7TR, STM32WBA54KGU6, STM32WBA54KGU6TR, STM32WBA54KGU7, STM32WBA54KGU7TR, STM32WBA55CEU6, STM32WBA55CEU6TR, STM32WBA55CEU7, STM32WBA55CEU7TR, STM32WBA55CGU6, STM32WBA55CGU6TR, STM32WBA55CGU6U, STM32WBA55CGU7, STM32WBA55CGU7TR, STM32WBA55G-DK1, STM32WBA55HEF6, STM32WBA55HEF7, STM32WBA55HGF6, STM32WBA55HGF7, STM32WBA55UEI6, STM32WBA55UEI6TR, STM32WBA55UEI7, STM32WBA55UEI7TR, STM32WBA55UGI6, STM32WBA55UGI6TR, STM32WBA55UGI7, STM32WBA55UGI7TR, STM32WL5MOCH6, STM32WL5MOCH6TR]
2026-01-05 10:24:31,054 [INFO] DbMcus:218 - Found 4816 MCUs, 4816 are supported
2026-01-05 10:24:31,073 [INFO] ApiDb:423 - Load user favorites file C:\Users\brady/.stm32cubeide/favorites.mcus.txt: 1 item(s)
2026-01-05 10:24:31,073 [INFO] ApiDb:427 - User favorites MCUs=[STM32F412ZGT6]
2026-01-05 10:24:31,074 [INFO] DbMcus:224 - Set 1 / 1 favorites MCUs
2026-01-05 10:24:31,252 [INFO] ApiDb:668 - CubeFinder database Data Model version=2.1
2026-01-05 10:24:31,252 [INFO] ApiDb:669 - CubeFinder database Configuration version=3.0.39
2026-01-05 10:24:31,252 [INFO] ApiDb:670 - CubeFinder database generation date=2025-12-22 (1766407740)
2026-01-05 10:24:31,252 [INFO] ApiDb:671 - CubeFinder database FW Pack versions=[FP-ATR-ASTRA1_V2.0.0, FP-SNS-FLIGHT1_V5.1.0, FP-SNS-MOTENV1_V5.1.0, FP-SNS-MOTENVWB1_V1.4.0, FP-SNS-SMARTAG2_V1.2.0, FP-SNS-STBOX1_V2.1.0, STM32Cube_FW_C0_V1.4.0, STM32Cube_FW_F4_V1.28.3, STM32Cube_FW_F7_V1.17.4, STM32Cube_FW_G0_V1.6.2, STM32Cube_FW_G4_V1.6.1, STM32Cube_FW_H5_V1.5.1, STM32Cube_FW_H7RS_V1.3.0, STM32Cube_FW_H7_V1.12.1, STM32Cube_FW_L0_V1.12.2, STM32Cube_FW_L4_V1.18.1, STM32Cube_FW_L5_V1.6.0, STM32Cube_FW_N6_V1.3.0, STM32Cube_FW_U0_V1.3.0, STM32Cube_FW_U3_V1.2.1, STM32Cube_FW_U5_V1.8.0, STM32Cube_FW_WB0_V1.4.0, STM32Cube_FW_WBA_V1.8.0, STM32Cube_FW_WB_V1.24.0, STM32Cube_FW_WL3_V1.3.0, STM32Cube_FW_WL_V1.4.0, X-CUBE-ALGOBUILD_V1.4.0, X-CUBE-ALS_V1.0.2, X-CUBE-AZRTOS-F4_V1.1.0, X-CUBE-AZRTOS-F7_V1.1.0, X-CUBE-AZRTOS-G0_V1.1.0, X-CUBE-AZRTOS-G4_V2.0.0, X-CUBE-AZRTOS-H7RS_V1.1.0, X-CUBE-AZRTOS-H7_V3.4.0, X-CUBE-AZRTOS-L4_V2.0.0, X-CUBE-AZRTOS-L5_V2.0.0, X-CUBE-AZRTOS-WB_V2.0.0, X-CUBE-AZRTOS-WL_V2.0.0, X-CUBE-BLE1_V7.1.0, X-CUBE-BLE2_V3.3.0, X-CUBE-BLEMGR_V4.1.0, X-CUBE-EEPRMA1_V5.2.0, X-CUBE-FREERTOS_V1.3.1, X-CUBE-GNSS1_V6.0.0, X-CUBE-MEMS1_V12.0.0, X-CUBE-NFC4_V3.0.0, X-CUBE-NFC7_V2.0.0, X-CUBE-SFXS2LP1_V4.0.0, X-CUBE-ST67W61_V1.1.0, X-CUBE-SUBG2_V5.0.0, X-CUBE-TOF1_V3.4.3]
2026-01-05 10:24:31,280 [INFO] DbBoardsSqlite:226 - include board P-NUCLEO-WB55-NUCLEO as a kit item of type 'Nucleo-64'
2026-01-05 10:24:31,280 [INFO] DbBoardsSqlite:226 - include board P-NUCLEO-WB55-USBDONGLE as a kit item of type 'Nucleo USB Dongle'
2026-01-05 10:24:31,280 [INFO] DbBoardsSqlite:226 - include board STEVAL-IDP005V1 as a kit item of type 'Evaluation Board'
2026-01-05 10:24:31,280 [INFO] DbBoardsSqlite:226 - include board STEVAL-IDP005V2 as a kit item of type 'Evaluation Board'
2026-01-05 10:24:31,323 [INFO] ApiDb:240 - Found 646 in-development CPN: [B-G473E-ZEST1S, B-WB1M-WPAN1, B-WL5M-SUBG1, NUCLEO-C031C6, NUCLEO-C071RB, NUCLEO-H503RB, NUCLEO-H533RE, NUCLEO-H563ZI, NUCLEO-H7S3L8, NUCLEO-U031R8, NUCLEO-U083RC, NUCLEO-U545RE-Q, NUCLEO-U5A5ZJ-Q, NUCLEO-WB05KZ, NUCLEO-WB07CC, NUCLEO-WB09KE, NUCLEO-WBA52CG, NUCLEO-WBA55CG, STEVAL-PROTEUS1, STEVAL-SMARTAG2, STEVAL-STWINBX1, STM320518-EVAL, STM32C0116-DK, STM32C011D6Y3TR, STM32C011D6Y6TR, STM32C011F4P3, STM32C011F4P6, STM32C011F4U3, STM32C011F4U6TR, STM32C011F6P3, STM32C011F6P6, STM32C011F6U3, STM32C011F6U6TR, STM32C011J4M3, STM32C011J4M6, STM32C011J6M3, STM32C011J6M6, STM32C0316-DK, STM32C031C4T3, STM32C031C4T6, STM32C031C4U3, STM32C031C4U6, STM32C031C6T3, STM32C031C6T6, STM32C031C6U3, STM32C031C6U6, STM32C031F4P3, STM32C031F4P6, STM32C031F6P3, STM32C031F6P6, STM32C031G4U3, STM32C031G4U6, STM32C031G6U3, STM32C031G6U6, STM32C031K4T3, STM32C031K4T6, STM32C031K4U3, STM32C031K4U6, STM32C031K6T3, STM32C031K6T6, STM32C031K6U3, STM32C031K6U6, STM32C071C8T6, STM32C071C8T6N, STM32C071C8U6, STM32C071C8U6N, STM32C071CBT6, STM32C071CBT6N, STM32C071CBU6, STM32C071CBU6N, STM32C071F8P6, STM32C071F8P6N, STM32C071FBP6, STM32C071FBP6N, STM32C071FBY6TR, STM32C071G8U6, STM32C071G8U6N, STM32C071GBU6, STM32C071GBU6N, STM32C071K8T6, STM32C071K8T6N, STM32C071K8U6, STM32C071K8U6N, STM32C071KBT6, STM32C071KBT6N, STM32C071KBU6, STM32C071KBU6N, STM32C071R8T6, STM32C071R8T6N, STM32C071RBI6N, STM32C071RBT6, STM32C071RBT6N, STM32G071K8TXN, STM32G071K8UXN, STM32G081GBU6N, STM32G081KBT6N, STM32G081KBUXN, STM32G0B1CCT6N, STM32G0B1KCT6, STM32G0B1NEY6TR, STM32G0B1RCT6N, STM32G0C1CCT6, STM32G0C1CCT6N, STM32G0C1CCU6N, STM32G0C1CET6N, STM32G0C1CEU6N, STM32G0C1KCT6, STM32G0C1NEY6TR, STM32G0C1RCI6N, STM32G0C1RCT6N, STM32G0C1REI6N, STM32G0C1RET6N, STM32G0C1VCI6, STM32G0C1VEI6, STM32G411C6T3, STM32G411C6T6, STM32G411C6U3, STM32G411C6U6, STM32G411C8T3, STM32G411C8T6, STM32G411C8U3, STM32G411C8U6, STM32G411CBT3, STM32G411CBT6, STM32G411CBU3, STM32G411CBU6, STM32G411K6T3, STM32G411K6T6, STM32G411K6U3, STM32G411K6U6, STM32G411K8T3, STM32G411K8T6, STM32G411K8U3, STM32G411K8U6, STM32G411KBT3, STM32G411KBT6, STM32G411KBU3, STM32G411KBU6, STM32G411M6T3, STM32G411M6T6, STM32G411M8T3, STM32G411M8T6, STM32G411MBT3, STM32G411MBT6, STM32G411R6T3, STM32G411R6T6, STM32G411R8T3, STM32G411R8T6, STM32G411RBT3, STM32G411RBT6, STM32G414CBT3, STM32G414CBT6, STM32G414CBU3, STM32G414CBU6, STM32G414CCT3, STM32G414CCT6, STM32G414CCU3, STM32G414CCU6, STM32G414MBT3, STM32G414MBT6, STM32G414MCT3, STM32G414MCT6, STM32G414RBT3, STM32G414RBT6, STM32G414RCT3, STM32G414RCT6, STM32G414VBT3, STM32G414VBT6, STM32G414VCT3, STM32G414VCT6, STM32G431CBT3Z, STM32G431RBT3Z, STM32G471CCT6, STM32G471CCU6, STM32G471CET3, STM32G471CET6, STM32G471CEU3, STM32G471CEU6, STM32G471MCT6, STM32G471MET3, STM32G471MET6, STM32G471MEY6TR, STM32G471QCT6, STM32G471QET3, STM32G471RCT6, STM32G471RET3, STM32G471RET6, STM32G471VCH6, STM32G471VCI6, STM32G471VCT6, STM32G471VEH3, STM32G471VEH6, STM32G471VEI3, STM32G471VEI6, STM32G471VET3, STM32G471VET6, STM32G473QET3Z, STM32G473RET3Z, STM32G474CCT6, STM32G491RET3Z, STM32H503CBT6, STM32H503CBU6, STM32H503EBY6TR, STM32H503KBU6, STM32H503RBT6, STM32H523CCT6, STM32H523CCU6, STM32H523CET6, STM32H523CEU6, STM32H523HEY6TR, STM32H523RCT6, STM32H523RET6, STM32H523VCI6, STM32H523VCT6, STM32H523VEI6, STM32H523VET6, STM32H523ZCJ6, STM32H523ZCT6, STM32H523ZEJ6, STM32H523ZET6, STM32H533CET6, STM32H533CEU6, STM32H533HEY6TR, STM32H533RET6, STM32H533VEI6, STM32H533VET6, STM32H533ZEJ6, STM32H533ZET6, STM32H562AGI6, STM32H562AII6, STM32H562IGK6, STM32H562IGT6, STM32H562IIK6, STM32H562IIT6, STM32H562RGT6, STM32H562RGV6, STM32H562RIT6, STM32H562RIV6, STM32H562VGT6, STM32H562VIT6, STM32H562ZGT6, STM32H562ZIT6, STM32H563AGI6, STM32H563AII3Q, STM32H563AII6, STM32H563IGK6, STM32H563IGT6, STM32H563IIK3Q, STM32H563IIK6, STM32H563IIT3Q, STM32H563IIT6, STM32H563MIY3QTR, STM32H563RGT6, STM32H563RGV6, STM32H563RIT6, STM32H563RIV6, STM32H563VGT6, STM32H563VIT3Q, STM32H563VIT6, STM32H563ZGT6, STM32H563ZIT3Q, STM32H563ZIT6, STM32H573AII3Q, STM32H573AII6, STM32H573I-DK, STM32H573IIK3Q, STM32H573IIK6, STM32H573IIT3Q, STM32H573IIT6, STM32H573MIY3QTR, STM32H573RIT6, STM32H573RIV6, STM32H573VIT3Q, STM32H573VIT6, STM32H573ZIT3Q, STM32H573ZIT6, STM32H7R3A8I6, STM32H7R3I8K6, STM32H7R3I8T6, STM32H7R3L8H6, STM32H7R3L8H6H, STM32H7R3R8V6, STM32H7R3V8H6, STM32H7R3V8T6, STM32H7R3V8Y6TR, STM32H7R3Z8J6, STM32H7R3Z8T6, STM32H7R7A8I6, STM32H7R7I8K6, STM32H7R7I8T6, STM32H7R7L8H6, STM32H7R7L8H6H, STM32H7R7Z8J6, STM32H7S3A8I6, STM32H7S3I8K6, STM32H7S3I8T6, STM32H7S3L8H6, STM32H7S3L8H6H, STM32H7S3R8V6, STM32H7S3V8H6, STM32H7S3V8T6, STM32H7S3V8Y6TR, STM32H7S3Z8J6, STM32H7S3Z8T6, STM32H7S78-DK, STM32H7S7A8I6, STM32H7S7I8K6, STM32H7S7I8T6, STM32H7S7L8H6, STM32H7S7L8H6H, STM32H7S7Z8J6, STM32L4R5QGI6STR, STM32MP131AAE3, STM32MP131AAF3, STM32MP131AAG3, STM32MP131CAE3, STM32MP131CAF3, STM32MP131CAG3, STM32MP131DAE7, STM32MP131DAF7, STM32MP131DAG7, STM32MP131FAE7, STM32MP131FAF7, STM32MP131FAG7, STM32MP133AAE3, STM32MP133AAF3, STM32MP133AAG3, STM32MP133CAE3, STM32MP133CAF3, STM32MP133CAG3, STM32MP133DAE7, STM32MP133DAF7, STM32MP133DAG7, STM32MP133FAE7, STM32MP133FAF7, STM32MP133FAG7, STM32MP135AAE3, STM32MP135AAF3, STM32MP135AAG3, STM32MP135CAE3, STM32MP135CAF3, STM32MP135CAG3, STM32MP135DAE7, STM32MP135DAF7, STM32MP135DAG7, STM32MP135F-DK, STM32MP135FAE7, STM32MP135FAF7, STM32MP135FAF7T, STM32MP135FAF7U, STM32MP135FAG7, STM32MP251AAI3, STM32MP251AAK3, STM32MP251AAL3, STM32MP251CAI3, STM32MP251CAK3, STM32MP251CAL3, STM32MP251DAI3, STM32MP251DAK3, STM32MP251DAL3, STM32MP251FAI3, STM32MP251FAK3, STM32MP251FAL3, STM32MP253AAI3, STM32MP253AAK3, STM32MP253AAL3, STM32MP253CAI3, STM32MP253CAK3, STM32MP253CAL3, STM32MP253DAI3, STM32MP253DAK3, STM32MP253DAL3, STM32MP253FAI3, STM32MP253FAK3, STM32MP253FAL3, STM32MP255AAI3, STM32MP255AAK3, STM32MP255AAL3, STM32MP255CAI3, STM32MP255CAK3, STM32MP255CAL3, STM32MP255DAI3, STM32MP255DAK3, STM32MP255DAL3, STM32MP255FAI3, STM32MP255FAK3, STM32MP255FAL3, STM32MP257AAI3, STM32MP257AAK3, STM32MP257AAL3, STM32MP257CAI3, STM32MP257CAK3, STM32MP257CAL3, STM32MP257DAI3, STM32MP257DAK3, STM32MP257DAL3, STM32MP257F-DK, STM32MP257F-EV1, STM32MP257FAI3, STM32MP257FAK3, STM32MP257FAL3, STM32U031C6T6, STM32U031C6U6, STM32U031C8T6, STM32U031C8U6, STM32U031F4P6, STM32U031F6P6, STM32U031F8P6, STM32U031G6Y6TR, STM32U031G8Y6TR, STM32U031K4U6, STM32U031K6U6, STM32U031K8U6, STM32U031R6I6, STM32U031R6T6, STM32U031R8I6, STM32U031R8T6, STM32U073C8T6, STM32U073C8U6, STM32U073CBT6, STM32U073CBU6, STM32U073CCT6, STM32U073CCU6, STM32U073H8Y6TR, STM32U073HBY6TR, STM32U073HCY6TR, STM32U073K8U6, STM32U073KBU6, STM32U073KCU6, STM32U073M8I6, STM32U073M8T6, STM32U073MBI6, STM32U073MBT6, STM32U073MCI6, STM32U073MCT6, STM32U073R8I6, STM32U073R8T6, STM32U073RBI6, STM32U073RBT6, STM32U073RCI6, STM32U073RCT6, STM32U083C-DK, STM32U083CCT6, STM32U083CCU6, STM32U083HCY6TR, STM32U083KCU6, STM32U083MCI6, STM32U083MCT6, STM32U083RCI6, STM32U083RCT6, STM32U535CBT6, STM32U535CBT6Q, STM32U535CBU6, STM32U535CBU6Q, STM32U535CCT6, STM32U535CCT6Q, STM32U535CCU6, STM32U535CCU6Q, STM32U535CET6, STM32U535CET6Q, STM32U535CEU6, STM32U535CEU6Q, STM32U535JEY6QTR, STM32U535NCY6QTR, STM32U535NEY6QTR, STM32U535RBI6, STM32U535RBI6Q, STM32U535RBT6, STM32U535RBT6Q, STM32U535RCI6, STM32U535RCI6Q, STM32U535RCT6, STM32U535RCT6Q, STM32U535REI6, STM32U535REI6Q, STM32U535RET6, STM32U535RET6Q, STM32U535VCI6, STM32U535VCI6Q, STM32U535VCT6, STM32U535VCT6Q, STM32U535VEI6, STM32U535VEI6Q, STM32U535VET6, STM32U535VET6Q, STM32U545CET6, STM32U545CET6Q, STM32U545CEU6, STM32U545CEU6Q, STM32U545JEY6QTR, STM32U545NEY6QTR, STM32U545REI6, STM32U545REI6Q, STM32U545RET6, STM32U545RET6Q, STM32U545VEI6, STM32U545VEI6Q, STM32U545VET6, STM32U545VET6Q, STM32U595AIH6, STM32U595AIH6Q, STM32U595AJH6, STM32U595AJH6Q, STM32U595QII6, STM32U595QII6Q, STM32U595QJI6, STM32U595QJI6Q, STM32U595RIT6, STM32U595RIT6Q, STM32U595RJT6, STM32U595RJT6Q, STM32U595VIT6, STM32U595VIT6Q, STM32U595VJT6, STM32U595VJT6Q, STM32U595ZIT6, STM32U595ZIT6Q, STM32U595ZIY6QTR, STM32U595ZJT6, STM32U595ZJT6Q, STM32U595ZJY6QTR, STM32U599BJY6QTR, STM32U599NIH6Q, STM32U599NJH6Q, STM32U599VIT6Q, STM32U599VJT6, STM32U599VJT6Q, STM32U599ZIT6Q, STM32U599ZIY6QTR, STM32U599ZJT6Q, STM32U599ZJY6QTR, STM32U5A5AJH6, STM32U5A5AJH6Q, STM32U5A5QII3Q , STM32U5A5QJI6, STM32U5A5QJI6Q, STM32U5A5RJT6, STM32U5A5RJT6Q, STM32U5A5VJT6, STM32U5A5VJT6Q, STM32U5A5ZJT6, STM32U5A5ZJT6Q, STM32U5A5ZJY6QTR, STM32U5A9BJY6QTR, STM32U5A9J-DK, STM32U5A9NJH6Q, STM32U5A9VJT6Q, STM32U5A9ZJT6Q, STM32U5A9ZJY6QTR, STM32U5F7VIT6, STM32U5F7VIT6Q, STM32U5F7VJT6, STM32U5F7VJT6Q, STM32U5F9BJY6QTR, STM32U5F9NJH6Q, STM32U5F9VIT6Q, STM32U5F9VJT6Q, STM32U5F9ZIJ6QTR, STM32U5F9ZIT6Q, STM32U5F9ZJJ6QTR, STM32U5F9ZJT6Q, STM32U5G7VJT6, STM32U5G7VJT6Q, STM32U5G9BJY6QTR, STM32U5G9J-DK1, STM32U5G9J-DK2, STM32U5G9NJH6Q, STM32U5G9VJT6Q, STM32U5G9ZJJ6QTR, STM32U5G9ZJT6Q, STM32WB05KZV6TR, STM32WB05KZV7TR, STM32WB05TZF6TR, STM32WB05TZF7TR, STM32WB06CCF6TR, STM32WB06CCF7TR, STM32WB06CCV6TR, STM32WB06CCV7TR, STM32WB06KCV6TR, STM32WB06KCV7TR, STM32WB07CCF6TR, STM32WB07CCF7TR, STM32WB07CCV6TR, STM32WB07CCV7TR, STM32WB07KCV6TR, STM32WB07KCV7TR, STM32WB09KEV6TR, STM32WB09KEV7TR, STM32WB09TEF6TR, STM32WB09TEF7TR, STM32WB1MMCH6, STM32WBA50KGU6, STM32WBA50KGU6TR, STM32WBA52CEU6, STM32WBA52CEU6TR, STM32WBA52CEU7, STM32WBA52CEU7TR, STM32WBA52CGU6, STM32WBA52CGU6TR, STM32WBA52CGU6U, STM32WBA52CGU7, STM32WBA52CGU7TR, STM32WBA52KEU6, STM32WBA52KEU6TR, STM32WBA52KGU6, STM32WBA52KGU6TR, STM32WBA54CEU6, STM32WBA54CEU6TR, STM32WBA54CEU7, STM32WBA54CEU7TR, STM32WBA54CGU6, STM32WBA54CGU6TR, STM32WBA54CGU7, STM32WBA54CGU7TR, STM32WBA54KEU6, STM32WBA54KEU6TR, STM32WBA54KEU7, STM32WBA54KEU7TR, STM32WBA54KGU6, STM32WBA54KGU6TR, STM32WBA54KGU7, STM32WBA54KGU7TR, STM32WBA55CEU6, STM32WBA55CEU6TR, STM32WBA55CEU7, STM32WBA55CEU7TR, STM32WBA55CGU6, STM32WBA55CGU6TR, STM32WBA55CGU6U, STM32WBA55CGU7, STM32WBA55CGU7TR, STM32WBA55G-DK1, STM32WBA55HEF6, STM32WBA55HEF7, STM32WBA55HGF6, STM32WBA55HGF7, STM32WBA55UEI6, STM32WBA55UEI6TR, STM32WBA55UEI7, STM32WBA55UEI7TR, STM32WBA55UGI6, STM32WBA55UGI6TR, STM32WBA55UGI7, STM32WBA55UGI7TR, STM32WL5MOCH6, STM32WL5MOCH6TR]
2026-01-05 10:24:31,365 [INFO] BoardInfo:889 - No configuration file found for board B-WBA5M-WPAN
2026-01-05 10:24:31,365 [INFO] DbBoards:161 - Board is not supported: B-WBA5M-WPAN
2026-01-05 10:24:31,368 [INFO] BoardInfo:889 - No configuration file found for board NUCLEO-C051C8
2026-01-05 10:24:31,368 [INFO] DbBoards:161 - Board is not supported: NUCLEO-C051C8
2026-01-05 10:24:31,370 [INFO] BoardInfo:889 - No configuration file found for board NUCLEO-C092RC
2026-01-05 10:24:31,370 [INFO] DbBoards:161 - Board is not supported: NUCLEO-C092RC
2026-01-05 10:24:31,425 [INFO] BoardInfo:889 - No configuration file found for board NUCLEO-N657X0-Q
2026-01-05 10:24:31,426 [INFO] DbBoards:161 - Board is not supported: NUCLEO-N657X0-Q
2026-01-05 10:24:31,429 [INFO] BoardInfo:889 - No configuration file found for board NUCLEO-U385RG-Q
2026-01-05 10:24:31,429 [INFO] DbBoards:161 - Board is not supported: NUCLEO-U385RG-Q
2026-01-05 10:24:31,438 [INFO] BoardInfo:889 - No configuration file found for board NUCLEO-WBA65RI
2026-01-05 10:24:31,438 [INFO] DbBoards:161 - Board is not supported: NUCLEO-WBA65RI
2026-01-05 10:24:31,439 [INFO] BoardInfo:889 - No configuration file found for board NUCLEO-WL33CC1
2026-01-05 10:24:31,439 [INFO] DbBoards:161 - Board is not supported: NUCLEO-WL33CC1
2026-01-05 10:24:31,440 [INFO] BoardInfo:889 - No configuration file found for board NUCLEO-WL33CC2
2026-01-05 10:24:31,440 [INFO] DbBoards:161 - Board is not supported: NUCLEO-WL33CC2
2026-01-05 10:24:31,444 [INFO] BoardInfo:889 - No configuration file found for board P-NUCLEO-WB55
2026-01-05 10:24:31,444 [INFO] DbBoards:161 - Kit is not supported: P-NUCLEO-WB55
2026-01-05 10:24:31,448 [INFO] BoardInfo:889 - No configuration file found for board STEVAL-BFA001V1B
2026-01-05 10:24:31,448 [INFO] DbBoards:161 - Kit is not supported: STEVAL-BFA001V1B
2026-01-05 10:24:31,448 [INFO] BoardInfo:889 - No configuration file found for board STEVAL-BFA001V2B
2026-01-05 10:24:31,449 [INFO] DbBoards:161 - Kit is not supported: STEVAL-BFA001V2B
2026-01-05 10:24:31,539 [INFO] BoardInfo:889 - No configuration file found for board STM32N6570-DK
2026-01-05 10:24:31,539 [INFO] DbBoards:161 - Board is not supported: STM32N6570-DK
2026-01-05 10:24:31,547 [INFO] BoardInfo:889 - No configuration file found for board STM32WBA65I-DK1
2026-01-05 10:24:31,547 [INFO] DbBoards:161 - Board is not supported: STM32WBA65I-DK1
2026-01-05 10:24:31,547 [INFO] DbBoards:168 - Found 211 boards, 198 are supported
2026-01-05 10:24:31,548 [INFO] DbBoards:169 - Found 211 boards, 25 of them is supported for  Bsp
2026-01-05 10:24:31,559 [INFO] ApiDb:423 - Load user favorites file C:\Users\brady/.stm32cubeide/favorites.boards.txt: 0 item(s)
2026-01-05 10:24:31,559 [INFO] ApiDb:427 - User favorites Boards=[]
2026-01-05 10:24:31,560 [INFO] DbBoards:198 - Set 0 / 0 favorites Boards
2026-01-05 10:24:31,561 [INFO] ApiDb:668 - CubeFinder database Data Model version=2.1
2026-01-05 10:24:31,561 [INFO] ApiDb:669 - CubeFinder database Configuration version=3.0.39
2026-01-05 10:24:31,561 [INFO] ApiDb:670 - CubeFinder database generation date=2025-12-22 (1766407740)
2026-01-05 10:24:31,561 [INFO] ApiDb:671 - CubeFinder database FW Pack versions=[FP-ATR-ASTRA1_V2.0.0, FP-SNS-FLIGHT1_V5.1.0, FP-SNS-MOTENV1_V5.1.0, FP-SNS-MOTENVWB1_V1.4.0, FP-SNS-SMARTAG2_V1.2.0, FP-SNS-STBOX1_V2.1.0, STM32Cube_FW_C0_V1.4.0, STM32Cube_FW_F4_V1.28.3, STM32Cube_FW_F7_V1.17.4, STM32Cube_FW_G0_V1.6.2, STM32Cube_FW_G4_V1.6.1, STM32Cube_FW_H5_V1.5.1, STM32Cube_FW_H7RS_V1.3.0, STM32Cube_FW_H7_V1.12.1, STM32Cube_FW_L0_V1.12.2, STM32Cube_FW_L4_V1.18.1, STM32Cube_FW_L5_V1.6.0, STM32Cube_FW_N6_V1.3.0, STM32Cube_FW_U0_V1.3.0, STM32Cube_FW_U3_V1.2.1, STM32Cube_FW_U5_V1.8.0, STM32Cube_FW_WB0_V1.4.0, STM32Cube_FW_WBA_V1.8.0, STM32Cube_FW_WB_V1.24.0, STM32Cube_FW_WL3_V1.3.0, STM32Cube_FW_WL_V1.4.0, X-CUBE-ALGOBUILD_V1.4.0, X-CUBE-ALS_V1.0.2, X-CUBE-AZRTOS-F4_V1.1.0, X-CUBE-AZRTOS-F7_V1.1.0, X-CUBE-AZRTOS-G0_V1.1.0, X-CUBE-AZRTOS-G4_V2.0.0, X-CUBE-AZRTOS-H7RS_V1.1.0, X-CUBE-AZRTOS-H7_V3.4.0, X-CUBE-AZRTOS-L4_V2.0.0, X-CUBE-AZRTOS-L5_V2.0.0, X-CUBE-AZRTOS-WB_V2.0.0, X-CUBE-AZRTOS-WL_V2.0.0, X-CUBE-BLE1_V7.1.0, X-CUBE-BLE2_V3.3.0, X-CUBE-BLEMGR_V4.1.0, X-CUBE-EEPRMA1_V5.2.0, X-CUBE-FREERTOS_V1.3.1, X-CUBE-GNSS1_V6.0.0, X-CUBE-MEMS1_V12.0.0, X-CUBE-NFC4_V3.0.0, X-CUBE-NFC7_V2.0.0, X-CUBE-SFXS2LP1_V4.0.0, X-CUBE-ST67W61_V1.1.0, X-CUBE-SUBG2_V5.0.0, X-CUBE-TOF1_V3.4.3]
2026-01-05 10:24:31,935 [ERROR] DbExamplesSqlite:437 - Missing JSON key: board_cpn
2026-01-05 10:24:31,935 [ERROR] DbExamplesSqlite:437 - Missing JSON key: board_cpn
2026-01-05 10:24:31,935 [ERROR] DbExamplesSqlite:437 - Missing JSON key: board_cpn
2026-01-05 10:24:31,935 [ERROR] DbExamplesSqlite:437 - Missing JSON key: board_cpn
2026-01-05 10:24:32,110 [ERROR] DbExamplesSqlite:437 - Missing JSON key: board_cpn
2026-01-05 10:24:32,110 [ERROR] DbExamplesSqlite:437 - Missing JSON key: board_cpn
2026-01-05 10:24:32,117 [INFO] DbExamplesSqlite:395 - Ignored 42 examples not supported by CubeIDE
2026-01-05 10:24:32,118 [INFO] DbExamplesSqlite:396 - Found 10819 examples active
2026-01-05 10:24:32,118 [INFO] DbExamplesSqlite:397 - Found 0 examples obsolete
2026-01-05 10:24:32,118 [INFO] DbExamplesSqlite:398 - Found 0 examples under development
2026-01-05 10:24:32,118 [INFO] DbExamplesSqlite:399 - Found 85 examples not building
2026-01-05 10:24:32,119 [INFO] DbExamples:125 - Found 10862 examples
2026-01-05 10:24:32,145 [ERROR] DbExamples:208 - Found 73 examples with invalid data (board or MCU)
2026-01-05 10:24:32,145 [INFO] DbExamples:222 - Found 134 boards with related examples
2026-01-05 10:24:32,146 [INFO] DbExamples:235 - Found 111 MCUs with related examples
2026-01-05 10:24:32,157 [INFO] ApiDb:414 - User favorites file not found: C:\Users\brady/.stm32cubeide/favorites.examples.txt
2026-01-05 10:24:32,157 [INFO] DbExamples:250 - Set 0 / 0 favorites Examples
2026-01-05 10:24:32,392 [INFO] McuFinderGlobals:76 - Set McuFinderConnectedMode to true
2026-01-05 10:24:32,397 [INFO] MultiScanPanel:200 - Auto-refresh data requested => check proxy status ongoing
2026-01-05 10:24:32,403 [INFO] FinderPluginLoader:95 - Searching for filters in installed packs
2026-01-05 10:24:33,319 [INFO] LoadUrlFilesThread:185 - End of LoadServerUrlFiles without Thread
2026-01-05 10:24:33,334 [INFO] DetailPanel:341 - Set advertising image to C:/Users/brady/STM32Cube/Repository/\en.prom-st67w-expansion-board.png
2026-01-05 10:27:51,648 [INFO] MainUpdater:2873 - connection check result : 10
2026-01-05 10:27:51,649 [INFO] MainUpdater:2873 - connection check result : 10
2026-01-05 10:27:58,318 [INFO] RulesReader:64 - Compatibility file has been processed (297 Rules)
2026-01-05 10:27:58,323 [INFO] RulesReader:64 - Compatibility file has been processed (297 Rules)
2026-01-05 10:27:58,328 [INFO] MicroXplorer:468 - Change Database Path : 
2026-01-05 10:27:58,329 [INFO] MicroXplorer:498 - Change Database Version : DB.6.0.120
2026-01-05 10:27:58,340 [WARN] ThirdParty:871 - waiting for thirdparty lock release [close project]
2026-01-05 10:27:58,340 [INFO] ThirdParty:873 - entering critical section [close project]
2026-01-05 10:27:58,341 [INFO] ThirdParty:883 - exiting critical section [close project]
2026-01-05 10:27:58,343 [INFO] PinOutPanel:1561 - setPackage(No Configuration,No Configuration)
2026-01-05 10:27:58,346 [INFO] UtilMem:75 - Begin LoadConfig() Used Memory: 815932784 Bytes (1073741824)
2026-01-05 10:27:58,347 [INFO] MicroXplorer:468 - Change Database Path : 
2026-01-05 10:27:58,347 [INFO] MicroXplorer:498 - Change Database Version : DB.6.0.120
2026-01-05 10:27:58,347 [INFO] OpenFileManager:332 - Change cursor
2026-01-05 10:27:58,372 [INFO] Mcu:2032 - Initializing MCU STM32H743VGTx STM32H743VGTx STM32H743VGT6
2026-01-05 10:28:01,072 [INFO] Context:742 - Trying to add GPIOservice into a context  which must be forbidden
2026-01-05 10:28:02,260 [INFO] ImportTextPane:205 - (OptionalMessage_ERROR) Unable to find key (Mcu.ThirdPartyNb) in loaded IOC file
2026-01-05 10:28:02,260 [INFO] ImportTextPane:205 - (OptionalMessage_ERROR) Unable to find key (Mcu.PinsNb) in loaded IOC file
2026-01-05 10:28:02,260 [INFO] ImportTextPane:205 - (OptionalMessage_ERROR) Unable to find key (Mcu.IPNb) in loaded IOC file
2026-01-05 10:28:02,377 [INFO] RtosManager:555 - Registered RTOS mode: class=CMSIS, group=RTOS, mode=CMSIS_V1, owner=FREERTOS
2026-01-05 10:28:02,378 [INFO] RtosManager:555 - Registered RTOS mode: class=CMSIS, group=RTOS2, mode=CMSIS_V2, owner=FREERTOS
2026-01-05 10:28:02,378 [INFO] RtosManager:555 - Registered RTOS mode: class=RTOS, group=Core, mode=CMSIS_V1, owner=FREERTOS
2026-01-05 10:28:02,378 [INFO] RtosManager:555 - Registered RTOS mode: class=RTOS, group=Core, mode=CMSIS_V2, owner=FREERTOS
2026-01-05 10:28:02,378 [WARN] ModelIntegratedComponent:184 - Missing modes for component STMicroelectronics:FreeRTOS:0.0.1:STMicroelectronics:RTOS:FreeRTOS:Core:::10.2.0:
2026-01-05 10:28:02,382 [WARN] ModelIntegratedComponent:63 - No mode defined for component null
2026-01-05 10:28:02,382 [WARN] ModelIntegratedComponent:63 - No mode defined for component null
2026-01-05 10:28:02,382 [WARN] ModelIntegratedComponent:63 - No mode defined for component null
2026-01-05 10:28:02,382 [WARN] ModelIntegratedComponent:63 - No mode defined for component null
2026-01-05 10:28:02,382 [WARN] ModelIntegratedComponent:63 - No mode defined for component null
2026-01-05 10:28:02,382 [WARN] ModelIntegratedComponent:63 - No mode defined for component null
2026-01-05 10:28:02,382 [WARN] ModelIntegratedComponent:63 - No mode defined for component null
2026-01-05 10:28:02,382 [WARN] ModelIntegratedComponent:63 - No mode defined for component null
2026-01-05 10:28:02,383 [WARN] ModelIntegratedComponent:63 - No mode defined for component null
2026-01-05 10:28:02,383 [WARN] ModelIntegratedComponent:63 - No mode defined for component null
2026-01-05 10:28:02,383 [WARN] ModelIntegratedComponent:63 - No mode defined for component null
2026-01-05 10:28:02,383 [WARN] ModelIntegratedComponent:63 - No mode defined for component null
2026-01-05 10:28:02,383 [WARN] ModelIntegratedComponent:63 - No mode defined for component null
2026-01-05 10:28:02,383 [WARN] ModelIntegratedComponent:63 - No mode defined for component null
2026-01-05 10:28:02,383 [WARN] ModelIntegratedComponent:63 - No mode defined for component null
2026-01-05 10:28:02,383 [WARN] ModelIntegratedComponent:63 - No mode defined for component null
2026-01-05 10:28:02,383 [WARN] ModelIntegratedComponent:63 - No mode defined for component null
2026-01-05 10:28:02,383 [WARN] ModelIntegratedComponent:63 - No mode defined for component null
2026-01-05 10:28:02,383 [WARN] ModelIntegratedComponent:63 - No mode defined for component null
2026-01-05 10:28:02,383 [WARN] ModelIntegratedComponent:63 - No mode defined for component null
2026-01-05 10:28:02,383 [WARN] ModelIntegratedComponent:63 - No mode defined for component null
2026-01-05 10:28:02,383 [WARN] ModelIntegratedComponent:63 - No mode defined for component null
2026-01-05 10:28:02,383 [WARN] ModelIntegratedComponent:63 - No mode defined for component null
2026-01-05 10:28:02,383 [WARN] ModelIntegratedComponent:63 - No mode defined for component null
2026-01-05 10:28:02,383 [WARN] ModelIntegratedComponent:63 - No mode defined for component null
2026-01-05 10:28:02,383 [WARN] ModelIntegratedComponent:63 - No mode defined for component null
2026-01-05 10:28:02,383 [WARN] ModelIntegratedComponent:63 - No mode defined for component null
2026-01-05 10:28:02,383 [WARN] ModelIntegratedComponent:63 - No mode defined for component null
2026-01-05 10:28:02,383 [WARN] ModelIntegratedComponent:63 - No mode defined for component null
2026-01-05 10:28:02,383 [WARN] ModelIntegratedComponent:63 - No mode defined for component null
2026-01-05 10:28:02,383 [WARN] ModelIntegratedComponent:63 - No mode defined for component null
2026-01-05 10:28:02,383 [WARN] ModelIntegratedComponent:63 - No mode defined for component null
2026-01-05 10:28:02,383 [WARN] ModelIntegratedComponent:63 - No mode defined for component null
2026-01-05 10:28:02,383 [WARN] ModelIntegratedComponent:63 - No mode defined for component null
2026-01-05 10:28:02,383 [WARN] ModelIntegratedComponent:63 - No mode defined for component null
2026-01-05 10:28:02,383 [WARN] ModelPack:524 - Component already loaded: STMicroelectronics:HAL Drivers:0.0.0:STMicroelectronics:Device:STMicro_Driver:XSPI:HAL::0.0.1:HAL_XSPI
2026-01-05 10:28:02,537 [INFO] ThirdPartyModel:298 - Start build external matchings
2026-01-05 10:28:03,640 [INFO] ThirdPartyModel:316 - End build external matchings
2026-01-05 10:28:04,104 [INFO] UtilMem:75 - End LoadConfig() Used Memory: 706518608 Bytes (1073741824)
2026-01-05 10:28:04,133 [WARN] ThirdParty:833 - waiting for thirdparty lock release [change project]
2026-01-05 10:28:04,133 [INFO] ThirdParty:835 - entering critical section [change project]
2026-01-05 10:28:04,133 [INFO] ThirdParty:1030 - CMSIS Pack Vendor :STMicroelectronics X-CUBE-PM33A1 1.0.0
2026-01-05 10:28:04,133 [INFO] ThirdParty:1030 - CMSIS Pack Vendor :STMicroelectronics USBPD 4.1
2026-01-05 10:28:04,133 [INFO] ThirdParty:1030 - CMSIS Pack Vendor :STMicroelectronics X-CUBE-GNSS1 6.0.0
2026-01-05 10:28:04,133 [INFO] ThirdParty:1030 - CMSIS Pack Vendor :STMicroelectronics USB_HOST 2.0.0
2026-01-05 10:28:04,133 [INFO] ThirdParty:1030 - CMSIS Pack Vendor :STMicroelectronics FP-SNS-MOTENVWB1 1.4.0
2026-01-05 10:28:04,133 [INFO] ThirdParty:1030 - CMSIS Pack Vendor :STMicroelectronics X-CUBE-AZRTOS-F4 1.1.0
2026-01-05 10:28:04,133 [INFO] ThirdParty:1030 - CMSIS Pack Vendor :STMicroelectronics LIBJPEG 8.0.0
2026-01-05 10:28:04,133 [INFO] ThirdParty:1030 - CMSIS Pack Vendor :STMicroelectronics FP-ATR-ASTRA1 2.0.2
2026-01-05 10:28:04,133 [INFO] ThirdParty:1030 - CMSIS Pack Vendor :STMicroelectronics FP-ATR-ASTRA1 2.0.1
2026-01-05 10:28:04,133 [INFO] ThirdParty:1030 - CMSIS Pack Vendor :STMicroelectronics X-CUBE-SMBUS 2.1.0
2026-01-05 10:28:04,133 [INFO] ThirdParty:1030 - CMSIS Pack Vendor :STMicroelectronics X-CUBE-WB05N 1.1.0
2026-01-05 10:28:04,133 [INFO] ThirdParty:1030 - CMSIS Pack Vendor :STMicroelectronics X-CUBE-ISPU 2.1.0
2026-01-05 10:28:04,133 [INFO] ThirdParty:1030 - CMSIS Pack Vendor :STMicroelectronics X-CUBE-FREERTOS 1.2.0
2026-01-05 10:28:04,133 [INFO] ThirdParty:1030 - CMSIS Pack Vendor :STMicroelectronics X-CUBE-NFC12 1.0.0
2026-01-05 10:28:04,133 [INFO] ThirdParty:1030 - CMSIS Pack Vendor :STMicroelectronics X-CUBE-AZRTOS-F7 1.1.0
2026-01-05 10:28:04,133 [INFO] ThirdParty:1030 - CMSIS Pack Vendor :STMicroelectronics X-CUBE-AZRTOS-L5 2.0.0
2026-01-05 10:28:04,133 [INFO] ThirdParty:1030 - CMSIS Pack Vendor :STMicroelectronics USB_DEVICE 2.0.0
2026-01-05 10:28:04,133 [INFO] ThirdParty:1030 - CMSIS Pack Vendor :STMicroelectronics X-CUBE-NFC6 3.1.0
2026-01-05 10:28:04,133 [INFO] ThirdParty:1030 - CMSIS Pack Vendor :STMicroelectronics X-CUBE-MEMS1 11.0.0
2026-01-05 10:28:04,133 [INFO] ThirdParty:1030 - CMSIS Pack Vendor :STMicroelectronics FreeRTOS 0.0.1
2026-01-05 10:28:04,133 [INFO] ThirdParty:1030 - CMSIS Pack Vendor :STMicroelectronics X-CUBE-DPower 1.2.0
2026-01-05 10:28:04,133 [INFO] ThirdParty:1030 - CMSIS Pack Vendor :STMicroelectronics FP-SNS-FLIGHT1 5.0.2
2026-01-05 10:28:04,133 [INFO] ThirdParty:1030 - CMSIS Pack Vendor :STMicroelectronics X-CUBE-AI 9.0.0
2026-01-05 10:28:04,133 [INFO] ThirdParty:1030 - CMSIS Pack Vendor :STMicroelectronics PDM2PCM 3.3.0
2026-01-05 10:28:04,133 [INFO] ThirdParty:1030 - CMSIS Pack Vendor :STMicroelectronics X-CUBE-AZRTOS-H7 3.4.0
2026-01-05 10:28:04,133 [INFO] ThirdParty:1030 - CMSIS Pack Vendor :STMicroelectronics X-CUBE-DISPLAY 3.0.0
2026-01-05 10:28:04,134 [INFO] ThirdParty:1030 - CMSIS Pack Vendor :STMicroelectronics X-CUBE-BLE1 7.0.0
2026-01-05 10:28:04,134 [INFO] ThirdParty:1030 - CMSIS Pack Vendor :STMicroelectronics X-CUBE-NFC10 1.0.0
2026-01-05 10:28:04,134 [INFO] ThirdParty:1030 - CMSIS Pack Vendor :STMicroelectronics X-CUBE-BLEMGR 4.0.0
2026-01-05 10:28:04,134 [INFO] ThirdParty:1030 - CMSIS Pack Vendor :STMicroelectronics X-CUBE-FREERTOS 1.3.1
2026-01-05 10:28:04,134 [INFO] ThirdParty:1030 - CMSIS Pack Vendor :STMicroelectronics HAL Drivers 0.0.0
2026-01-05 10:28:04,134 [INFO] ThirdParty:1030 - CMSIS Pack Vendor :emotas I-CUBE-CANOPEN 1.3.0
2026-01-05 10:28:04,134 [INFO] ThirdParty:1030 - CMSIS Pack Vendor :STMicroelectronics X-CUBE-FREERTOS 1.3.0
2026-01-05 10:28:04,134 [INFO] ThirdParty:1030 - CMSIS Pack Vendor :STMicroelectronics X-CUBE-NFC7 1.0.1
2026-01-05 10:28:04,134 [INFO] ThirdParty:1030 - CMSIS Pack Vendor :STMicroelectronics MBEDTLS 2.14.1
2026-01-05 10:28:04,134 [INFO] ThirdParty:1030 - CMSIS Pack Vendor :STMicroelectronics X-CUBE-GNSS1 7.1.0
2026-01-05 10:28:04,134 [INFO] ThirdParty:1030 - CMSIS Pack Vendor :STMicroelectronics X-CUBE-TOUCHGFX 4.26.0
2026-01-05 10:28:04,134 [INFO] ThirdParty:1030 - CMSIS Pack Vendor :STMicroelectronics X-CUBE-BLEMGR 3.1.0
2026-01-05 10:28:04,134 [INFO] ThirdParty:1030 - CMSIS Pack Vendor :STMicroelectronics X-CUBE-AI 10.0.0
2026-01-05 10:28:04,134 [INFO] ThirdParty:1030 - CMSIS Pack Vendor :STMicroelectronics FP-SNS-SMARTAG2 1.2.0
2026-01-05 10:28:04,134 [INFO] ThirdParty:1030 - CMSIS Pack Vendor :STMicroelectronics X-CUBE-MEMS1 11.1.0
2026-01-05 10:28:04,134 [INFO] ThirdParty:1030 - CMSIS Pack Vendor :STMicroelectronics X-CUBE-AZRTOS-WL 2.0.0
2026-01-05 10:28:04,134 [INFO] ThirdParty:1030 - CMSIS Pack Vendor :STMicroelectronics X-CUBE-DPower 1.3.0
2026-01-05 10:28:04,134 [INFO] ThirdParty:1030 - CMSIS Pack Vendor :STMicroelectronics FP-SNS-MOTENV1 5.0.0
2026-01-05 10:28:04,134 [INFO] ThirdParty:1030 - CMSIS Pack Vendor :STMicroelectronics USB_DEVICE 1.0.0
2026-01-05 10:28:04,134 [INFO] ThirdParty:1030 - CMSIS Pack Vendor :STMicroelectronics X-CUBE-AZRTOS-H7RS 1.2.0
2026-01-05 10:28:04,134 [INFO] ThirdParty:1030 - CMSIS Pack Vendor :wolfSSL I-CUBE-wolfMQTT 1.19.0
2026-01-05 10:28:04,134 [INFO] ThirdParty:1030 - CMSIS Pack Vendor :STMicroelectronics X-CUBE-AZRTOS-L4 2.0.0
2026-01-05 10:28:04,134 [INFO] ThirdParty:1030 - CMSIS Pack Vendor :STMicroelectronics ThreadX 0.0.2
2026-01-05 10:28:04,134 [INFO] ThirdParty:1030 - CMSIS Pack Vendor :WES I-CUBE-Cesium 1.3.0
2026-01-05 10:28:04,134 [INFO] ThirdParty:1030 - CMSIS Pack Vendor :STMicroelectronics lwIP 2.1.2
2026-01-05 10:28:04,134 [INFO] ThirdParty:1030 - CMSIS Pack Vendor :STMicroelectronics X-CUBE-SFXS2LP1 4.0.0
2026-01-05 10:28:04,134 [INFO] ThirdParty:1030 - CMSIS Pack Vendor :STMicroelectronics X-CUBE-BLE2 3.3.0
2026-01-05 10:28:04,134 [INFO] ThirdParty:1030 - CMSIS Pack Vendor :STMicroelectronics PDM2PCM 3.2.0
2026-01-05 10:28:04,134 [INFO] ThirdParty:1030 - CMSIS Pack Vendor :STMicroelectronics X-CUBE-AZRTOS-H7 3.3.0
2026-01-05 10:28:04,134 [INFO] ThirdParty:1030 - CMSIS Pack Vendor :STMicroelectronics X-CUBE-NFC9 1.0.0
2026-01-05 10:28:04,134 [INFO] ThirdParty:1030 - CMSIS Pack Vendor :STMicroelectronics X-CUBE-BLE1 7.1.0
2026-01-05 10:28:04,134 [INFO] ThirdParty:1030 - CMSIS Pack Vendor :STMicroelectronics USB_DEVICE 3.0.0
2026-01-05 10:28:04,134 [INFO] ThirdParty:1030 - CMSIS Pack Vendor :STMicroelectronics X-CUBE-TCPP 4.1.0
2026-01-05 10:28:04,134 [INFO] ThirdParty:1030 - CMSIS Pack Vendor :STMicroelectronics X-CUBE-EEPRMA1 5.2.0
2026-01-05 10:28:04,134 [INFO] ThirdParty:1030 - CMSIS Pack Vendor :STMicroelectronics X-CUBE-IPS 3.0.0
2026-01-05 10:28:04,134 [INFO] ThirdParty:1030 - CMSIS Pack Vendor :STMicroelectronics X-CUBE-AZRTOS-WB 2.0.0
2026-01-05 10:28:04,134 [INFO] ThirdParty:1030 - CMSIS Pack Vendor :STMicroelectronics X-CUBE-GNSS1 7.0.0
2026-01-05 10:28:04,134 [INFO] ThirdParty:1030 - CMSIS Pack Vendor :STMicroelectronics X-CUBE-GNSS1 7.0.1
2026-01-05 10:28:04,134 [INFO] ThirdParty:1030 - CMSIS Pack Vendor :STMicroelectronics X-CUBE-TOUCHGFX 4.25.0
2026-01-05 10:28:04,134 [INFO] ThirdParty:1030 - CMSIS Pack Vendor :STMicroelectronics X-CUBE-AI 10.1.0
2026-01-05 10:28:04,134 [INFO] ThirdParty:1030 - CMSIS Pack Vendor :STMicroelectronics FP-SNS-STBOX1 2.0.0
2026-01-05 10:28:04,134 [INFO] ThirdParty:1030 - CMSIS Pack Vendor :STMicroelectronics X-CUBE-MEMS1 12.0.0
2026-01-05 10:28:04,134 [INFO] ThirdParty:1030 - CMSIS Pack Vendor :STMicroelectronics X-CUBE-MEMS1 11.2.0
2026-01-05 10:28:04,135 [INFO] ThirdParty:1030 - CMSIS Pack Vendor :STMicroelectronics X-CUBE-AZRTOS-G0 1.1.0
2026-01-05 10:28:04,135 [INFO] ThirdParty:1030 - CMSIS Pack Vendor :STMicroelectronics X-CUBE-SAFEA1 1.2.2
2026-01-05 10:28:04,135 [INFO] ThirdParty:1030 - CMSIS Pack Vendor :STMicroelectronics X-CUBE-NFC4 3.0.0
2026-01-05 10:28:04,135 [INFO] ThirdParty:1030 - CMSIS Pack Vendor :STMicroelectronics X-CUBE-SUBG2 5.0.0
2026-01-05 10:28:04,135 [INFO] ThirdParty:1030 - CMSIS Pack Vendor :STMicroelectronics X-CUBE-AZRTOS-H7RS 1.1.0
2026-01-05 10:28:04,135 [INFO] ThirdParty:1030 - CMSIS Pack Vendor :STMicroelectronics STM32_WPAN 1.0.0
2026-01-05 10:28:04,135 [INFO] ThirdParty:1030 - CMSIS Pack Vendor :EmbeddedOffice I-CUBE-FS-RTOS 1.0.1
2026-01-05 10:28:04,135 [INFO] ThirdParty:1030 - CMSIS Pack Vendor :STMicroelectronics lwIP 2.0.3
2026-01-05 10:28:04,135 [INFO] ThirdParty:1030 - CMSIS Pack Vendor :Cesanta I-CUBE-Mongoose 7.13.0
2026-01-05 10:28:04,135 [INFO] ThirdParty:1030 - CMSIS Pack Vendor :STMicroelectronics USB_HOST 1.0.0
2026-01-05 10:28:04,135 [INFO] ThirdParty:1030 - CMSIS Pack Vendor :STMicroelectronics X-CUBE-AZRTOS-G4 2.0.0
2026-01-05 10:28:04,135 [INFO] ThirdParty:1030 - CMSIS Pack Vendor :STMicroelectronics X-CUBE-WB05N 2.0.0
2026-01-05 10:28:04,135 [INFO] ThirdParty:1030 - CMSIS Pack Vendor :STMicroelectronics PDM2PCM 3.1.0
2026-01-05 10:28:04,135 [INFO] ThirdParty:1030 - CMSIS Pack Vendor :STMicroelectronics X-CUBE-NFC7 2.0.0
2026-01-05 10:28:04,135 [INFO] ThirdParty:1030 - CMSIS Pack Vendor :RealThread X-CUBE-RT-Thread_Nano 4.1.1
2026-01-05 10:28:04,135 [INFO] ThirdParty:1030 - CMSIS Pack Vendor :STMicroelectronics FP-ATR-SIGFOX1 3.2.0
2026-01-05 10:28:04,135 [INFO] ThirdParty:1030 - CMSIS Pack Vendor :wolfSSL I-CUBE-wolfSSL 5.7.2
2026-01-05 10:28:04,135 [INFO] ThirdParty:1030 - CMSIS Pack Vendor :quantropi X-CUBE-qispace-sdk-base 1.9.3
2026-01-05 10:28:04,135 [INFO] ThirdParty:1030 - CMSIS Pack Vendor :STMicroelectronics X-CUBE-ISPU 2.0.0
2026-01-05 10:28:04,135 [INFO] ThirdParty:1030 - CMSIS Pack Vendor :STMicroelectronics X-CUBE-EEPRMA1 5.1.0
2026-01-05 10:28:04,135 [INFO] ThirdParty:1030 - CMSIS Pack Vendor :STMicroelectronics MBEDTLS 2.16.2
2026-01-05 10:28:04,135 [INFO] ThirdParty:1030 - CMSIS Pack Vendor :STMicroelectronics X-CUBE-ALS 1.0.2
2026-01-05 10:28:04,135 [INFO] ThirdParty:1030 - CMSIS Pack Vendor :STMicroelectronics X-CUBE-TOUCHGFX 4.24.0
2026-01-05 10:28:04,135 [INFO] ThirdParty:1030 - CMSIS Pack Vendor :ITTIA_DB I-CUBE-ITTIADB 8.9.0
2026-01-05 10:28:04,135 [INFO] ThirdParty:1030 - CMSIS Pack Vendor :STMicroelectronics X-CUBE-TOUCHGFX 4.24.2
2026-01-05 10:28:04,135 [INFO] ThirdParty:1030 - CMSIS Pack Vendor :STMicroelectronics X-CUBE-TOUCHGFX 4.24.1
2026-01-05 10:28:04,135 [INFO] ThirdParty:1030 - CMSIS Pack Vendor :STMicroelectronics X-CUBE-STSE01 1.0.0
2026-01-05 10:28:04,135 [INFO] ThirdParty:1030 - CMSIS Pack Vendor :wolfSSL I-CUBE-wolfTPM 3.4.0
2026-01-05 10:28:04,135 [INFO] ThirdParty:1030 - CMSIS Pack Vendor :portGmbH I-Cube-SoM-uGOAL 1.1.0
2026-01-05 10:28:04,135 [INFO] ThirdParty:1030 - CMSIS Pack Vendor :STMicroelectronics X-CUBE-AI 10.2.0
2026-01-05 10:28:04,135 [INFO] ThirdParty:1030 - CMSIS Pack Vendor :STMicroelectronics ThreadX 1.0.0
2026-01-05 10:28:04,135 [INFO] ThirdParty:1030 - CMSIS Pack Vendor :SEGGER I-CUBE-embOS 1.3.1
2026-01-05 10:28:04,135 [INFO] ThirdParty:1030 - CMSIS Pack Vendor :STMicroelectronics X-CUBE-ALGOBUILD 1.4.0
2026-01-05 10:28:04,135 [INFO] ThirdParty:1030 - CMSIS Pack Vendor :STMicroelectronics X-CUBE-MEMS1 11.3.0
2026-01-05 10:28:04,135 [INFO] ThirdParty:1030 - CMSIS Pack Vendor :STMicroelectronics X-CUBE-AZRTOS-H7RS 1.0.0
2026-01-05 10:28:04,135 [INFO] ThirdParty:1030 - CMSIS Pack Vendor :STMicroelectronics FP-ATR-ASTRA1 2.0.0
2026-01-05 10:28:04,135 [INFO] ThirdParty:1030 - CMSIS Pack Vendor :STMicroelectronics X-CUBE-TOF1 3.4.2
2026-01-05 10:28:04,135 [INFO] ThirdParty:1030 - CMSIS Pack Vendor :STMicroelectronics X-CUBE-AI 9.1.0
2026-01-05 10:28:04,135 [INFO] ThirdParty:1030 - CMSIS Pack Vendor :Infineon AIROC-Wi-Fi-Bluetooth-STM32 1.6.1
2026-01-05 10:28:04,135 [INFO] ThirdParty:1030 - CMSIS Pack Vendor :wolfSSL I-CUBE-wolfSSH 1.4.17
2026-01-05 10:28:04,135 [INFO] ThirdParty:841 - exiting critical section [change project]
2026-01-05 10:28:04,429 [INFO] PinOutPanel:1561 - setPackage(No Configuration,No Configuration)
2026-01-05 10:28:04,430 [INFO] PinOutPanel:1561 - setPackage(STM32H743VGTx,LQFP100)
2026-01-05 10:28:05,028 [INFO] UtilMem:75 - Before build in PCC Used Memory: 872671928 Bytes (1073741824)
2026-01-05 10:28:05,745 [INFO] UtilMem:75 - After build in PCC Used Memory: 957606600 Bytes (1073741824)
2026-01-05 10:28:05,789 [INFO] IPUIPlugin:80 - create IPUIPlugin
2026-01-05 10:28:05,789 [INFO] IPUIPlugin:80 - create IPUIPlugin
2026-01-05 10:28:05,789 [INFO] IPUIPlugin:80 - create IPUIPlugin
2026-01-05 10:28:05,789 [INFO] IPUIPlugin:80 - create IPUIPlugin
2026-01-05 10:28:05,789 [INFO] IPUIPlugin:80 - create IPUIPlugin
2026-01-05 10:28:05,789 [INFO] IPUIPlugin:80 - create IPUIPlugin
2026-01-05 10:28:05,789 [INFO] IPUIPlugin:80 - create IPUIPlugin
2026-01-05 10:28:05,789 [INFO] IPUIPlugin:80 - create IPUIPlugin
2026-01-05 10:28:05,790 [INFO] IPUIPlugin:80 - create IPUIPlugin
2026-01-05 10:28:05,790 [INFO] IPUIPlugin:80 - create IPUIPlugin
2026-01-05 10:28:05,790 [INFO] IPUIPlugin:80 - create IPUIPlugin
2026-01-05 10:28:05,790 [INFO] IPUIPlugin:80 - create IPUIPlugin
2026-01-05 10:28:05,790 [INFO] IPUIPlugin:80 - create IPUIPlugin
2026-01-05 10:28:05,790 [INFO] IPUIPlugin:80 - create IPUIPlugin
2026-01-05 10:28:05,790 [INFO] IPUIPlugin:80 - create IPUIPlugin
2026-01-05 10:28:05,790 [INFO] IPUIPlugin:80 - create IPUIPlugin
2026-01-05 10:28:05,790 [INFO] IPUIPlugin:80 - create IPUIPlugin
2026-01-05 10:28:05,790 [INFO] IPUIPlugin:80 - create IPUIPlugin
2026-01-05 10:28:05,790 [INFO] IPUIPlugin:80 - create IPUIPlugin
2026-01-05 10:28:05,790 [INFO] IPUIPlugin:80 - create IPUIPlugin
2026-01-05 10:28:05,790 [INFO] IPUIPlugin:80 - create IPUIPlugin
2026-01-05 10:28:05,790 [INFO] IPUIPlugin:80 - create IPUIPlugin
2026-01-05 10:28:05,790 [INFO] IPUIPlugin:80 - create IPUIPlugin
2026-01-05 10:28:05,790 [INFO] IPUIPlugin:80 - create IPUIPlugin
2026-01-05 10:28:05,790 [INFO] IPUIPlugin:80 - create IPUIPlugin
2026-01-05 10:28:05,790 [INFO] IPUIPlugin:80 - create IPUIPlugin
2026-01-05 10:28:05,790 [INFO] IPUIPlugin:80 - create IPUIPlugin
2026-01-05 10:28:05,790 [INFO] IPUIPlugin:80 - create IPUIPlugin
2026-01-05 10:28:05,791 [INFO] IPUIPlugin:80 - create IPUIPlugin
2026-01-05 10:28:05,791 [INFO] IPUIPlugin:80 - create IPUIPlugin
2026-01-05 10:28:05,791 [INFO] IPUIPlugin:80 - create IPUIPlugin
2026-01-05 10:28:05,791 [INFO] IPUIPlugin:80 - create IPUIPlugin
2026-01-05 10:28:05,791 [INFO] IPUIPlugin:80 - create IPUIPlugin
2026-01-05 10:28:05,791 [INFO] IPUIPlugin:80 - create IPUIPlugin
2026-01-05 10:28:05,791 [INFO] IPUIPlugin:80 - create IPUIPlugin
2026-01-05 10:28:05,791 [INFO] IPUIPlugin:80 - create IPUIPlugin
2026-01-05 10:28:05,792 [INFO] IPUIPlugin:80 - create IPUIPlugin
2026-01-05 10:28:05,792 [INFO] IPUIPlugin:80 - create IPUIPlugin
2026-01-05 10:28:05,792 [INFO] IPUIPlugin:80 - create IPUIPlugin
2026-01-05 10:28:05,792 [INFO] IPUIPlugin:80 - create IPUIPlugin
2026-01-05 10:28:05,792 [INFO] IPUIPlugin:80 - create IPUIPlugin
2026-01-05 10:28:05,792 [INFO] IPUIPlugin:80 - create IPUIPlugin
2026-01-05 10:28:05,793 [INFO] IPUIPlugin:80 - create IPUIPlugin
2026-01-05 10:28:05,793 [INFO] IPUIPlugin:80 - create IPUIPlugin
2026-01-05 10:28:05,793 [INFO] IPUIPlugin:80 - create IPUIPlugin
2026-01-05 10:28:05,793 [INFO] IPUIPlugin:80 - create IPUIPlugin
2026-01-05 10:28:05,793 [INFO] IPUIPlugin:80 - create IPUIPlugin
2026-01-05 10:28:05,793 [INFO] IPUIPlugin:80 - create IPUIPlugin
2026-01-05 10:28:05,793 [INFO] IPUIPlugin:80 - create IPUIPlugin
2026-01-05 10:28:05,793 [INFO] IPUIPlugin:80 - create IPUIPlugin
2026-01-05 10:28:05,793 [INFO] IPUIPlugin:80 - create IPUIPlugin
2026-01-05 10:28:05,793 [INFO] IPUIPlugin:80 - create IPUIPlugin
2026-01-05 10:28:05,793 [INFO] IPUIPlugin:80 - create IPUIPlugin
2026-01-05 10:28:05,793 [INFO] IPUIPlugin:80 - create IPUIPlugin
2026-01-05 10:28:05,793 [INFO] IPUIPlugin:80 - create IPUIPlugin
2026-01-05 10:28:05,795 [INFO] IPUIPlugin:80 - create IPUIPlugin
2026-01-05 10:28:05,795 [INFO] IPUIPlugin:80 - create IPUIPlugin
2026-01-05 10:28:05,795 [INFO] IPUIPlugin:80 - create IPUIPlugin
2026-01-05 10:28:05,795 [INFO] IPUIPlugin:80 - create IPUIPlugin
2026-01-05 10:28:05,795 [INFO] IPUIPlugin:80 - create IPUIPlugin
2026-01-05 10:28:05,795 [INFO] IPUIPlugin:80 - create IPUIPlugin
2026-01-05 10:28:05,795 [INFO] IPUIPlugin:80 - create IPUIPlugin
2026-01-05 10:28:05,796 [INFO] IPUIPlugin:80 - create IPUIPlugin
2026-01-05 10:28:05,796 [INFO] IPUIPlugin:80 - create IPUIPlugin
2026-01-05 10:28:05,796 [INFO] IPUIPlugin:80 - create IPUIPlugin
2026-01-05 10:28:05,796 [INFO] IPUIPlugin:80 - create IPUIPlugin
2026-01-05 10:28:05,796 [INFO] IPUIPlugin:80 - create IPUIPlugin
2026-01-05 10:28:05,796 [INFO] IPUIPlugin:80 - create IPUIPlugin
2026-01-05 10:28:05,796 [INFO] IPUIPlugin:80 - create IPUIPlugin
2026-01-05 10:28:05,797 [INFO] IPUIPlugin:80 - create IPUIPlugin
2026-01-05 10:28:05,797 [INFO] IPUIPlugin:80 - create IPUIPlugin
2026-01-05 10:28:05,797 [INFO] IPUIPlugin:80 - create IPUIPlugin
2026-01-05 10:28:05,797 [INFO] IPUIPlugin:80 - create IPUIPlugin
2026-01-05 10:28:05,797 [INFO] IPUIPlugin:80 - create IPUIPlugin
2026-01-05 10:28:05,797 [INFO] IPUIPlugin:80 - create IPUIPlugin
2026-01-05 10:28:05,797 [INFO] IPUIPlugin:80 - create IPUIPlugin
2026-01-05 10:28:05,798 [INFO] IPUIPlugin:80 - create IPUIPlugin
2026-01-05 10:28:05,798 [INFO] IPUIPlugin:80 - create IPUIPlugin
2026-01-05 10:28:05,798 [INFO] IPUIPlugin:80 - create IPUIPlugin
2026-01-05 10:28:05,798 [INFO] IPUIPlugin:80 - create IPUIPlugin
2026-01-05 10:28:05,798 [INFO] IPUIPlugin:80 - create IPUIPlugin
2026-01-05 10:28:05,799 [INFO] IPUIPlugin:80 - create IPUIPlugin
2026-01-05 10:28:05,807 [INFO] IPUIPlugin:80 - create IPUIPlugin
2026-01-05 10:28:05,807 [INFO] IPUIPlugin:80 - create IPUIPlugin
2026-01-05 10:28:05,808 [INFO] IPUIPlugin:80 - create IPUIPlugin
2026-01-05 10:28:05,808 [INFO] IPUIPlugin:80 - create IPUIPlugin
2026-01-05 10:28:05,815 [INFO] IPUIPlugin:80 - create IPUIPlugin
2026-01-05 10:28:05,816 [INFO] IPUIPlugin:80 - create IPUIPlugin
2026-01-05 10:28:05,816 [INFO] IPUIPlugin:80 - create IPUIPlugin
2026-01-05 10:28:05,816 [INFO] IPUIPlugin:80 - create IPUIPlugin
2026-01-05 10:28:05,816 [INFO] IPUIPlugin:80 - create IPUIPlugin
2026-01-05 10:28:05,817 [INFO] IPUIPlugin:80 - create IPUIPlugin
2026-01-05 10:28:05,817 [INFO] IPUIPlugin:80 - create IPUIPlugin
2026-01-05 10:28:05,817 [INFO] IPUIPlugin:80 - create IPUIPlugin
2026-01-05 10:28:05,817 [INFO] IPUIPlugin:80 - create IPUIPlugin
2026-01-05 10:28:05,818 [INFO] IPUIPlugin:80 - create IPUIPlugin
2026-01-05 10:28:05,818 [INFO] IPUIPlugin:80 - create IPUIPlugin
2026-01-05 10:28:05,983 [INFO] ApiDbMcu:508 - Load IP Config File for PDM2PCM
2026-01-05 10:28:06,137 [INFO] CADModel:165 - CPN selected for project levelSTM32H743VGT6
2026-01-05 10:28:06,137 [INFO] CADModel:114 - Register for checkConnection events
2026-01-05 10:28:06,183 [INFO] OpenFileManager:363 - Restore cursor
2026-01-05 10:28:07,961 [INFO] UtilMem:75 - End SaveConfig() Used Memory: 915257952 Bytes (1073741824)
2026-01-05 10:28:08,004 [WARN] Context:815 - Trying to set MEMORYMAP twice on same context Cortex-M7NS
2026-01-05 10:28:14,224 [INFO] McuFinderGlobals:76 - Set McuFinderConnectedMode to true
2026-01-05 10:28:14,228 [INFO] ApiDb:448 - Save user favorites file C:\Users\brady/.stm32cubeide/favorites.mcus.txt: 1 item(s)
2026-01-05 10:28:14,228 [INFO] ApiDb:452 - User favorites MCUs=[STM32F412ZGT6]
2026-01-05 10:28:16,708 [INFO] McuFinderGlobals:63 - Set McuFinder mode to 2 (CubeIDE integrated)
2026-01-05 10:28:16,709 [INFO] UserAuth:179 - activating auth plugin
2026-01-05 10:28:16,710 [INFO] UserAuth:417 - Internet connection configuration mode: 1
2026-01-05 10:28:44,861 [INFO] WebApp:645 - userauth.ini deleted or not created
2026-01-05 10:29:09,323 [INFO] I2cTimingTraitement:330 - 0x10707DBC
2026-01-05 10:29:13,177 [INFO] UtilMem:75 - End SaveConfig() Used Memory: 913718048 Bytes (1073741824)
2026-01-05 10:29:14,597 [INFO] UtilMem:75 - End SaveConfig() Used Memory: 748212128 Bytes (1073741824)
2026-01-05 10:29:18,705 [INFO] ServerAccessManage:473 - Download File stm32cube_fw_h7_v1110.zip
2026-01-05 10:40:08,819 [ERROR] ServerAccessManage:540 - Timeout Exception during http download :Read timed out
2026-01-05 10:40:08,821 [ERROR] ServerAccessManage:651 - Problem, Http timeout : stm32cube_fw_h7_v1110.zip.
2026-01-05 10:40:19,425 [INFO] LoadServerPackagesThread:196 - End of LoadServerPackages Thread
2026-01-05 10:40:19,643 [INFO] ThirdPartyModel:298 - Start build external matchings
2026-01-05 10:40:21,141 [INFO] ThirdPartyModel:316 - End build external matchings
2026-01-05 10:40:21,161 [INFO] CheckServerUpdateThread:120 - End of CheckServer Thread
2026-01-05 10:59:06,838 [INFO] WebApp:189 - Connection lost
2026-01-05 10:59:08,402 [INFO] WebApp:186 - Connection restablished
2026-01-05 10:59:09,009 [INFO] WebApp:189 - Connection lost
2026-01-05 10:59:09,023 [INFO] WebApp:186 - Connection restablished
2026-01-05 10:59:12,153 [INFO] WebApp:189 - Connection lost
2026-01-05 10:59:12,279 [INFO] WebApp:186 - Connection restablished
2026-01-05 10:59:46,365 [INFO] WebApp:189 - Connection lost
2026-01-05 10:59:46,795 [INFO] WebApp:186 - Connection restablished
2026-01-05 10:59:46,965 [INFO] WebApp:189 - Connection lost
2026-01-05 10:59:47,067 [INFO] WebApp:186 - Connection restablished
2026-01-05 10:59:55,021 [INFO] WebApp:189 - Connection lost
2026-01-05 10:59:55,095 [INFO] WebApp:186 - Connection restablished
2026-01-05 11:00:02,313 [INFO] WebApp:189 - Connection lost
2026-01-05 11:00:02,412 [INFO] WebApp:186 - Connection restablished
2026-01-05 11:00:17,013 [INFO] WebApp:189 - Connection lost
2026-01-05 11:00:17,103 [INFO] WebApp:186 - Connection restablished
2026-01-05 11:00:32,423 [ERROR] LogOutputStream:75 - [STDERR_REDIRECT] Exception in thread "AWT-EventQueue-0" java.lang.ClassCastException: class sun.awt.windows.WEmbeddedFrame cannot be cast to class javax.swing.JFrame (sun.awt.windows.WEmbeddedFrame and javax.swing.JFrame are in module java.desktop of loader 'bootstrap')
2026-01-05 11:00:32,423 [ERROR] LogOutputStream:75 - [STDERR_REDIRECT] 	at com.st.microxplorer.plugins.clock.ClockConfigurationView.activatePlugin(ClockConfigurationView.java:425)
2026-01-05 11:00:32,424 [ERROR] LogOutputStream:75 - [STDERR_REDIRECT] 	at com.st.microxplorer.maingui.MainPanel$1.stateChanged(MainPanel.java:374)
2026-01-05 11:00:32,424 [ERROR] LogOutputStream:75 - [STDERR_REDIRECT] 	at java.desktop/javax.swing.JTabbedPane.fireStateChanged(JTabbedPane.java:444)
2026-01-05 11:00:32,425 [ERROR] LogOutputStream:75 - [STDERR_REDIRECT] 	at java.desktop/javax.swing.JTabbedPane$ModelListener.stateChanged(JTabbedPane.java:295)
2026-01-05 11:00:32,426 [ERROR] LogOutputStream:75 - [STDERR_REDIRECT] 	at java.desktop/javax.swing.DefaultSingleSelectionModel.fireStateChanged(DefaultSingleSelectionModel.java:148)
2026-01-05 11:00:32,426 [ERROR] LogOutputStream:75 - [STDERR_REDIRECT] 	at java.desktop/javax.swing.DefaultSingleSelectionModel.setSelectedIndex(DefaultSingleSelectionModel.java:79)
2026-01-05 11:00:32,427 [ERROR] LogOutputStream:75 - [STDERR_REDIRECT] 	at java.desktop/javax.swing.JTabbedPane.setSelectedIndexImpl(JTabbedPane.java:648)
2026-01-05 11:00:32,427 [ERROR] LogOutputStream:75 - [STDERR_REDIRECT] 	at java.desktop/javax.swing.JTabbedPane.setSelectedIndex(JTabbedPane.java:623)
2026-01-05 11:00:32,428 [ERROR] LogOutputStream:75 - [STDERR_REDIRECT] 	at java.desktop/javax.swing.plaf.basic.BasicTabbedPaneUI$Handler.mousePressed(BasicTabbedPaneUI.java:4101)
2026-01-05 11:00:32,428 [ERROR] LogOutputStream:75 - [STDERR_REDIRECT] 	at java.desktop/java.awt.Component.processMouseEvent(Component.java:6623)
2026-01-05 11:00:32,429 [ERROR] LogOutputStream:75 - [STDERR_REDIRECT] 	at java.desktop/javax.swing.JComponent.processMouseEvent(JComponent.java:3389)
2026-01-05 11:00:32,429 [ERROR] LogOutputStream:75 - [STDERR_REDIRECT] 	at java.desktop/java.awt.Component.processEvent(Component.java:6391)
2026-01-05 11:00:32,430 [ERROR] LogOutputStream:75 - [STDERR_REDIRECT] 	at java.desktop/java.awt.Container.processEvent(Container.java:2266)
2026-01-05 11:00:32,430 [ERROR] LogOutputStream:75 - [STDERR_REDIRECT] 	at java.desktop/java.awt.Component.dispatchEventImpl(Component.java:5001)
2026-01-05 11:00:32,430 [ERROR] LogOutputStream:75 - [STDERR_REDIRECT] 	at java.desktop/java.awt.Container.dispatchEventImpl(Container.java:2324)
2026-01-05 11:00:32,431 [ERROR] LogOutputStream:75 - [STDERR_REDIRECT] 	at java.desktop/java.awt.Component.dispatchEvent(Component.java:4833)
2026-01-05 11:00:32,431 [ERROR] LogOutputStream:75 - [STDERR_REDIRECT] 	at java.desktop/java.awt.LightweightDispatcher.retargetMouseEvent(Container.java:4948)
2026-01-05 11:00:32,432 [ERROR] LogOutputStream:75 - [STDERR_REDIRECT] 	at java.desktop/java.awt.LightweightDispatcher.processMouseEvent(Container.java:4572)
2026-01-05 11:00:32,432 [ERROR] LogOutputStream:75 - [STDERR_REDIRECT] 	at java.desktop/java.awt.LightweightDispatcher.dispatchEvent(Container.java:4516)
2026-01-05 11:00:32,433 [ERROR] LogOutputStream:75 - [STDERR_REDIRECT] 	at java.desktop/java.awt.Container.dispatchEventImpl(Container.java:2310)
2026-01-05 11:00:32,433 [ERROR] LogOutputStream:75 - [STDERR_REDIRECT] 	at java.desktop/java.awt.Component.dispatchEvent(Component.java:4833)
2026-01-05 11:00:32,434 [ERROR] LogOutputStream:75 - [STDERR_REDIRECT] 	at java.desktop/java.awt.EventQueue.dispatchEventImpl(EventQueue.java:775)
2026-01-05 11:00:32,434 [ERROR] LogOutputStream:75 - [STDERR_REDIRECT] 	at java.desktop/java.awt.EventQueue$4.run(EventQueue.java:720)
2026-01-05 11:00:32,435 [ERROR] LogOutputStream:75 - [STDERR_REDIRECT] 	at java.desktop/java.awt.EventQueue$4.run(EventQueue.java:714)
2026-01-05 11:00:32,436 [ERROR] LogOutputStream:75 - [STDERR_REDIRECT] 	at java.base/java.security.AccessController.doPrivileged(AccessController.java:399)
2026-01-05 11:00:32,437 [ERROR] LogOutputStream:75 - [STDERR_REDIRECT] 	at java.base/java.security.ProtectionDomain$JavaSecurityAccessImpl.doIntersectionPrivilege(ProtectionDomain.java:86)
2026-01-05 11:00:32,438 [ERROR] LogOutputStream:75 - [STDERR_REDIRECT] 	at java.base/java.security.ProtectionDomain$JavaSecurityAccessImpl.doIntersectionPrivilege(ProtectionDomain.java:97)
2026-01-05 11:00:32,438 [ERROR] LogOutputStream:75 - [STDERR_REDIRECT] 	at java.desktop/java.awt.EventQueue$5.run(EventQueue.java:747)
2026-01-05 11:00:32,439 [ERROR] LogOutputStream:75 - [STDERR_REDIRECT] 	at java.desktop/java.awt.EventQueue$5.run(EventQueue.java:745)
2026-01-05 11:00:32,440 [ERROR] LogOutputStream:75 - [STDERR_REDIRECT] 	at java.base/java.security.AccessController.doPrivileged(AccessController.java:399)
2026-01-05 11:00:32,441 [ERROR] LogOutputStream:75 - [STDERR_REDIRECT] 	at java.base/java.security.ProtectionDomain$JavaSecurityAccessImpl.doIntersectionPrivilege(ProtectionDomain.java:86)
2026-01-05 11:00:32,441 [ERROR] LogOutputStream:75 - [STDERR_REDIRECT] 	at java.desktop/java.awt.EventQueue.dispatchEvent(EventQueue.java:744)
2026-01-05 11:00:32,442 [ERROR] LogOutputStream:75 - [STDERR_REDIRECT] 	at java.desktop/java.awt.EventDispatchThread.pumpOneEventForFilters(EventDispatchThread.java:203)
2026-01-05 11:00:32,443 [ERROR] LogOutputStream:75 - [STDERR_REDIRECT] 	at java.desktop/java.awt.EventDispatchThread.pumpEventsForFilter(EventDispatchThread.java:124)
2026-01-05 11:00:32,444 [ERROR] LogOutputStream:75 - [STDERR_REDIRECT] 	at java.desktop/java.awt.EventDispatchThread.pumpEventsForHierarchy(EventDispatchThread.java:113)
2026-01-05 11:00:32,444 [ERROR] LogOutputStream:75 - [STDERR_REDIRECT] 	at java.desktop/java.awt.EventDispatchThread.pumpEvents(EventDispatchThread.java:109)
2026-01-05 11:00:32,445 [ERROR] LogOutputStream:75 - [STDERR_REDIRECT] 	at java.desktop/java.awt.EventDispatchThread.pumpEvents(EventDispatchThread.java:101)
2026-01-05 11:00:32,445 [ERROR] LogOutputStream:75 - [STDERR_REDIRECT] 	at java.desktop/java.awt.EventDispatchThread.run(EventDispatchThread.java:90)
2026-01-05 11:00:42,633 [INFO] I2cTimingTraitement:330 - 0x10707DBC
2026-01-05 11:00:46,304 [INFO] UtilMem:75 - End SaveConfig() Used Memory: 854680688 Bytes (1073741824)
2026-01-05 11:00:47,809 [INFO] UtilMem:75 - End SaveConfig() Used Memory: 892429424 Bytes (1073741824)
2026-01-05 11:00:47,957 [INFO] ServerAccessManage:473 - Download File stm32cube_fw_h7_v1110.zip
2026-01-05 11:03:41,815 [INFO] AnalyticsPlugin:368 - Accepted License(s): [FW.H7.1.11.0]
2026-01-05 11:03:41,816 [INFO] FileExtend:240 - Unzip File : stm32cube_fw_h7_v1110.zip
2026-01-05 11:03:41,816 [INFO] FileExtend:255 - Standard Zip Deflate
2026-01-05 11:04:46,201 [INFO] ServerAccessManage:473 - Download File stm32cube_fw_h7_v1112.zip
2026-01-05 11:10:35,180 [INFO] FileExtend:240 - Unzip File : stm32cube_fw_h7_v1112.zip
2026-01-05 11:10:35,180 [INFO] FileExtend:255 - Standard Zip Deflate
2026-01-05 11:11:20,546 [INFO] LoadServerPackagesThread:196 - End of LoadServerPackages Thread
2026-01-05 11:11:20,679 [INFO] ThirdPartyModel:298 - Start build external matchings
2026-01-05 11:11:20,694 [INFO] UtilMem:75 - End SaveConfig() Used Memory: 748799488 Bytes (1073741824)
2026-01-05 11:11:21,301 [INFO] BlockDiagram:2766 - set Specific Code input for plugin: RCC
2026-01-05 11:11:21,301 [INFO] BlockDiagram:2766 - set Specific Code input for plugin: MEMORYMAP
2026-01-05 11:11:21,302 [INFO] BlockDiagram:2766 - set Specific Code input for plugin: SYS
2026-01-05 11:11:21,302 [INFO] BlockDiagram:2766 - set Specific Code input for plugin: NVIC
2026-01-05 11:11:21,302 [INFO] BlockDiagram:2766 - set Specific Code input for plugin: CORTEX_M7
2026-01-05 11:11:21,303 [INFO] CodeGenerator:807 - code generatio: config db path: C:\ST\STM32CubeIDE_1.16.0\STM32CubeIDE\plugins\com.st.stm32cube.common.mx_6.12.0.202406281431\\db\
2026-01-05 11:11:21,490 [INFO] CodeEngine:255 - oldGeneratedFile, C:\Users\brady\repos\UCI-Rocket-Project-Solids\flight-code\MXTmpFiles\license.tmp_save
2026-01-05 11:11:22,145 [INFO] CodeEngine:279 - Generated code: C:\Users\brady\repos\UCI-Rocket-Project-Solids\flight-code\MXTmpFiles\license.tmp
2026-01-05 11:11:22,408 [WARN] IPConfigManager:98 - WARNING: Missing Config File for MEMORYMAP ip!!
2026-01-05 11:11:22,530 [INFO] CodeEngine:255 - oldGeneratedFile, C:\Users\brady\repos\UCI-Rocket-Project-Solids\flight-code\MXTmpFiles\cortex.tmp_save
2026-01-05 11:11:22,730 [INFO] CodeEngine:279 - Generated code: C:\Users\brady\repos\UCI-Rocket-Project-Solids\flight-code\MXTmpFiles\cortex.tmp
2026-01-05 11:11:22,760 [INFO] CodeEngine:255 - oldGeneratedFile, C:\Users\brady\repos\UCI-Rocket-Project-Solids\flight-code\Core\Src\stm32h7xx_it.c_save
2026-01-05 11:11:22,938 [INFO] CodeEngine:279 - Generated code: C:\Users\brady\repos\UCI-Rocket-Project-Solids\flight-code\Core\Src\stm32h7xx_it.c
2026-01-05 11:11:22,957 [INFO] CodeEngine:255 - oldGeneratedFile, C:\Users\brady\repos\UCI-Rocket-Project-Solids\flight-code\Core\Inc\stm32h7xx_it.h_save
2026-01-05 11:11:23,097 [INFO] CodeEngine:279 - Generated code: C:\Users\brady\repos\UCI-Rocket-Project-Solids\flight-code\Core\Inc\stm32h7xx_it.h
2026-01-05 11:11:23,216 [INFO] CodeEngine:255 - oldGeneratedFile, C:\Users\brady\repos\UCI-Rocket-Project-Solids\flight-code\Core\Src\stm32h7xx_hal_msp.c_save
2026-01-05 11:11:23,239 [INFO] ThirdPartyModel:316 - End build external matchings
2026-01-05 11:11:23,282 [INFO] CheckServerUpdateThread:120 - End of CheckServer Thread
2026-01-05 11:11:23,395 [INFO] CodeEngine:279 - Generated code: C:\Users\brady\repos\UCI-Rocket-Project-Solids\flight-code\Core\Src\stm32h7xx_hal_msp.c
2026-01-05 11:11:23,408 [INFO] CodeEngine:255 - oldGeneratedFile, C:\Users\brady\repos\UCI-Rocket-Project-Solids\flight-code\MXTmpFiles\system.tmp_save
2026-01-05 11:11:23,489 [INFO] CodeEngine:279 - Generated code: C:\Users\brady\repos\UCI-Rocket-Project-Solids\flight-code\MXTmpFiles\system.tmp
2026-01-05 11:11:23,512 [INFO] CodeEngine:311 - oldGeneratedFile, C:\Users\brady\repos\UCI-Rocket-Project-Solids\flight-code\Core\Inc\stm32h7xx_hal_conf.h_save
2026-01-05 11:11:23,619 [INFO] CodeEngine:335 - Generated code: C:\Users\brady\repos\UCI-Rocket-Project-Solids\flight-code\Core\Inc\stm32h7xx_hal_conf.h
2026-01-05 11:11:23,697 [INFO] CodeEngine:255 - oldGeneratedFile, C:\Users\brady\repos\UCI-Rocket-Project-Solids\flight-code\Core\Inc\main.h_save
2026-01-05 11:11:23,822 [INFO] CodeEngine:279 - Generated code: C:\Users\brady\repos\UCI-Rocket-Project-Solids\flight-code\Core\Inc\main.h
2026-01-05 11:11:23,839 [INFO] CodeEngine:255 - oldGeneratedFile, C:\Users\brady\repos\UCI-Rocket-Project-Solids\flight-code\Core\Src\main.c_save
2026-01-05 11:11:23,990 [INFO] CodeEngine:279 - Generated code: C:\Users\brady\repos\UCI-Rocket-Project-Solids\flight-code\Core\Src\main.c
2026-01-05 11:11:24,247 [INFO] ProjectBuilder:3249 - Time for Copy HAL[1] : 136mS.
2026-01-05 11:11:24,251 [INFO] ProjectBuilder:4828 - Project Generator version: 4.4.0-B60
2026-01-05 11:11:24,323 [INFO] ConfigFileManager:1531 - The Die is : DIE450
2026-01-05 11:11:24,370 [INFO] ApiDbMcu:508 - Load IP Config File for FATFS
2026-01-05 11:11:24,396 [INFO] ApiDbMcu:508 - Load IP Config File for FREERTOS
2026-01-05 11:11:24,412 [INFO] ApiDbMcu:508 - Load IP Config File for LIBJPEG
2026-01-05 11:11:24,446 [INFO] ApiDbMcu:508 - Load IP Config File for LWIP
2026-01-05 11:11:24,466 [INFO] ApiDbMcu:508 - Load IP Config File for MBEDTLS
2026-01-05 11:11:24,486 [INFO] ApiDbMcu:508 - Load IP Config File for USB_DEVICE
2026-01-05 11:11:24,500 [INFO] ApiDbMcu:508 - Load IP Config File for USB_HOST
2026-01-05 11:11:25,235 [INFO] LogOutputStream:77 - [STDOUT_REDIRECT] 
2026-01-05 11:11:29,643 [INFO] ProjectBuilder:5097 - Time for Generating toolchain IDE Files: 5390mS.
2026-01-05 11:11:29,644 [INFO] ProjectBuilder:3107 - Time for Copy CMSIS : 1mS.
2026-01-05 11:11:29,649 [INFO] ProjectBuilder:3107 - Time for Copy CMSIS : 1mS.
2026-01-05 11:24:22,607 [INFO] Gpio:277 - dependency for GPIO [SPI1, UART4]
2026-01-05 11:28:33,081 [INFO] Gpio:277 - dependency for GPIO [SPI1, UART4]
2026-01-05 11:29:17,934 [INFO] Gpio:277 - dependency for GPIO [SPI1, UART4]
2026-01-05 11:31:38,221 [WARN] MainPanel:284 - <html><b><center>Warning: This peripheral has no parameters to be configured<br></b></html>
2026-01-05 11:32:23,956 [WARN] MainPanel:284 - <html><b><center>Warning: This peripheral has no parameters to be configured<br></b></html>
2026-01-05 11:32:28,109 [WARN] MainPanel:284 - <html><b><center>Warning: This peripheral has no parameters to be configured<br></b></html>
2026-01-05 11:32:34,760 [WARN] MainPanel:284 - <html><b><center>Warning: This peripheral has no parameters to be configured<br></b></html>
2026-01-05 11:33:24,708 [WARN] MainPanel:284 - <html><b><center>Warning: This peripheral has no parameters to be configured<br></b></html>
2026-01-05 11:33:27,968 [WARN] MainPanel:284 - <html><b><center>Warning: This peripheral has no parameters to be configured<br></b></html>
2026-01-05 11:33:33,470 [WARN] MainPanel:284 - <html><b><center>Warning: This peripheral has no parameters to be configured<br></b></html>
2026-01-05 11:33:35,844 [WARN] MainPanel:284 - <html><b><center>Warning: This peripheral has no parameters to be configured<br></b></html>
2026-01-05 11:33:37,990 [WARN] MainPanel:284 - <html><b><center>Warning: This peripheral has no parameters to be configured<br></b></html>
2026-01-05 11:33:40,059 [WARN] MainPanel:284 - <html><b><center>Warning: This peripheral has no parameters to be configured<br></b></html>
2026-01-05 11:37:35,859 [INFO] UtilMem:75 - End SaveConfig() Used Memory: 835795168 Bytes (1073741824)
2026-01-05 11:37:37,376 [INFO] UtilMem:75 - End SaveConfig() Used Memory: 768198072 Bytes (1073741824)
2026-01-05 11:37:37,464 [INFO] UtilMem:75 - End SaveConfig() Used Memory: 803901336 Bytes (1073741824)
2026-01-05 11:37:37,524 [INFO] ProjectBuilder:2320 - IP not ready for code generation: Clock
2026-01-05 11:37:43,608 [INFO] BlockDiagram:2766 - set Specific Code input for plugin: SPI
2026-01-05 11:37:43,608 [INFO] BlockDiagram:2766 - set Specific Code input for plugin: RCC
2026-01-05 11:37:43,608 [INFO] BlockDiagram:2766 - set Specific Code input for plugin: MEMORYMAP
2026-01-05 11:37:43,608 [INFO] BlockDiagram:2766 - set Specific Code input for plugin: SYS
2026-01-05 11:37:43,608 [INFO] BlockDiagram:2766 - set Specific Code input for plugin: USB_OTG_FS
2026-01-05 11:37:43,608 [INFO] BlockDiagram:2766 - set Specific Code input for plugin: NVIC
2026-01-05 11:37:43,608 [INFO] BlockDiagram:2766 - set Specific Code input for plugin: CORTEX_M7
2026-01-05 11:37:43,608 [INFO] BlockDiagram:2766 - set Specific Code input for plugin: UART
2026-01-05 11:37:43,608 [INFO] BlockDiagram:2766 - set Specific Code input for plugin: DEBUG
2026-01-05 11:37:43,608 [INFO] BlockDiagram:2766 - set Specific Code input for plugin: GPIO
2026-01-05 11:37:43,609 [INFO] CodeGenerator:807 - code generatio: config db path: C:\ST\STM32CubeIDE_1.16.0\STM32CubeIDE\plugins\com.st.stm32cube.common.mx_6.12.0.202406281431\\db\
2026-01-05 11:37:43,666 [INFO] CodeEngine:255 - oldGeneratedFile, C:\Users\brady\repos\UCI-Rocket-Project-Solids\flight-code\MXTmpFiles\license.tmp_save
2026-01-05 11:37:43,739 [INFO] CodeEngine:279 - Generated code: C:\Users\brady\repos\UCI-Rocket-Project-Solids\flight-code\MXTmpFiles\license.tmp
2026-01-05 11:37:43,802 [INFO] CodeEngine:255 - oldGeneratedFile, C:\Users\brady\repos\UCI-Rocket-Project-Solids\flight-code\MXTmpFiles\gpio.tmp_save
2026-01-05 11:37:43,878 [INFO] CodeEngine:279 - Generated code: C:\Users\brady\repos\UCI-Rocket-Project-Solids\flight-code\MXTmpFiles\gpio.tmp
2026-01-05 11:37:43,899 [WARN] IPConfigManager:98 - WARNING: Missing Config File for DEBUG ip!!
2026-01-05 11:37:43,933 [WARN] IPConfigManager:98 - WARNING: Missing Config File for MEMORYMAP ip!!
2026-01-05 11:37:44,160 [INFO] CodeEngine:255 - oldGeneratedFile, C:\Users\brady\repos\UCI-Rocket-Project-Solids\flight-code\MXTmpFiles\cortex.tmp_save
2026-01-05 11:37:44,242 [INFO] CodeEngine:279 - Generated code: C:\Users\brady\repos\UCI-Rocket-Project-Solids\flight-code\MXTmpFiles\cortex.tmp
2026-01-05 11:37:44,271 [INFO] CodeEngine:255 - oldGeneratedFile, C:\Users\brady\repos\UCI-Rocket-Project-Solids\flight-code\Core\Src\stm32h7xx_it.c_save
2026-01-05 11:37:44,379 [INFO] CodeEngine:279 - Generated code: C:\Users\brady\repos\UCI-Rocket-Project-Solids\flight-code\Core\Src\stm32h7xx_it.c
2026-01-05 11:37:44,392 [INFO] CodeEngine:255 - oldGeneratedFile, C:\Users\brady\repos\UCI-Rocket-Project-Solids\flight-code\Core\Inc\stm32h7xx_it.h_save
2026-01-05 11:37:44,435 [INFO] CodeEngine:279 - Generated code: C:\Users\brady\repos\UCI-Rocket-Project-Solids\flight-code\Core\Inc\stm32h7xx_it.h
2026-01-05 11:37:44,491 [INFO] CodeEngine:255 - oldGeneratedFile, C:\Users\brady\repos\UCI-Rocket-Project-Solids\flight-code\Core\Src\stm32h7xx_hal_msp.c_save
2026-01-05 11:37:44,591 [INFO] CodeEngine:279 - Generated code: C:\Users\brady\repos\UCI-Rocket-Project-Solids\flight-code\Core\Src\stm32h7xx_hal_msp.c
2026-01-05 11:37:44,604 [INFO] CodeEngine:255 - oldGeneratedFile, C:\Users\brady\repos\UCI-Rocket-Project-Solids\flight-code\MXTmpFiles\system.tmp_save
2026-01-05 11:37:44,653 [INFO] CodeEngine:279 - Generated code: C:\Users\brady\repos\UCI-Rocket-Project-Solids\flight-code\MXTmpFiles\system.tmp
2026-01-05 11:37:44,674 [INFO] CodeEngine:311 - oldGeneratedFile, C:\Users\brady\repos\UCI-Rocket-Project-Solids\flight-code\Core\Inc\stm32h7xx_hal_conf.h_save
2026-01-05 11:37:44,753 [INFO] CodeEngine:335 - Generated code: C:\Users\brady\repos\UCI-Rocket-Project-Solids\flight-code\Core\Inc\stm32h7xx_hal_conf.h
2026-01-05 11:37:44,784 [WARN] IPConfigManager:3554 - IP not found : USB_OTG
2026-01-05 11:37:44,785 [WARN] CodeGenerator:4002 - IP not found : null
2026-01-05 11:37:44,799 [INFO] CodeEngine:255 - oldGeneratedFile, C:\Users\brady\repos\UCI-Rocket-Project-Solids\flight-code\Core\Inc\main.h_save
2026-01-05 11:37:44,871 [INFO] CodeEngine:279 - Generated code: C:\Users\brady\repos\UCI-Rocket-Project-Solids\flight-code\Core\Inc\main.h
2026-01-05 11:37:44,885 [INFO] CodeEngine:255 - oldGeneratedFile, C:\Users\brady\repos\UCI-Rocket-Project-Solids\flight-code\Core\Src\main.c_save
2026-01-05 11:37:44,976 [INFO] CodeEngine:279 - Generated code: C:\Users\brady\repos\UCI-Rocket-Project-Solids\flight-code\Core\Src\main.c
2026-01-05 11:37:45,263 [INFO] ProjectBuilder:3249 - Time for Copy HAL[1] : 184mS.
2026-01-05 11:37:45,266 [INFO] ProjectBuilder:4828 - Project Generator version: 4.4.0-B60
2026-01-05 11:37:45,308 [INFO] ConfigFileManager:1531 - The Die is : DIE450
2026-01-05 11:37:46,375 [INFO] ProjectBuilder:5097 - Time for Generating toolchain IDE Files: 1109mS.
2026-01-05 11:37:46,377 [INFO] ProjectBuilder:3107 - Time for Copy CMSIS : 1mS.
2026-01-05 11:37:46,379 [INFO] ProjectBuilder:3107 - Time for Copy CMSIS : 0mS.
2026-01-05 11:51:15,987 [INFO] WebApp:189 - Connection lost
2026-01-05 12:59:21,440 [INFO] WebApp:186 - Connection restablished
2026-01-05 12:59:23,673 [INFO] WebApp:189 - Connection lost
2026-01-05 12:59:23,768 [INFO] WebApp:186 - Connection restablished
2026-01-05 13:07:22,336 [INFO] WebApp:189 - Connection lost
2026-01-05 13:22:12,253 [INFO] WebApp:186 - Connection restablished
2026-01-05 13:22:21,392 [INFO] WebApp:189 - Connection lost
2026-01-05 13:22:21,482 [INFO] WebApp:186 - Connection restablished
2026-01-05 13:30:27,046 [INFO] NvicIntPanel:101 - NVIC parent = com.st.microxplorer.plugins.ip.nvic.MultiNvicIntPanel[,0,0,450x265,layout=javax.swing.BoxLayout,alignmentX=0.0,alignmentY=0.0,border=,flags=9,maximumSize=,minimumSize=,preferredSize=]
2026-01-05 13:30:47,184 [INFO] NvicIntPanel:101 - NVIC parent = com.st.microxplorer.plugins.ip.nvic.MultiNvicIntPanel[,0,0,450x265,layout=javax.swing.BoxLayout,alignmentX=0.0,alignmentY=0.0,border=,flags=9,maximumSize=,minimumSize=,preferredSize=]
2026-01-05 13:32:22,134 [INFO] Gpio:277 - dependency for GPIO [DEBUG, SPI1, UART4, USB_OTG_FS]
2026-01-05 13:33:07,206 [INFO] NvicIntPanel:101 - NVIC parent = com.st.microxplorer.plugins.ip.nvic.MultiNvicIntPanel[,0,0,450x265,layout=javax.swing.BoxLayout,alignmentX=0.0,alignmentY=0.0,border=,flags=9,maximumSize=,minimumSize=,preferredSize=]
2026-01-05 13:34:05,537 [INFO] UtilMem:75 - End SaveConfig() Used Memory: 776926296 Bytes (1073741824)
2026-01-05 13:34:06,571 [INFO] UtilMem:75 - End SaveConfig() Used Memory: 775507640 Bytes (1073741824)
2026-01-05 13:34:06,705 [INFO] UtilMem:75 - End SaveConfig() Used Memory: 894692384 Bytes (1073741824)
2026-01-05 13:34:06,797 [INFO] ProjectBuilder:2320 - IP not ready for code generation: Clock
2026-01-05 13:34:09,337 [INFO] BlockDiagram:2766 - set Specific Code input for plugin: SPI
2026-01-05 13:34:09,337 [INFO] BlockDiagram:2766 - set Specific Code input for plugin: RCC
2026-01-05 13:34:09,337 [INFO] BlockDiagram:2766 - set Specific Code input for plugin: USART
2026-01-05 13:34:09,337 [INFO] BlockDiagram:2766 - set Specific Code input for plugin: MEMORYMAP
2026-01-05 13:34:09,337 [INFO] BlockDiagram:2766 - set Specific Code input for plugin: SYS
2026-01-05 13:34:09,337 [INFO] BlockDiagram:2766 - set Specific Code input for plugin: USB_OTG_FS
2026-01-05 13:34:09,337 [INFO] BlockDiagram:2766 - set Specific Code input for plugin: NVIC
2026-01-05 13:34:09,337 [INFO] BlockDiagram:2766 - set Specific Code input for plugin: CORTEX_M7
2026-01-05 13:34:09,337 [INFO] BlockDiagram:2766 - set Specific Code input for plugin: UART
2026-01-05 13:34:09,337 [INFO] BlockDiagram:2766 - set Specific Code input for plugin: DEBUG
2026-01-05 13:34:09,337 [INFO] BlockDiagram:2766 - set Specific Code input for plugin: GPIO
2026-01-05 13:34:09,338 [INFO] CodeGenerator:807 - code generatio: config db path: C:\ST\STM32CubeIDE_1.16.0\STM32CubeIDE\plugins\com.st.stm32cube.common.mx_6.12.0.202406281431\\db\
2026-01-05 13:34:09,395 [INFO] CodeEngine:255 - oldGeneratedFile, C:\Users\brady\repos\UCI-Rocket-Project-Solids\flight-code\MXTmpFiles\license.tmp_save
2026-01-05 13:34:09,445 [INFO] CodeEngine:279 - Generated code: C:\Users\brady\repos\UCI-Rocket-Project-Solids\flight-code\MXTmpFiles\license.tmp
2026-01-05 13:34:09,470 [INFO] CodeEngine:255 - oldGeneratedFile, C:\Users\brady\repos\UCI-Rocket-Project-Solids\flight-code\MXTmpFiles\gpio.tmp_save
2026-01-05 13:34:09,538 [INFO] CodeEngine:279 - Generated code: C:\Users\brady\repos\UCI-Rocket-Project-Solids\flight-code\MXTmpFiles\gpio.tmp
2026-01-05 13:34:09,564 [WARN] IPConfigManager:98 - WARNING: Missing Config File for DEBUG ip!!
2026-01-05 13:34:09,586 [WARN] IPConfigManager:98 - WARNING: Missing Config File for MEMORYMAP ip!!
2026-01-05 13:34:09,740 [INFO] CodeEngine:255 - oldGeneratedFile, C:\Users\brady\repos\UCI-Rocket-Project-Solids\flight-code\MXTmpFiles\cortex.tmp_save
2026-01-05 13:34:09,793 [INFO] CodeEngine:279 - Generated code: C:\Users\brady\repos\UCI-Rocket-Project-Solids\flight-code\MXTmpFiles\cortex.tmp
2026-01-05 13:34:09,813 [INFO] CodeEngine:255 - oldGeneratedFile, C:\Users\brady\repos\UCI-Rocket-Project-Solids\flight-code\Core\Src\stm32h7xx_it.c_save
2026-01-05 13:34:09,898 [INFO] CodeEngine:279 - Generated code: C:\Users\brady\repos\UCI-Rocket-Project-Solids\flight-code\Core\Src\stm32h7xx_it.c
2026-01-05 13:34:09,903 [INFO] CodeEngine:255 - oldGeneratedFile, C:\Users\brady\repos\UCI-Rocket-Project-Solids\flight-code\Core\Inc\stm32h7xx_it.h_save
2026-01-05 13:34:09,948 [INFO] CodeEngine:279 - Generated code: C:\Users\brady\repos\UCI-Rocket-Project-Solids\flight-code\Core\Inc\stm32h7xx_it.h
2026-01-05 13:34:10,033 [INFO] CodeEngine:255 - oldGeneratedFile, C:\Users\brady\repos\UCI-Rocket-Project-Solids\flight-code\Core\Src\stm32h7xx_hal_msp.c_save
2026-01-05 13:34:10,138 [INFO] CodeEngine:279 - Generated code: C:\Users\brady\repos\UCI-Rocket-Project-Solids\flight-code\Core\Src\stm32h7xx_hal_msp.c
2026-01-05 13:34:10,148 [INFO] CodeEngine:255 - oldGeneratedFile, C:\Users\brady\repos\UCI-Rocket-Project-Solids\flight-code\MXTmpFiles\system.tmp_save
2026-01-05 13:34:10,186 [INFO] CodeEngine:279 - Generated code: C:\Users\brady\repos\UCI-Rocket-Project-Solids\flight-code\MXTmpFiles\system.tmp
2026-01-05 13:34:10,199 [INFO] CodeEngine:311 - oldGeneratedFile, C:\Users\brady\repos\UCI-Rocket-Project-Solids\flight-code\Core\Inc\stm32h7xx_hal_conf.h_save
2026-01-05 13:34:10,259 [INFO] CodeEngine:335 - Generated code: C:\Users\brady\repos\UCI-Rocket-Project-Solids\flight-code\Core\Inc\stm32h7xx_hal_conf.h
2026-01-05 13:34:10,280 [WARN] IPConfigManager:3554 - IP not found : USB_OTG
2026-01-05 13:34:10,281 [WARN] CodeGenerator:4002 - IP not found : null
2026-01-05 13:34:10,293 [INFO] CodeEngine:255 - oldGeneratedFile, C:\Users\brady\repos\UCI-Rocket-Project-Solids\flight-code\Core\Inc\main.h_save
2026-01-05 13:34:10,361 [INFO] CodeEngine:279 - Generated code: C:\Users\brady\repos\UCI-Rocket-Project-Solids\flight-code\Core\Inc\main.h
2026-01-05 13:34:10,374 [INFO] CodeEngine:255 - oldGeneratedFile, C:\Users\brady\repos\UCI-Rocket-Project-Solids\flight-code\Core\Src\main.c_save
2026-01-05 13:34:10,457 [INFO] CodeEngine:279 - Generated code: C:\Users\brady\repos\UCI-Rocket-Project-Solids\flight-code\Core\Src\main.c
2026-01-05 13:34:10,651 [INFO] ProjectBuilder:3249 - Time for Copy HAL[1] : 113mS.
2026-01-05 13:34:10,653 [INFO] ProjectBuilder:4828 - Project Generator version: 4.4.0-B60
2026-01-05 13:34:10,695 [INFO] ConfigFileManager:1531 - The Die is : DIE450
2026-01-05 13:34:11,278 [INFO] ProjectBuilder:5097 - Time for Generating toolchain IDE Files: 625mS.
2026-01-05 13:34:11,279 [INFO] ProjectBuilder:3107 - Time for Copy CMSIS : 0mS.
2026-01-05 13:34:11,281 [INFO] ProjectBuilder:3107 - Time for Copy CMSIS : 0mS.
2026-01-05 13:34:36,546 [INFO] Gpio:277 - dependency for GPIO [DEBUG, SPI1, UART4, USART3, USB_OTG_FS]
2026-01-05 13:35:59,832 [INFO] Gpio:277 - dependency for GPIO [DEBUG, SPI1, UART4, USART3, USB_OTG_FS]
2026-01-05 13:36:14,616 [INFO] UtilMem:75 - End SaveConfig() Used Memory: 810193936 Bytes (1073741824)
2026-01-05 13:36:16,106 [INFO] UtilMem:75 - End SaveConfig() Used Memory: 783210552 Bytes (1073741824)
2026-01-05 13:36:16,205 [INFO] UtilMem:75 - End SaveConfig() Used Memory: 820959288 Bytes (1073741824)
2026-01-05 13:36:16,268 [INFO] ProjectBuilder:2320 - IP not ready for code generation: Clock
2026-01-05 13:36:18,484 [INFO] BlockDiagram:2766 - set Specific Code input for plugin: SPI
2026-01-05 13:36:18,484 [INFO] BlockDiagram:2766 - set Specific Code input for plugin: RCC
2026-01-05 13:36:18,484 [INFO] BlockDiagram:2766 - set Specific Code input for plugin: USART
2026-01-05 13:36:18,484 [INFO] BlockDiagram:2766 - set Specific Code input for plugin: MEMORYMAP
2026-01-05 13:36:18,484 [INFO] BlockDiagram:2766 - set Specific Code input for plugin: SYS
2026-01-05 13:36:18,484 [INFO] BlockDiagram:2766 - set Specific Code input for plugin: USB_OTG_FS
2026-01-05 13:36:18,484 [INFO] BlockDiagram:2766 - set Specific Code input for plugin: NVIC
2026-01-05 13:36:18,484 [INFO] BlockDiagram:2766 - set Specific Code input for plugin: CORTEX_M7
2026-01-05 13:36:18,484 [INFO] BlockDiagram:2766 - set Specific Code input for plugin: UART
2026-01-05 13:36:18,484 [INFO] BlockDiagram:2766 - set Specific Code input for plugin: UART
2026-01-05 13:36:18,484 [INFO] BlockDiagram:2766 - set Specific Code input for plugin: DEBUG
2026-01-05 13:36:18,485 [INFO] BlockDiagram:2766 - set Specific Code input for plugin: GPIO
2026-01-05 13:36:18,485 [INFO] CodeGenerator:807 - code generatio: config db path: C:\ST\STM32CubeIDE_1.16.0\STM32CubeIDE\plugins\com.st.stm32cube.common.mx_6.12.0.202406281431\\db\
2026-01-05 13:36:18,541 [INFO] CodeEngine:255 - oldGeneratedFile, C:\Users\brady\repos\UCI-Rocket-Project-Solids\flight-code\MXTmpFiles\license.tmp_save
2026-01-05 13:36:18,586 [INFO] CodeEngine:279 - Generated code: C:\Users\brady\repos\UCI-Rocket-Project-Solids\flight-code\MXTmpFiles\license.tmp
2026-01-05 13:36:18,624 [INFO] CodeEngine:255 - oldGeneratedFile, C:\Users\brady\repos\UCI-Rocket-Project-Solids\flight-code\MXTmpFiles\gpio.tmp_save
2026-01-05 13:36:18,687 [INFO] CodeEngine:279 - Generated code: C:\Users\brady\repos\UCI-Rocket-Project-Solids\flight-code\MXTmpFiles\gpio.tmp
2026-01-05 13:36:18,717 [WARN] IPConfigManager:98 - WARNING: Missing Config File for DEBUG ip!!
2026-01-05 13:36:18,749 [WARN] IPConfigManager:98 - WARNING: Missing Config File for MEMORYMAP ip!!
2026-01-05 13:36:18,976 [INFO] CodeEngine:255 - oldGeneratedFile, C:\Users\brady\repos\UCI-Rocket-Project-Solids\flight-code\MXTmpFiles\cortex.tmp_save
2026-01-05 13:36:19,026 [INFO] CodeEngine:279 - Generated code: C:\Users\brady\repos\UCI-Rocket-Project-Solids\flight-code\MXTmpFiles\cortex.tmp
2026-01-05 13:36:19,044 [INFO] CodeEngine:255 - oldGeneratedFile, C:\Users\brady\repos\UCI-Rocket-Project-Solids\flight-code\Core\Src\stm32h7xx_it.c_save
2026-01-05 13:36:19,088 [INFO] CodeEngine:279 - Generated code: C:\Users\brady\repos\UCI-Rocket-Project-Solids\flight-code\Core\Src\stm32h7xx_it.c
2026-01-05 13:36:19,092 [INFO] CodeEngine:255 - oldGeneratedFile, C:\Users\brady\repos\UCI-Rocket-Project-Solids\flight-code\Core\Inc\stm32h7xx_it.h_save
2026-01-05 13:36:19,129 [INFO] CodeEngine:279 - Generated code: C:\Users\brady\repos\UCI-Rocket-Project-Solids\flight-code\Core\Inc\stm32h7xx_it.h
2026-01-05 13:36:19,200 [INFO] CodeEngine:255 - oldGeneratedFile, C:\Users\brady\repos\UCI-Rocket-Project-Solids\flight-code\Core\Src\stm32h7xx_hal_msp.c_save
2026-01-05 13:36:19,284 [INFO] CodeEngine:279 - Generated code: C:\Users\brady\repos\UCI-Rocket-Project-Solids\flight-code\Core\Src\stm32h7xx_hal_msp.c
2026-01-05 13:36:19,294 [INFO] CodeEngine:255 - oldGeneratedFile, C:\Users\brady\repos\UCI-Rocket-Project-Solids\flight-code\MXTmpFiles\system.tmp_save
2026-01-05 13:36:19,334 [INFO] CodeEngine:279 - Generated code: C:\Users\brady\repos\UCI-Rocket-Project-Solids\flight-code\MXTmpFiles\system.tmp
2026-01-05 13:36:19,347 [INFO] CodeEngine:311 - oldGeneratedFile, C:\Users\brady\repos\UCI-Rocket-Project-Solids\flight-code\Core\Inc\stm32h7xx_hal_conf.h_save
2026-01-05 13:36:19,409 [INFO] CodeEngine:335 - Generated code: C:\Users\brady\repos\UCI-Rocket-Project-Solids\flight-code\Core\Inc\stm32h7xx_hal_conf.h
2026-01-05 13:36:19,428 [WARN] IPConfigManager:3554 - IP not found : USB_OTG
2026-01-05 13:36:19,428 [WARN] CodeGenerator:4002 - IP not found : null
2026-01-05 13:36:19,441 [INFO] CodeEngine:255 - oldGeneratedFile, C:\Users\brady\repos\UCI-Rocket-Project-Solids\flight-code\Core\Inc\main.h_save
2026-01-05 13:36:19,501 [INFO] CodeEngine:279 - Generated code: C:\Users\brady\repos\UCI-Rocket-Project-Solids\flight-code\Core\Inc\main.h
2026-01-05 13:36:19,514 [INFO] CodeEngine:255 - oldGeneratedFile, C:\Users\brady\repos\UCI-Rocket-Project-Solids\flight-code\Core\Src\main.c_save
2026-01-05 13:36:19,594 [INFO] CodeEngine:279 - Generated code: C:\Users\brady\repos\UCI-Rocket-Project-Solids\flight-code\Core\Src\main.c
2026-01-05 13:36:19,831 [INFO] ProjectBuilder:3249 - Time for Copy HAL[1] : 150mS.
2026-01-05 13:36:19,847 [INFO] ProjectBuilder:4828 - Project Generator version: 4.4.0-B60
2026-01-05 13:36:19,884 [INFO] ConfigFileManager:1531 - The Die is : DIE450
2026-01-05 13:36:20,397 [INFO] ProjectBuilder:5097 - Time for Generating toolchain IDE Files: 550mS.
2026-01-05 13:36:20,397 [INFO] ProjectBuilder:3107 - Time for Copy CMSIS : 0mS.
2026-01-05 13:36:20,399 [INFO] ProjectBuilder:3107 - Time for Copy CMSIS : 0mS.
2026-01-05 13:40:30,717 [INFO] UtilMem:75 - End SaveConfig() Used Memory: 794594456 Bytes (1073741824)
2026-01-05 13:40:31,805 [INFO] UtilMem:75 - End SaveConfig() Used Memory: 786516656 Bytes (1073741824)
2026-01-05 13:40:31,908 [INFO] UtilMem:75 - End SaveConfig() Used Memory: 821119664 Bytes (1073741824)
2026-01-05 13:40:31,966 [INFO] ProjectBuilder:2320 - IP not ready for code generation: Clock
2026-01-05 13:40:33,358 [INFO] BlockDiagram:2766 - set Specific Code input for plugin: SPI
2026-01-05 13:40:33,358 [INFO] BlockDiagram:2766 - set Specific Code input for plugin: RCC
2026-01-05 13:40:33,358 [INFO] BlockDiagram:2766 - set Specific Code input for plugin: USART
2026-01-05 13:40:33,358 [INFO] BlockDiagram:2766 - set Specific Code input for plugin: MEMORYMAP
2026-01-05 13:40:33,358 [INFO] BlockDiagram:2766 - set Specific Code input for plugin: SYS
2026-01-05 13:40:33,358 [INFO] BlockDiagram:2766 - set Specific Code input for plugin: USB_OTG_FS
2026-01-05 13:40:33,358 [INFO] BlockDiagram:2766 - set Specific Code input for plugin: NVIC
2026-01-05 13:40:33,358 [INFO] BlockDiagram:2766 - set Specific Code input for plugin: CORTEX_M7
2026-01-05 13:40:33,358 [INFO] BlockDiagram:2766 - set Specific Code input for plugin: UART
2026-01-05 13:40:33,358 [INFO] BlockDiagram:2766 - set Specific Code input for plugin: UART
2026-01-05 13:40:33,358 [INFO] BlockDiagram:2766 - set Specific Code input for plugin: DEBUG
2026-01-05 13:40:33,358 [INFO] BlockDiagram:2766 - set Specific Code input for plugin: GPIO
2026-01-05 13:40:33,359 [INFO] CodeGenerator:807 - code generatio: config db path: C:\ST\STM32CubeIDE_1.16.0\STM32CubeIDE\plugins\com.st.stm32cube.common.mx_6.12.0.202406281431\\db\
2026-01-05 13:40:33,414 [INFO] CodeEngine:255 - oldGeneratedFile, C:\Users\brady\repos\UCI-Rocket-Project-Solids\flight-code\MXTmpFiles\license.tmp_save
2026-01-05 13:40:33,464 [INFO] CodeEngine:279 - Generated code: C:\Users\brady\repos\UCI-Rocket-Project-Solids\flight-code\MXTmpFiles\license.tmp
2026-01-05 13:40:33,498 [INFO] CodeEngine:255 - oldGeneratedFile, C:\Users\brady\repos\UCI-Rocket-Project-Solids\flight-code\MXTmpFiles\gpio.tmp_save
2026-01-05 13:40:33,558 [INFO] CodeEngine:279 - Generated code: C:\Users\brady\repos\UCI-Rocket-Project-Solids\flight-code\MXTmpFiles\gpio.tmp
2026-01-05 13:40:33,585 [WARN] IPConfigManager:98 - WARNING: Missing Config File for DEBUG ip!!
2026-01-05 13:40:33,613 [WARN] IPConfigManager:98 - WARNING: Missing Config File for MEMORYMAP ip!!
2026-01-05 13:40:33,837 [INFO] CodeEngine:255 - oldGeneratedFile, C:\Users\brady\repos\UCI-Rocket-Project-Solids\flight-code\MXTmpFiles\cortex.tmp_save
2026-01-05 13:40:33,905 [INFO] CodeEngine:279 - Generated code: C:\Users\brady\repos\UCI-Rocket-Project-Solids\flight-code\MXTmpFiles\cortex.tmp
2026-01-05 13:40:33,929 [INFO] CodeEngine:255 - oldGeneratedFile, C:\Users\brady\repos\UCI-Rocket-Project-Solids\flight-code\Core\Src\stm32h7xx_it.c_save
2026-01-05 13:40:34,003 [INFO] CodeEngine:279 - Generated code: C:\Users\brady\repos\UCI-Rocket-Project-Solids\flight-code\Core\Src\stm32h7xx_it.c
2026-01-05 13:40:34,008 [INFO] CodeEngine:255 - oldGeneratedFile, C:\Users\brady\repos\UCI-Rocket-Project-Solids\flight-code\Core\Inc\stm32h7xx_it.h_save
2026-01-05 13:40:34,049 [INFO] CodeEngine:279 - Generated code: C:\Users\brady\repos\UCI-Rocket-Project-Solids\flight-code\Core\Inc\stm32h7xx_it.h
2026-01-05 13:40:34,123 [INFO] CodeEngine:255 - oldGeneratedFile, C:\Users\brady\repos\UCI-Rocket-Project-Solids\flight-code\Core\Src\stm32h7xx_hal_msp.c_save
2026-01-05 13:40:34,199 [INFO] CodeEngine:279 - Generated code: C:\Users\brady\repos\UCI-Rocket-Project-Solids\flight-code\Core\Src\stm32h7xx_hal_msp.c
2026-01-05 13:40:34,202 [INFO] CodeEngine:255 - oldGeneratedFile, C:\Users\brady\repos\UCI-Rocket-Project-Solids\flight-code\MXTmpFiles\system.tmp_save
2026-01-05 13:40:34,248 [INFO] CodeEngine:279 - Generated code: C:\Users\brady\repos\UCI-Rocket-Project-Solids\flight-code\MXTmpFiles\system.tmp
2026-01-05 13:40:34,261 [INFO] CodeEngine:311 - oldGeneratedFile, C:\Users\brady\repos\UCI-Rocket-Project-Solids\flight-code\Core\Inc\stm32h7xx_hal_conf.h_save
2026-01-05 13:40:34,326 [INFO] CodeEngine:335 - Generated code: C:\Users\brady\repos\UCI-Rocket-Project-Solids\flight-code\Core\Inc\stm32h7xx_hal_conf.h
2026-01-05 13:40:34,349 [WARN] IPConfigManager:3554 - IP not found : USB_OTG
2026-01-05 13:40:34,350 [WARN] CodeGenerator:4002 - IP not found : null
2026-01-05 13:40:34,364 [INFO] CodeEngine:255 - oldGeneratedFile, C:\Users\brady\repos\UCI-Rocket-Project-Solids\flight-code\Core\Inc\main.h_save
2026-01-05 13:40:34,404 [INFO] CodeEngine:279 - Generated code: C:\Users\brady\repos\UCI-Rocket-Project-Solids\flight-code\Core\Inc\main.h
2026-01-05 13:40:34,418 [INFO] CodeEngine:255 - oldGeneratedFile, C:\Users\brady\repos\UCI-Rocket-Project-Solids\flight-code\Core\Src\main.c_save
2026-01-05 13:40:34,506 [INFO] CodeEngine:279 - Generated code: C:\Users\brady\repos\UCI-Rocket-Project-Solids\flight-code\Core\Src\main.c
2026-01-05 13:40:34,704 [INFO] ProjectBuilder:3249 - Time for Copy HAL[1] : 119mS.
2026-01-05 13:40:34,706 [INFO] ProjectBuilder:4828 - Project Generator version: 4.4.0-B60
2026-01-05 13:40:34,743 [INFO] ConfigFileManager:1531 - The Die is : DIE450
2026-01-05 13:40:35,121 [INFO] ProjectBuilder:5097 - Time for Generating toolchain IDE Files: 415mS.
2026-01-05 13:40:35,121 [INFO] ProjectBuilder:3107 - Time for Copy CMSIS : 0mS.
2026-01-05 13:40:35,123 [INFO] ProjectBuilder:3107 - Time for Copy CMSIS : 0mS.
2026-01-05 14:13:04,496 [INFO] WebApp:189 - Connection lost
2026-01-05 14:13:04,626 [INFO] WebApp:186 - Connection restablished
2026-01-05 14:13:23,283 [INFO] WebApp:189 - Connection lost
2026-01-05 14:13:23,676 [INFO] WebApp:186 - Connection restablished
2026-01-05 14:13:33,523 [INFO] WebApp:189 - Connection lost
2026-01-05 14:13:33,603 [INFO] WebApp:186 - Connection restablished
2026-01-05 14:27:19,541 [INFO] WebApp:189 - Connection lost
2026-01-05 14:27:19,651 [INFO] WebApp:186 - Connection restablished
2026-01-05 14:30:07,037 [INFO] WebApp:189 - Connection lost
2026-01-05 14:30:07,173 [INFO] WebApp:186 - Connection restablished
2026-01-05 14:30:25,034 [INFO] WebApp:189 - Connection lost
2026-01-05 14:30:25,115 [INFO] WebApp:186 - Connection restablished
2026-01-05 14:32:59,022 [INFO] WebApp:189 - Connection lost
2026-01-05 14:32:59,134 [INFO] WebApp:186 - Connection restablished
2026-01-05 15:34:00,513 [INFO] WebApp:189 - Connection lost
2026-01-05 15:34:00,631 [INFO] WebApp:186 - Connection restablished
2026-01-05 15:34:24,038 [INFO] WebApp:189 - Connection lost
2026-01-05 15:34:24,127 [INFO] WebApp:186 - Connection restablished
2026-01-05 15:39:50,035 [INFO] WebApp:189 - Connection lost
2026-01-05 15:39:50,169 [INFO] WebApp:186 - Connection restablished
2026-01-05 15:43:24,522 [INFO] WebApp:189 - Connection lost
2026-01-05 15:43:24,641 [INFO] WebApp:186 - Connection restablished
2026-01-05 16:15:38,626 [INFO] UtilMem:75 - End SaveConfig() Used Memory: 857789096 Bytes (1073741824)
2026-01-05 16:15:39,785 [INFO] UtilMem:75 - End SaveConfig() Used Memory: 821892280 Bytes (1073741824)
2026-01-05 16:15:45,997 [INFO] UtilMem:75 - End SaveConfig() Used Memory: 860213688 Bytes (1073741824)
2026-01-05 16:15:46,088 [INFO] ProjectBuilder:2320 - IP not ready for code generation: Clock
2026-01-05 16:15:52,260 [INFO] BlockDiagram:2766 - set Specific Code input for plugin: SPI
2026-01-05 16:15:52,260 [INFO] BlockDiagram:2766 - set Specific Code input for plugin: RCC
2026-01-05 16:15:52,260 [INFO] BlockDiagram:2766 - set Specific Code input for plugin: USART
2026-01-05 16:15:52,261 [INFO] BlockDiagram:2766 - set Specific Code input for plugin: FATFS
2026-01-05 16:15:52,261 [INFO] BlockDiagram:2766 - set Specific Code input for plugin: MEMORYMAP
2026-01-05 16:15:52,261 [INFO] BlockDiagram:2766 - set Specific Code input for plugin: SYS
2026-01-05 16:15:52,261 [INFO] BlockDiagram:2766 - set Specific Code input for plugin: USB_OTG_FS
2026-01-05 16:15:52,261 [INFO] BlockDiagram:2766 - set Specific Code input for plugin: NVIC
2026-01-05 16:15:52,261 [INFO] BlockDiagram:2766 - set Specific Code input for plugin: CORTEX_M7
2026-01-05 16:15:52,261 [INFO] BlockDiagram:2766 - set Specific Code input for plugin: UART
2026-01-05 16:15:52,261 [INFO] BlockDiagram:2766 - set Specific Code input for plugin: UART
2026-01-05 16:15:52,261 [INFO] BlockDiagram:2766 - set Specific Code input for plugin: DEBUG
2026-01-05 16:15:52,261 [INFO] BlockDiagram:2766 - set Specific Code input for plugin: GPIO
2026-01-05 16:15:52,262 [INFO] CodeGenerator:807 - code generatio: config db path: C:\ST\STM32CubeIDE_1.16.0\STM32CubeIDE\plugins\com.st.stm32cube.common.mx_6.12.0.202406281431\\db\
2026-01-05 16:15:52,331 [INFO] CodeEngine:255 - oldGeneratedFile, C:\Users\brady\repos\UCI-Rocket-Project-Solids\flight-code\MXTmpFiles\license.tmp_save
2026-01-05 16:15:52,382 [INFO] CodeEngine:279 - Generated code: C:\Users\brady\repos\UCI-Rocket-Project-Solids\flight-code\MXTmpFiles\license.tmp
2026-01-05 16:15:52,423 [INFO] CodeEngine:255 - oldGeneratedFile, C:\Users\brady\repos\UCI-Rocket-Project-Solids\flight-code\MXTmpFiles\gpio.tmp_save
2026-01-05 16:15:52,485 [INFO] CodeEngine:279 - Generated code: C:\Users\brady\repos\UCI-Rocket-Project-Solids\flight-code\MXTmpFiles\gpio.tmp
2026-01-05 16:15:52,512 [WARN] IPConfigManager:98 - WARNING: Missing Config File for DEBUG ip!!
2026-01-05 16:15:52,584 [WARN] IPConfigManager:98 - WARNING: Missing Config File for MEMORYMAP ip!!
2026-01-05 16:15:52,870 [INFO] Middleware:1439 - No code input for Bsp Dependency
2026-01-05 16:15:52,892 [INFO] CodeEngine:255 - oldGeneratedFile, C:\Users\brady\repos\UCI-Rocket-Project-Solids\flight-code\MXTmpFiles\fatfs_HalInit.tmp_save
2026-01-05 16:15:52,939 [INFO] CodeEngine:279 - Generated code: C:\Users\brady\repos\UCI-Rocket-Project-Solids\flight-code\MXTmpFiles\fatfs_HalInit.tmp
2026-01-05 16:15:52,948 [INFO] CodeEngine:255 - oldGeneratedFile, C:\Users\brady\repos\UCI-Rocket-Project-Solids\flight-code\MXTmpFiles\fatfs_vars.tmp_save
2026-01-05 16:15:52,990 [INFO] CodeEngine:279 - Generated code: C:\Users\brady\repos\UCI-Rocket-Project-Solids\flight-code\MXTmpFiles\fatfs_vars.tmp
2026-01-05 16:15:52,999 [INFO] CodeEngine:255 - oldGeneratedFile, C:\Users\brady\repos\UCI-Rocket-Project-Solids\flight-code\MXTmpFiles\fatfs_ext_vars.tmp_save
2026-01-05 16:15:53,042 [INFO] CodeEngine:279 - Generated code: C:\Users\brady\repos\UCI-Rocket-Project-Solids\flight-code\MXTmpFiles\fatfs_ext_vars.tmp
2026-01-05 16:15:53,050 [INFO] CodeEngine:255 - oldGeneratedFile, C:\Users\brady\repos\UCI-Rocket-Project-Solids\flight-code\MXTmpFiles\fatfs_inc.tmp_save
2026-01-05 16:15:53,093 [INFO] CodeEngine:279 - Generated code: C:\Users\brady\repos\UCI-Rocket-Project-Solids\flight-code\MXTmpFiles\fatfs_inc.tmp
2026-01-05 16:15:53,099 [INFO] CodeEngine:255 - oldGeneratedFile, C:\Users\brady\repos\UCI-Rocket-Project-Solids\flight-code\MXTmpFiles\cortex.tmp_save
2026-01-05 16:15:53,153 [INFO] CodeEngine:279 - Generated code: C:\Users\brady\repos\UCI-Rocket-Project-Solids\flight-code\MXTmpFiles\cortex.tmp
2026-01-05 16:15:53,159 [INFO] Middleware:1439 - No code input for Bsp Dependency
2026-01-05 16:15:53,165 [INFO] CodeEngine:255 - oldGeneratedFile, C:\Users\brady\repos\UCI-Rocket-Project-Solids\flight-code\MXTmpFiles\fatfs_HalInit.tmp_save
2026-01-05 16:15:53,210 [INFO] CodeEngine:279 - Generated code: C:\Users\brady\repos\UCI-Rocket-Project-Solids\flight-code\MXTmpFiles\fatfs_HalInit.tmp
2026-01-05 16:15:53,215 [INFO] CodeEngine:255 - oldGeneratedFile, C:\Users\brady\repos\UCI-Rocket-Project-Solids\flight-code\MXTmpFiles\fatfs_vars.tmp_save
2026-01-05 16:15:53,246 [INFO] CodeEngine:279 - Generated code: C:\Users\brady\repos\UCI-Rocket-Project-Solids\flight-code\MXTmpFiles\fatfs_vars.tmp
2026-01-05 16:15:53,250 [INFO] CodeEngine:255 - oldGeneratedFile, C:\Users\brady\repos\UCI-Rocket-Project-Solids\flight-code\MXTmpFiles\fatfs_ext_vars.tmp_save
2026-01-05 16:15:53,282 [INFO] CodeEngine:279 - Generated code: C:\Users\brady\repos\UCI-Rocket-Project-Solids\flight-code\MXTmpFiles\fatfs_ext_vars.tmp
2026-01-05 16:15:53,286 [INFO] CodeEngine:255 - oldGeneratedFile, C:\Users\brady\repos\UCI-Rocket-Project-Solids\flight-code\MXTmpFiles\fatfs_inc.tmp_save
2026-01-05 16:15:53,319 [INFO] CodeEngine:279 - Generated code: C:\Users\brady\repos\UCI-Rocket-Project-Solids\flight-code\MXTmpFiles\fatfs_inc.tmp
2026-01-05 16:15:53,331 [INFO] CodeEngine:255 - oldGeneratedFile, C:\Users\brady\repos\UCI-Rocket-Project-Solids\flight-code\FATFS\Target\ffconf.h_save
2026-01-05 16:15:53,415 [INFO] CodeEngine:279 - Generated code: C:\Users\brady\repos\UCI-Rocket-Project-Solids\flight-code\FATFS\Target\ffconf.h
2026-01-05 16:15:53,440 [INFO] CodeEngine:255 - oldGeneratedFile, C:\Users\brady\repos\UCI-Rocket-Project-Solids\flight-code\FATFS\Target\user_diskio.c_save
2026-01-05 16:15:53,507 [INFO] CodeEngine:279 - Generated code: C:\Users\brady\repos\UCI-Rocket-Project-Solids\flight-code\FATFS\Target\user_diskio.c
2026-01-05 16:15:53,528 [INFO] CodeEngine:255 - oldGeneratedFile, C:\Users\brady\repos\UCI-Rocket-Project-Solids\flight-code\FATFS\Target\user_diskio.h_save
2026-01-05 16:15:53,611 [INFO] CodeEngine:279 - Generated code: C:\Users\brady\repos\UCI-Rocket-Project-Solids\flight-code\FATFS\Target\user_diskio.h
2026-01-05 16:15:53,624 [INFO] CodeEngine:255 - oldGeneratedFile, C:\Users\brady\repos\UCI-Rocket-Project-Solids\flight-code\FATFS\App\fatfs.c_save
2026-01-05 16:15:53,686 [INFO] CodeEngine:279 - Generated code: C:\Users\brady\repos\UCI-Rocket-Project-Solids\flight-code\FATFS\App\fatfs.c
2026-01-05 16:15:53,705 [INFO] CodeEngine:255 - oldGeneratedFile, C:\Users\brady\repos\UCI-Rocket-Project-Solids\flight-code\FATFS\App\fatfs.h_save
2026-01-05 16:15:53,761 [INFO] CodeEngine:279 - Generated code: C:\Users\brady\repos\UCI-Rocket-Project-Solids\flight-code\FATFS\App\fatfs.h
2026-01-05 16:15:53,784 [INFO] CodeEngine:255 - oldGeneratedFile, C:\Users\brady\repos\UCI-Rocket-Project-Solids\flight-code\Core\Src\stm32h7xx_it.c_save
2026-01-05 16:15:53,874 [INFO] CodeEngine:279 - Generated code: C:\Users\brady\repos\UCI-Rocket-Project-Solids\flight-code\Core\Src\stm32h7xx_it.c
2026-01-05 16:15:53,877 [INFO] CodeEngine:255 - oldGeneratedFile, C:\Users\brady\repos\UCI-Rocket-Project-Solids\flight-code\Core\Inc\stm32h7xx_it.h_save
2026-01-05 16:15:53,920 [INFO] CodeEngine:279 - Generated code: C:\Users\brady\repos\UCI-Rocket-Project-Solids\flight-code\Core\Inc\stm32h7xx_it.h
2026-01-05 16:15:53,989 [INFO] CodeEngine:255 - oldGeneratedFile, C:\Users\brady\repos\UCI-Rocket-Project-Solids\flight-code\Core\Src\stm32h7xx_hal_msp.c_save
2026-01-05 16:15:54,060 [INFO] CodeEngine:279 - Generated code: C:\Users\brady\repos\UCI-Rocket-Project-Solids\flight-code\Core\Src\stm32h7xx_hal_msp.c
2026-01-05 16:15:54,063 [INFO] CodeEngine:255 - oldGeneratedFile, C:\Users\brady\repos\UCI-Rocket-Project-Solids\flight-code\MXTmpFiles\system.tmp_save
2026-01-05 16:15:54,096 [INFO] CodeEngine:279 - Generated code: C:\Users\brady\repos\UCI-Rocket-Project-Solids\flight-code\MXTmpFiles\system.tmp
2026-01-05 16:15:54,109 [INFO] CodeEngine:311 - oldGeneratedFile, C:\Users\brady\repos\UCI-Rocket-Project-Solids\flight-code\Core\Inc\stm32h7xx_hal_conf.h_save
2026-01-05 16:15:54,179 [INFO] CodeEngine:335 - Generated code: C:\Users\brady\repos\UCI-Rocket-Project-Solids\flight-code\Core\Inc\stm32h7xx_hal_conf.h
2026-01-05 16:15:54,209 [WARN] IPConfigManager:3554 - IP not found : USB_OTG
2026-01-05 16:15:54,209 [WARN] CodeGenerator:4002 - IP not found : null
2026-01-05 16:15:54,228 [INFO] CodeEngine:255 - oldGeneratedFile, C:\Users\brady\repos\UCI-Rocket-Project-Solids\flight-code\Core\Inc\main.h_save
2026-01-05 16:15:54,337 [INFO] CodeEngine:279 - Generated code: C:\Users\brady\repos\UCI-Rocket-Project-Solids\flight-code\Core\Inc\main.h
2026-01-05 16:15:54,351 [INFO] CodeEngine:255 - oldGeneratedFile, C:\Users\brady\repos\UCI-Rocket-Project-Solids\flight-code\Core\Src\main.c_save
2026-01-05 16:15:54,468 [INFO] CodeEngine:279 - Generated code: C:\Users\brady\repos\UCI-Rocket-Project-Solids\flight-code\Core\Src\main.c
2026-01-05 16:15:54,689 [INFO] ProjectBuilder:3249 - Time for Copy HAL[1] : 135mS.
2026-01-05 16:15:54,693 [INFO] ProjectBuilder:4828 - Project Generator version: 4.4.0-B60
2026-01-05 16:15:54,735 [INFO] ConfigFileManager:1531 - The Die is : DIE450
2026-01-05 16:15:55,268 [INFO] ProjectBuilder:5097 - Time for Generating toolchain IDE Files: 575mS.
2026-01-05 16:15:55,269 [INFO] ProjectBuilder:3107 - Time for Copy CMSIS : 1mS.
2026-01-05 16:15:55,273 [INFO] ProjectBuilder:3107 - Time for Copy CMSIS : 1mS.
2026-01-05 17:19:19,887 [ERROR] LogOutputStream:75 - [STDERR_REDIRECT] 
2026-01-05 17:19:19,888 [ERROR] LogOutputStream:75 - [STDERR_REDIRECT] 
