2026-02-10 01:21:15,178 [ERROR] LogOutputStream:75 - [STDERR_REDIRECT] 
2026-02-10 10:46:48,834 [INFO] Activator:176 - 


2026-02-10 10:46:48,836 [INFO] Activator:177 - !SESSION log4j initialized
2026-02-10 10:47:03,961 [INFO] LogOutputStream:77 - [STDOUT_REDIRECT] 
2026-02-10 10:47:11,322 [INFO] ApplicationProperties:184 - Using Application install path: C:\ST\STM32CubeIDE_1.16.0\STM32CubeIDE\plugins\com.st.stm32cube.common.mx_6.12.0.202406281431
2026-02-10 10:47:11,356 [INFO] DbMcusXml:78 - Set database path to: C:\ST\STM32CubeIDE_1.16.0\STM32CubeIDE\plugins\com.st.stm32cube.common.mx_6.12.0.202406281431\\db\/mcu/
2026-02-10 10:47:11,367 [INFO] ApiDb:274 - Set plugin database path to: C:\ST\STM32CubeIDE_1.16.0\STM32CubeIDE\plugins\com.st.stm32cube.common.mx_6.12.0.202406281431\\db\/plugins/boardmanager/
2026-02-10 10:47:11,367 [WARN] ApiDb:259 - Overriding images path with different value:  => C:\ST\STM32CubeIDE_1.16.0\STM32CubeIDE\plugins\com.st.stm32cube.common.mx_6.12.0.202406281431\\db\/plugins/mcufinder/images/
2026-02-10 10:47:11,400 [INFO] ApiDb:250 - Set database path to: C:\Users\brady\.stmcufinder\plugins\mcufinder//mcu/
2026-02-10 10:47:11,400 [INFO] DbMcusAds:125 - Set database path to: C:\Users\brady\.stmcufinder\plugins\mcufinder//mcu/
2026-02-10 10:47:11,408 [INFO] CrossReferenceDbSqlite:203 - Set database path to: C:\Users\brady\.stmcufinder\plugins\mcufinder//mcu/cs/
2026-02-10 10:47:11,690 [INFO] RulesReader:64 - Compatibility file has been processed (297 Rules)
2026-02-10 10:47:11,872 [INFO] DbMcusXml:78 - Set database path to: C:\ST\STM32CubeIDE_1.16.0\STM32CubeIDE\plugins\com.st.stm32cube.common.mx_6.12.0.202406281431\\db\/mcu/
2026-02-10 10:47:11,872 [INFO] ApiDb:274 - Set plugin database path to: C:\ST\STM32CubeIDE_1.16.0\STM32CubeIDE\plugins\com.st.stm32cube.common.mx_6.12.0.202406281431\\db\/plugins/boardmanager/
2026-02-10 10:47:11,872 [INFO] ApiDb:261 - Set plugin images path to: C:\ST\STM32CubeIDE_1.16.0\STM32CubeIDE\plugins\com.st.stm32cube.common.mx_6.12.0.202406281431\\db\/plugins/mcufinder/images/
2026-02-10 10:47:11,872 [WARN] DbFile:41 - Overriding database path with different value: C:\Users\brady\.stmcufinder\plugins\mcufinder/ => C:\Users\brady\.stmcufinder\plugins\mcufinder
2026-02-10 10:47:11,872 [INFO] ApiDb:250 - Set database path to: C:\Users\brady\.stmcufinder\plugins\mcufinder//mcu/
2026-02-10 10:47:11,872 [WARN] DbFile:41 - Overriding database path with different value: C:\Users\brady\.stmcufinder\plugins\mcufinder/ => C:\Users\brady\.stmcufinder\plugins\mcufinder
2026-02-10 10:47:11,872 [INFO] DbMcusAds:125 - Set database path to: C:\Users\brady\.stmcufinder\plugins\mcufinder//mcu/
2026-02-10 10:47:11,872 [WARN] DbFile:41 - Overriding database path with different value: C:\Users\brady\.stmcufinder\plugins\mcufinder/ => C:\Users\brady\.stmcufinder\plugins\mcufinder
2026-02-10 10:47:11,872 [WARN] DbFile:41 - Overriding database path with different value: C:\Users\brady\.stmcufinder\plugins\mcufinder/ => C:\Users\brady\.stmcufinder\plugins\mcufinder
2026-02-10 10:47:11,872 [INFO] CrossReferenceDbSqlite:203 - Set database path to: C:\Users\brady\.stmcufinder\plugins\mcufinder//mcu/cs/
2026-02-10 10:47:12,073 [INFO] MainPanel:268 - HeapMemory: 268435456
2026-02-10 10:47:12,275 [INFO] DbMcusXml:78 - Set database path to: C:\ST\STM32CubeIDE_1.16.0\STM32CubeIDE\plugins\com.st.stm32cube.common.mx_6.12.0.202406281431\\db\/mcu/
2026-02-10 10:47:12,275 [INFO] ApiDb:274 - Set plugin database path to: C:\ST\STM32CubeIDE_1.16.0\STM32CubeIDE\plugins\com.st.stm32cube.common.mx_6.12.0.202406281431\\db\/plugins/boardmanager/
2026-02-10 10:47:12,275 [INFO] ApiDb:261 - Set plugin images path to: C:\ST\STM32CubeIDE_1.16.0\STM32CubeIDE\plugins\com.st.stm32cube.common.mx_6.12.0.202406281431\\db\/plugins/mcufinder/images/
2026-02-10 10:47:12,275 [WARN] DbFile:41 - Overriding database path with different value: C:\Users\brady\.stmcufinder\plugins\mcufinder/ => C:\Users\brady\.stmcufinder\plugins\mcufinder
2026-02-10 10:47:12,275 [INFO] ApiDb:250 - Set database path to: C:\Users\brady\.stmcufinder\plugins\mcufinder//mcu/
2026-02-10 10:47:12,275 [WARN] DbFile:41 - Overriding database path with different value: C:\Users\brady\.stmcufinder\plugins\mcufinder/ => C:\Users\brady\.stmcufinder\plugins\mcufinder
2026-02-10 10:47:12,275 [INFO] DbMcusAds:125 - Set database path to: C:\Users\brady\.stmcufinder\plugins\mcufinder//mcu/
2026-02-10 10:47:12,275 [WARN] DbFile:41 - Overriding database path with different value: C:\Users\brady\.stmcufinder\plugins\mcufinder/ => C:\Users\brady\.stmcufinder\plugins\mcufinder
2026-02-10 10:47:12,275 [WARN] DbFile:41 - Overriding database path with different value: C:\Users\brady\.stmcufinder\plugins\mcufinder/ => C:\Users\brady\.stmcufinder\plugins\mcufinder
2026-02-10 10:47:12,275 [INFO] CrossReferenceDbSqlite:203 - Set database path to: C:\Users\brady\.stmcufinder\plugins\mcufinder//mcu/cs/
2026-02-10 10:47:12,334 [INFO] ApplicationProperties:184 - Using Application install path: C:\ST\STM32CubeIDE_1.16.0\STM32CubeIDE\plugins\com.st.stm32cube.common.mx_6.12.0.202406281431
2026-02-10 10:47:12,334 [INFO] PluginManage:196 - Search for loadable plugins [exclusion list=, ]
2026-02-10 10:47:12,340 [INFO] PluginManage:310 - Check plugin analytics
2026-02-10 10:47:12,706 [INFO] AnalyticsPlugin:253 - Accepted Software Licenses: STM32CubeMX.6.12.1
2026-02-10 10:47:12,706 [INFO] AnalyticsPlugin:255 - Accepted CMSIS Pack Licenses: 
2026-02-10 10:47:12,706 [INFO] AnalyticsPlugin:257 - Accepted Firmware Licenses: FW.F4.1.28.0,FW.H7.1.11.0
2026-02-10 10:47:12,723 [INFO] PluginManage:359 - Loaded plugin analytics (category:tool,tabindex:-1)
2026-02-10 10:47:12,723 [INFO] PluginManage:310 - Check plugin cadmodel
2026-02-10 10:47:12,775 [INFO] CADModel:105 - Init CAD model plugin
2026-02-10 10:47:12,775 [INFO] PluginManage:359 - Loaded plugin cadmodel (category:power,tabindex:5)
2026-02-10 10:47:12,775 [INFO] PluginManage:310 - Check plugin clock
2026-02-10 10:47:12,823 [INFO] PluginManage:359 - Loaded plugin clock (category:base,tabindex:2)
2026-02-10 10:47:12,823 [INFO] PluginManage:310 - Check plugin ddr
2026-02-10 10:47:12,834 [INFO] PluginManage:359 - Loaded plugin ddr (category:tool,tabindex:6)
2026-02-10 10:47:12,834 [INFO] PluginManage:310 - Check plugin filemanager
2026-02-10 10:47:13,135 [INFO] PluginManage:359 - Loaded plugin filemanager (category:base,tabindex:10)
2026-02-10 10:47:13,135 [INFO] PluginManage:310 - Check plugin ipmanager
2026-02-10 10:47:13,151 [INFO] PluginManage:359 - Loaded plugin ipmanager (category:base,tabindex:5)
2026-02-10 10:47:13,151 [INFO] PluginManage:310 - Check plugin lpbam
2026-02-10 10:47:13,198 [INFO] PluginManage:359 - Loaded plugin lpbam (category:base,tabindex:0)
2026-02-10 10:47:13,207 [INFO] PluginManage:310 - Check plugin memorymap
2026-02-10 10:47:13,268 [INFO] PluginManage:359 - Loaded plugin memorymap (category:base,tabindex:4)
2026-02-10 10:47:13,268 [INFO] PluginManage:310 - Check plugin pinoutandconfiguration
2026-02-10 10:47:13,317 [INFO] PluginManage:359 - Loaded plugin pinoutandconfiguration (category:base,tabindex:1)
2026-02-10 10:47:13,317 [INFO] PluginManage:310 - Check plugin pinoutconfig
2026-02-10 10:47:13,561 [WARN] SupportedApi:132 - Cannot load RTOS API schema: s4s-elt-must-match.1: The content of 'definitions' must match (annotation?, (simpleType | complexType)?, (unique | key | keyref)*)). A problem was found starting at: attribute.
2026-02-10 10:47:13,879 [INFO] PluginManage:359 - Loaded plugin pinoutconfig (category:base,tabindex:0)
2026-02-10 10:47:13,879 [INFO] PluginManage:310 - Check plugin power
2026-02-10 10:47:13,935 [INFO] PluginManage:359 - Loaded plugin power (category:power,tabindex:4)
2026-02-10 10:47:13,935 [INFO] PluginManage:310 - Check plugin projectmanager
2026-02-10 10:47:13,975 [INFO] PluginManage:359 - Loaded plugin projectmanager (category:projectmanager,tabindex:4)
2026-02-10 10:47:13,975 [INFO] PluginManage:310 - Check plugin rif
2026-02-10 10:47:14,028 [INFO] PluginManage:359 - Loaded plugin rif (category:base,tabindex:3)
2026-02-10 10:47:14,028 [INFO] PluginManage:310 - Check plugin thirdparty
2026-02-10 10:47:14,886 [INFO] PluginManage:359 - Loaded plugin thirdparty (category:base,tabindex:-1)
2026-02-10 10:47:14,886 [INFO] PluginManage:310 - Check plugin tools
2026-02-10 10:47:14,886 [WARN] IntegrityCheckThread:84 - waiting for thirdparty lock release [integrity check]
2026-02-10 10:47:14,886 [INFO] IntegrityCheckThread:86 - entering critical section [integrity check]
2026-02-10 10:47:14,886 [INFO] ThirdPartyUpdaterWithRetryManager:70 - Updater plugin not ready yet. [1/15]
2026-02-10 10:47:15,016 [INFO] PluginManage:359 - Loaded plugin tools (category:base,tabindex:7)
2026-02-10 10:47:15,016 [INFO] PluginManage:310 - Check plugin tutovideos
2026-02-10 10:47:15,486 [INFO] PluginManage:359 - Loaded plugin tutovideos (category:base,tabindex:-1)
2026-02-10 10:47:15,486 [INFO] PluginManage:310 - Check plugin updater
2026-02-10 10:47:15,536 [INFO] PluginManage:359 - Loaded plugin updater (category:base,tabindex:12)
2026-02-10 10:47:15,536 [INFO] PluginManage:310 - Check plugin userauth
2026-02-10 10:47:15,547 [INFO] UserAuth:113 - Init User Auth plugin
2026-02-10 10:47:15,547 [INFO] PluginManage:359 - Loaded plugin userauth (category:base,tabindex:14)
2026-02-10 10:47:15,547 [INFO] PluginManage:283 - PluginManage : Loaded plugins [18]
2026-02-10 10:47:16,026 [INFO] PinOutPanel:1561 - setPackage(No Configuration,No Configuration)
2026-02-10 10:47:16,261 [INFO] CADModel:165 - CPN selected for project level
2026-02-10 10:47:16,261 [INFO] CADModel:114 - Register for checkConnection events
2026-02-10 10:47:16,337 [INFO] IPUIPlugin:80 - create IPUIPlugin
2026-02-10 10:47:16,337 [INFO] PluginManager:220 - loadIPPluginJar : add adc
2026-02-10 10:47:16,493 [INFO] IPUIPlugin:80 - create IPUIPlugin
2026-02-10 10:47:16,493 [INFO] PluginManager:220 - loadIPPluginJar : add aes
2026-02-10 10:47:16,641 [INFO] IPUIPlugin:80 - create IPUIPlugin
2026-02-10 10:47:16,641 [INFO] PluginManager:220 - loadIPPluginJar : add can
2026-02-10 10:47:16,736 [INFO] IPUIPlugin:80 - create IPUIPlugin
2026-02-10 10:47:16,736 [INFO] PluginManager:220 - loadIPPluginJar : add comp
2026-02-10 10:47:16,887 [INFO] IPUIPlugin:80 - create IPUIPlugin
2026-02-10 10:47:16,887 [INFO] PluginManager:220 - loadIPPluginJar : add cryp
2026-02-10 10:47:16,937 [INFO] IPUIPlugin:80 - create IPUIPlugin
2026-02-10 10:47:16,937 [INFO] PluginManager:220 - loadIPPluginJar : add ddr_ctrl_phy
2026-02-10 10:47:17,054 [INFO] IPUIPlugin:80 - create IPUIPlugin
2026-02-10 10:47:17,054 [INFO] PluginManager:220 - loadIPPluginJar : add dfsdm
2026-02-10 10:47:17,108 [INFO] IPUIPlugin:80 - create IPUIPlugin
2026-02-10 10:47:17,108 [INFO] PluginManager:220 - loadIPPluginJar : add dma
2026-02-10 10:47:17,271 [INFO] IPUIPlugin:80 - create IPUIPlugin
2026-02-10 10:47:17,271 [INFO] PluginManager:220 - loadIPPluginJar : add dma3
2026-02-10 10:47:17,444 [INFO] IPUIPlugin:80 - create IPUIPlugin
2026-02-10 10:47:17,444 [INFO] PluginManager:220 - loadIPPluginJar : add extmemmanager
2026-02-10 10:47:17,520 [INFO] IPUIPlugin:80 - create IPUIPlugin
2026-02-10 10:47:17,520 [INFO] PluginManager:220 - loadIPPluginJar : add fatfs
2026-02-10 10:47:17,699 [INFO] IPUIPlugin:80 - create IPUIPlugin
2026-02-10 10:47:17,699 [INFO] PluginManager:220 - loadIPPluginJar : add fmc
2026-02-10 10:47:17,754 [INFO] IPUIPlugin:80 - create IPUIPlugin
2026-02-10 10:47:17,754 [INFO] PluginManager:220 - loadIPPluginJar : add freertos
2026-02-10 10:47:17,838 [INFO] IPUIPlugin:80 - create IPUIPlugin
2026-02-10 10:47:17,838 [INFO] PluginManager:220 - loadIPPluginJar : add genericplugin
2026-02-10 10:47:17,888 [INFO] ThirdPartyUpdaterWithRetryManager:70 - Updater plugin not ready yet. [2/15]
2026-02-10 10:47:18,179 [INFO] IPUIPlugin:80 - create IPUIPlugin
2026-02-10 10:47:18,179 [INFO] PluginManager:220 - loadIPPluginJar : add gfxmmu
2026-02-10 10:47:18,622 [INFO] IPUIPlugin:80 - create IPUIPlugin
2026-02-10 10:47:18,622 [INFO] PluginManager:220 - loadIPPluginJar : add gic
2026-02-10 10:47:18,694 [INFO] IPUIPlugin:80 - create IPUIPlugin
2026-02-10 10:47:18,694 [INFO] PluginManager:220 - loadIPPluginJar : add gpio
2026-02-10 10:47:19,036 [INFO] IPUIPlugin:80 - create IPUIPlugin
2026-02-10 10:47:19,036 [INFO] PluginManager:220 - loadIPPluginJar : add gtzc
2026-02-10 10:47:19,169 [INFO] IPUIPlugin:80 - create IPUIPlugin
2026-02-10 10:47:19,169 [INFO] PluginManager:220 - loadIPPluginJar : add hash
2026-02-10 10:47:19,372 [INFO] IPUIPlugin:80 - create IPUIPlugin
2026-02-10 10:47:19,372 [INFO] PluginManager:220 - loadIPPluginJar : add i2c
2026-02-10 10:47:19,528 [INFO] IPUIPlugin:80 - create IPUIPlugin
2026-02-10 10:47:19,528 [INFO] PluginManager:220 - loadIPPluginJar : add i2s
2026-02-10 10:47:19,713 [INFO] IPUIPlugin:80 - create IPUIPlugin
2026-02-10 10:47:19,713 [INFO] PluginManager:220 - loadIPPluginJar : add i3c
2026-02-10 10:47:20,090 [INFO] IPUIPlugin:80 - create IPUIPlugin
2026-02-10 10:47:20,090 [INFO] PluginManager:220 - loadIPPluginJar : add ipddr
2026-02-10 10:47:20,490 [INFO] IPUIPlugin:80 - create IPUIPlugin
2026-02-10 10:47:20,490 [INFO] PluginManager:220 - loadIPPluginJar : add linkedlist
2026-02-10 10:47:20,617 [INFO] IPUIPlugin:80 - create IPUIPlugin
2026-02-10 10:47:20,617 [INFO] PluginManager:220 - loadIPPluginJar : add lorawan
2026-02-10 10:47:20,773 [INFO] IPUIPlugin:80 - create IPUIPlugin
2026-02-10 10:47:20,773 [INFO] PluginManager:220 - loadIPPluginJar : add ltdc
2026-02-10 10:47:20,830 [INFO] IPUIPlugin:80 - create IPUIPlugin
2026-02-10 10:47:20,830 [INFO] PluginManager:220 - loadIPPluginJar : add mdma
2026-02-10 10:47:20,873 [INFO] IPUIPlugin:80 - create IPUIPlugin
2026-02-10 10:47:20,873 [INFO] PluginManager:220 - loadIPPluginJar : add nvic
2026-02-10 10:47:20,890 [INFO] ThirdPartyUpdaterWithRetryManager:70 - Updater plugin not ready yet. [3/15]
2026-02-10 10:47:20,995 [INFO] IPUIPlugin:80 - create IPUIPlugin
2026-02-10 10:47:21,006 [INFO] PluginManager:220 - loadIPPluginJar : add opamp
2026-02-10 10:47:21,240 [INFO] IPUIPlugin:80 - create IPUIPlugin
2026-02-10 10:47:21,240 [INFO] PluginManager:220 - loadIPPluginJar : add openamp
2026-02-10 10:47:21,396 [INFO] IPUIPlugin:80 - create IPUIPlugin
2026-02-10 10:47:21,396 [INFO] PluginManager:220 - loadIPPluginJar : add pdm2pcm
2026-02-10 10:47:21,482 [INFO] IPUIPlugin:80 - create IPUIPlugin
2026-02-10 10:47:21,491 [INFO] PluginManager:220 - loadIPPluginJar : add plateformsettings
2026-02-10 10:47:21,582 [INFO] IPUIPlugin:80 - create IPUIPlugin
2026-02-10 10:47:21,582 [INFO] PluginManager:220 - loadIPPluginJar : add quadspi
2026-02-10 10:47:21,673 [INFO] IPUIPlugin:80 - create IPUIPlugin
2026-02-10 10:47:21,681 [INFO] PluginManager:220 - loadIPPluginJar : add radio
2026-02-10 10:47:21,724 [INFO] IPUIPlugin:80 - create IPUIPlugin
2026-02-10 10:47:21,724 [INFO] PluginManager:220 - loadIPPluginJar : add resmgrutility
2026-02-10 10:47:21,902 [INFO] IPUIPlugin:80 - create IPUIPlugin
2026-02-10 10:47:21,902 [INFO] PluginManager:220 - loadIPPluginJar : add sai
2026-02-10 10:47:22,048 [INFO] IPUIPlugin:80 - create IPUIPlugin
2026-02-10 10:47:22,048 [INFO] PluginManager:220 - loadIPPluginJar : add spi
2026-02-10 10:47:22,291 [INFO] IPUIPlugin:80 - create IPUIPlugin
2026-02-10 10:47:22,291 [INFO] PluginManager:220 - loadIPPluginJar : add stm32_wpan
2026-02-10 10:47:22,382 [INFO] IPUIPlugin:80 - create IPUIPlugin
2026-02-10 10:47:22,382 [INFO] PluginManager:220 - loadIPPluginJar : add tim
2026-02-10 10:47:22,596 [INFO] IPUIPlugin:80 - create IPUIPlugin
2026-02-10 10:47:22,603 [INFO] PluginManager:220 - loadIPPluginJar : add touchsensing
2026-02-10 10:47:22,698 [INFO] IPUIPlugin:80 - create IPUIPlugin
2026-02-10 10:47:22,698 [INFO] PluginManager:220 - loadIPPluginJar : add tracer_emb
2026-02-10 10:47:22,791 [INFO] IPUIPlugin:80 - create IPUIPlugin
2026-02-10 10:47:22,791 [INFO] PluginManager:220 - loadIPPluginJar : add ts
2026-02-10 10:47:22,891 [INFO] IPUIPlugin:80 - create IPUIPlugin
2026-02-10 10:47:22,891 [INFO] PluginManager:220 - loadIPPluginJar : add tsc
2026-02-10 10:47:22,975 [INFO] IPUIPlugin:80 - create IPUIPlugin
2026-02-10 10:47:22,975 [INFO] PluginManager:220 - loadIPPluginJar : add ucpd
2026-02-10 10:47:23,154 [INFO] IPUIPlugin:80 - create IPUIPlugin
2026-02-10 10:47:23,154 [INFO] PluginManager:220 - loadIPPluginJar : add usart
2026-02-10 10:47:23,309 [INFO] IPUIPlugin:80 - create IPUIPlugin
2026-02-10 10:47:23,309 [INFO] PluginManager:220 - loadIPPluginJar : add usbx
2026-02-10 10:47:23,525 [INFO] CADModel:165 - CPN selected for project level
2026-02-10 10:47:23,525 [INFO] CADModel:114 - Register for checkConnection events
2026-02-10 10:47:23,525 [FATAL] Updater:334 - Updater called before beeing initialized
2026-02-10 10:47:23,525 [ERROR] CADModel:125 - Updater not yet initialized, retry later 
2026-02-10 10:47:23,866 [INFO] CADModel:165 - CPN selected for project level
2026-02-10 10:47:23,866 [INFO] CADModel:114 - Register for checkConnection events
2026-02-10 10:47:23,866 [FATAL] Updater:334 - Updater called before beeing initialized
2026-02-10 10:47:23,866 [ERROR] CADModel:125 - Updater not yet initialized, retry later 
2026-02-10 10:47:23,866 [FATAL] Updater:334 - Updater called before beeing initialized
2026-02-10 10:47:23,909 [INFO] ThirdPartyUpdaterWithRetryManager:70 - Updater plugin not ready yet. [4/15]
2026-02-10 10:47:24,131 [FATAL] Updater:334 - Updater called before beeing initialized
2026-02-10 10:47:24,166 [INFO] DbMcusAds:53 - JSON generation date=Mon Dec 15 15:11:46 PST 2025 (1765840306612)
2026-02-10 10:47:24,166 [FATAL] Updater:334 - Updater called before beeing initialized
2026-02-10 10:47:24,259 [WARN] DetailPanel:346 - Failed to get advertising image, set to default
2026-02-10 10:47:24,633 [FATAL] Updater:334 - Updater called before beeing initialized
2026-02-10 10:47:24,633 [FATAL] Updater:334 - Updater called before beeing initialized
2026-02-10 10:47:24,633 [FATAL] Updater:334 - Updater called before beeing initialized
2026-02-10 10:47:24,633 [WARN] DetailPanel:346 - Failed to get advertising image, set to default
2026-02-10 10:47:24,642 [FATAL] Updater:334 - Updater called before beeing initialized
2026-02-10 10:47:24,793 [ERROR] Updater:1164 - MainUpdater not yet initialized. External WinMGr cannot be set.
2026-02-10 10:47:24,826 [INFO] Updater:1100 - Updater Version found : 6.12.0
2026-02-10 10:47:24,860 [INFO] ApplicationProperties:184 - Using Application install path: C:\ST\STM32CubeIDE_1.16.0\STM32CubeIDE\plugins\com.st.stm32cube.common.mx_6.12.0.202406281431
2026-02-10 10:47:26,578 [ERROR] LogOutputStream:75 - [STDERR_REDIRECT] Feb 10, 2026 10:47:26 AM java.util.prefs.WindowsPreferences <init>
2026-02-10 10:47:26,578 [ERROR] LogOutputStream:75 - [STDERR_REDIRECT] WARNING: Could not open/create prefs root node Software\JavaSoft\Prefs at root 0xffffffff80000002. Windows RegCreateKeyEx(...) returned error code 5.
2026-02-10 10:47:26,578 [ERROR] LogOutputStream:75 - [STDERR_REDIRECT] 
2026-02-10 10:47:26,909 [FATAL] Updater:334 - Updater called before beeing initialized
2026-02-10 10:47:26,909 [ERROR] IntegrityCheckThread:130 - Cannot retrieve database content from updater: error 21
2026-02-10 10:47:26,909 [INFO] ThirdParty:978 - Integrity check success = false
2026-02-10 10:47:26,918 [INFO] IntegrityCheckThread:100 - exiting critical section [integrity check]
2026-02-10 10:47:26,919 [INFO] IntegrityCheckThread:103 - End integrity checks thread
2026-02-10 10:47:27,728 [INFO] MainUpdater:2873 - connection check result : 10
2026-02-10 10:47:27,728 [INFO] MainUpdater:290 - Updater Check For Update Now.
2026-02-10 10:47:27,728 [INFO] MicroXplorer:498 - Change Database Version : DB.6.0.120
2026-02-10 10:47:27,812 [INFO] McuFinderGlobals:63 - Set McuFinder mode to 2 (CubeIDE integrated)
2026-02-10 10:47:27,812 [INFO] UserAuth:179 - activating auth plugin
2026-02-10 10:47:27,828 [INFO] UserAuth:417 - Internet connection configuration mode: 1
2026-02-10 10:47:27,970 [INFO] JxBrowserEngine:152 - Initiate JxBrowser Engine with user profile folder
2026-02-10 10:47:28,245 [INFO] CheckServerUpdateThread:120 - End of CheckServer Thread
2026-02-10 10:47:35,684 [INFO] WebApp:167 - Instantiating new browser for Auth
2026-02-10 10:47:36,901 [INFO] WebApp:448 - Apply proxy settings
2026-02-10 10:47:36,901 [INFO] WebApp:533 - Chromium requires no authentication
2026-02-10 10:47:36,918 [INFO] WebApp:476 - Direct internet connection detected
2026-02-10 10:47:36,958 [INFO] WebApp:869 - Register for checkConnection events
2026-02-10 10:47:36,958 [INFO] WebApp:448 - Apply proxy settings
2026-02-10 10:47:36,958 [INFO] WebApp:533 - Chromium requires no authentication
2026-02-10 10:47:36,958 [INFO] WebApp:476 - Direct internet connection detected
2026-02-10 10:47:37,113 [INFO] WebApp:186 - Connection restablished
2026-02-10 10:47:37,388 [INFO] WebApp:220 - Starting web application
2026-02-10 10:47:37,388 [INFO] WebApp:578 - Web application path used C:\ST\STM32CubeIDE_1.16.0\STM32CubeIDE\plugins\com.st.stm32cube.common.mx_6.12.0.202406281431\db\plugins\mcufinder\reactClient1\index.html
2026-02-10 11:07:36,357 [INFO] WebApp:189 - Connection lost
2026-02-10 11:07:36,469 [INFO] WebApp:186 - Connection restablished
2026-02-10 11:07:51,859 [INFO] WebApp:189 - Connection lost
2026-02-10 11:07:51,977 [INFO] WebApp:186 - Connection restablished
2026-02-10 13:37:23,210 [INFO] WebApp:189 - Connection lost
2026-02-10 13:37:26,948 [INFO] WebApp:186 - Connection restablished
2026-02-10 13:37:27,464 [INFO] WebApp:189 - Connection lost
2026-02-10 13:37:27,667 [INFO] WebApp:186 - Connection restablished
2026-02-10 13:38:16,733 [INFO] WebApp:189 - Connection lost
2026-02-10 14:12:47,156 [INFO] WebApp:186 - Connection restablished
2026-02-10 14:12:47,717 [INFO] WebApp:189 - Connection lost
2026-02-10 14:12:47,875 [INFO] WebApp:186 - Connection restablished
2026-02-10 14:12:50,055 [INFO] WebApp:189 - Connection lost
2026-02-10 14:12:50,187 [INFO] WebApp:186 - Connection restablished
2026-02-10 14:13:26,859 [INFO] WebApp:189 - Connection lost
2026-02-10 14:13:26,996 [INFO] WebApp:186 - Connection restablished
2026-02-10 14:22:53,396 [INFO] WebApp:189 - Connection lost
2026-02-10 14:22:53,556 [INFO] WebApp:186 - Connection restablished
2026-02-10 14:24:34,375 [INFO] WebApp:189 - Connection lost
2026-02-10 14:24:34,560 [INFO] WebApp:186 - Connection restablished
2026-02-10 14:28:01,876 [INFO] WebApp:189 - Connection lost
2026-02-10 14:28:02,019 [INFO] WebApp:186 - Connection restablished
2026-02-10 14:28:14,869 [INFO] WebApp:189 - Connection lost
2026-02-10 14:28:14,997 [INFO] WebApp:186 - Connection restablished
2026-02-10 15:05:29,087 [INFO] WebApp:189 - Connection lost
2026-02-10 15:05:32,318 [INFO] WebApp:186 - Connection restablished
2026-02-10 15:05:45,552 [INFO] WebApp:189 - Connection lost
2026-02-10 15:05:47,536 [INFO] WebApp:186 - Connection restablished
2026-02-10 15:14:44,568 [INFO] WebApp:189 - Connection lost
2026-02-10 15:14:44,985 [INFO] WebApp:186 - Connection restablished
2026-02-10 15:14:45,665 [INFO] WebApp:189 - Connection lost
2026-02-10 15:14:47,241 [INFO] WebApp:186 - Connection restablished
2026-02-10 15:16:51,846 [INFO] WebApp:189 - Connection lost
2026-02-10 15:16:52,224 [INFO] WebApp:186 - Connection restablished
2026-02-10 15:18:36,053 [INFO] WebApp:189 - Connection lost
2026-02-10 15:18:38,955 [INFO] WebApp:186 - Connection restablished
2026-02-10 17:15:34,198 [INFO] WebApp:189 - Connection lost
2026-02-10 17:15:40,625 [INFO] WebApp:186 - Connection restablished
2026-02-10 17:15:43,339 [INFO] WebApp:189 - Connection lost
2026-02-10 17:15:43,482 [INFO] WebApp:186 - Connection restablished
2026-02-10 17:16:46,848 [INFO] WebApp:189 - Connection lost
2026-02-10 17:16:46,996 [INFO] WebApp:186 - Connection restablished
2026-02-10 17:16:51,856 [INFO] WebApp:189 - Connection lost
2026-02-10 17:16:51,948 [INFO] WebApp:186 - Connection restablished
2026-02-10 17:17:29,404 [INFO] WebApp:189 - Connection lost
2026-02-10 17:17:29,581 [INFO] WebApp:186 - Connection restablished
2026-02-10 17:21:15,338 [INFO] WebApp:189 - Connection lost
2026-02-10 17:21:15,445 [INFO] WebApp:186 - Connection restablished
2026-02-10 17:21:23,363 [INFO] WebApp:189 - Connection lost
2026-02-10 17:21:23,476 [INFO] WebApp:186 - Connection restablished
2026-02-10 17:21:59,384 [INFO] WebApp:189 - Connection lost
2026-02-10 17:21:59,551 [INFO] WebApp:186 - Connection restablished
2026-02-10 17:23:07,859 [INFO] WebApp:189 - Connection lost
2026-02-10 17:23:08,035 [INFO] WebApp:186 - Connection restablished
2026-02-10 17:25:48,890 [INFO] WebApp:189 - Connection lost
2026-02-10 17:25:49,029 [INFO] WebApp:186 - Connection restablished
2026-02-10 17:27:15,480 [INFO] WebApp:189 - Connection lost
2026-02-10 17:27:15,573 [INFO] WebApp:186 - Connection restablished
2026-02-10 17:27:23,845 [INFO] WebApp:189 - Connection lost
2026-02-10 17:27:23,979 [INFO] WebApp:186 - Connection restablished
2026-02-10 17:34:24,889 [INFO] WebApp:189 - Connection lost
2026-02-10 17:34:25,030 [INFO] WebApp:186 - Connection restablished
2026-02-10 21:01:53,624 [INFO] WebApp:189 - Connection lost
2026-02-10 21:01:53,823 [INFO] WebApp:186 - Connection restablished
2026-02-10 21:01:59,846 [INFO] WebApp:189 - Connection lost
2026-02-10 21:01:59,934 [INFO] WebApp:186 - Connection restablished
2026-02-10 21:02:30,137 [INFO] WebApp:189 - Connection lost
2026-02-10 21:02:30,444 [INFO] WebApp:186 - Connection restablished
2026-02-10 21:02:37,352 [INFO] WebApp:189 - Connection lost
2026-02-10 21:02:37,456 [INFO] WebApp:186 - Connection restablished
2026-02-10 21:02:43,250 [INFO] WebApp:189 - Connection lost
2026-02-10 21:02:43,353 [INFO] WebApp:186 - Connection restablished
2026-02-10 21:02:53,850 [INFO] WebApp:189 - Connection lost
2026-02-10 21:02:53,935 [INFO] WebApp:186 - Connection restablished
2026-02-10 21:04:41,299 [INFO] WebApp:189 - Connection lost
2026-02-10 21:04:41,442 [INFO] WebApp:186 - Connection restablished
2026-02-10 21:04:51,863 [INFO] WebApp:189 - Connection lost
2026-02-10 21:04:51,983 [INFO] WebApp:186 - Connection restablished
2026-02-10 21:04:56,747 [INFO] WebApp:189 - Connection lost
2026-02-10 21:04:56,847 [INFO] WebApp:186 - Connection restablished
2026-02-10 21:05:09,924 [INFO] WebApp:189 - Connection lost
2026-02-10 21:05:10,025 [INFO] WebApp:186 - Connection restablished
2026-02-10 21:05:12,197 [INFO] WebApp:189 - Connection lost
2026-02-10 21:05:12,308 [INFO] WebApp:186 - Connection restablished
2026-02-10 21:05:26,404 [INFO] WebApp:189 - Connection lost
2026-02-10 21:05:26,488 [INFO] WebApp:186 - Connection restablished
2026-02-10 21:06:19,640 [INFO] WebApp:189 - Connection lost
2026-02-10 21:06:19,773 [INFO] WebApp:186 - Connection restablished
2026-02-10 21:06:26,850 [INFO] WebApp:189 - Connection lost
2026-02-10 21:06:26,963 [INFO] WebApp:186 - Connection restablished
2026-02-10 21:06:32,589 [INFO] WebApp:189 - Connection lost
2026-02-10 21:06:32,702 [INFO] WebApp:186 - Connection restablished
2026-02-10 21:08:30,354 [INFO] WebApp:189 - Connection lost
2026-02-10 21:08:30,638 [INFO] WebApp:186 - Connection restablished
2026-02-10 21:10:36,728 [INFO] WebApp:189 - Connection lost
2026-02-10 21:10:37,009 [INFO] WebApp:186 - Connection restablished
2026-02-10 21:12:03,852 [INFO] WebApp:189 - Connection lost
2026-02-10 21:12:04,023 [INFO] WebApp:186 - Connection restablished
2026-02-10 21:14:22,953 [INFO] WebApp:189 - Connection lost
2026-02-10 21:14:23,103 [INFO] WebApp:186 - Connection restablished
2026-02-10 21:15:37,406 [INFO] WebApp:189 - Connection lost
2026-02-10 21:15:37,543 [INFO] WebApp:186 - Connection restablished
2026-02-10 21:42:26,438 [ERROR] LogOutputStream:75 - [STDERR_REDIRECT] 
2026-02-10 21:42:26,441 [ERROR] LogOutputStream:75 - [STDERR_REDIRECT] 
2026-02-10 22:32:44,050 [INFO] Activator:176 - 


2026-02-10 22:32:44,052 [INFO] Activator:177 - !SESSION log4j initialized
2026-02-10 22:32:49,278 [INFO] LogOutputStream:77 - [STDOUT_REDIRECT] 
2026-02-10 22:32:52,137 [INFO] ApplicationProperties:184 - Using Application install path: C:\ST\STM32CubeIDE_1.16.0\STM32CubeIDE\plugins\com.st.stm32cube.common.mx_6.12.0.202406281431
2026-02-10 22:32:52,148 [INFO] DbMcusXml:78 - Set database path to: C:\ST\STM32CubeIDE_1.16.0\STM32CubeIDE\plugins\com.st.stm32cube.common.mx_6.12.0.202406281431\\db\/mcu/
2026-02-10 22:32:52,149 [INFO] ApiDb:274 - Set plugin database path to: C:\ST\STM32CubeIDE_1.16.0\STM32CubeIDE\plugins\com.st.stm32cube.common.mx_6.12.0.202406281431\\db\/plugins/boardmanager/
2026-02-10 22:32:52,149 [WARN] ApiDb:259 - Overriding images path with different value:  => C:\ST\STM32CubeIDE_1.16.0\STM32CubeIDE\plugins\com.st.stm32cube.common.mx_6.12.0.202406281431\\db\/plugins/mcufinder/images/
2026-02-10 22:32:52,159 [INFO] ApiDb:250 - Set database path to: C:\Users\brady\.stmcufinder\plugins\mcufinder//mcu/
2026-02-10 22:32:52,160 [INFO] DbMcusAds:125 - Set database path to: C:\Users\brady\.stmcufinder\plugins\mcufinder//mcu/
2026-02-10 22:32:52,162 [INFO] CrossReferenceDbSqlite:203 - Set database path to: C:\Users\brady\.stmcufinder\plugins\mcufinder//mcu/cs/
2026-02-10 22:32:52,224 [INFO] RulesReader:64 - Compatibility file has been processed (297 Rules)
2026-02-10 22:32:52,303 [INFO] DbMcusXml:78 - Set database path to: C:\ST\STM32CubeIDE_1.16.0\STM32CubeIDE\plugins\com.st.stm32cube.common.mx_6.12.0.202406281431\\db\/mcu/
2026-02-10 22:32:52,303 [INFO] ApiDb:274 - Set plugin database path to: C:\ST\STM32CubeIDE_1.16.0\STM32CubeIDE\plugins\com.st.stm32cube.common.mx_6.12.0.202406281431\\db\/plugins/boardmanager/
2026-02-10 22:32:52,303 [INFO] ApiDb:261 - Set plugin images path to: C:\ST\STM32CubeIDE_1.16.0\STM32CubeIDE\plugins\com.st.stm32cube.common.mx_6.12.0.202406281431\\db\/plugins/mcufinder/images/
2026-02-10 22:32:52,303 [WARN] DbFile:41 - Overriding database path with different value: C:\Users\brady\.stmcufinder\plugins\mcufinder/ => C:\Users\brady\.stmcufinder\plugins\mcufinder
2026-02-10 22:32:52,303 [INFO] ApiDb:250 - Set database path to: C:\Users\brady\.stmcufinder\plugins\mcufinder//mcu/
2026-02-10 22:32:52,303 [WARN] DbFile:41 - Overriding database path with different value: C:\Users\brady\.stmcufinder\plugins\mcufinder/ => C:\Users\brady\.stmcufinder\plugins\mcufinder
2026-02-10 22:32:52,303 [INFO] DbMcusAds:125 - Set database path to: C:\Users\brady\.stmcufinder\plugins\mcufinder//mcu/
2026-02-10 22:32:52,303 [WARN] DbFile:41 - Overriding database path with different value: C:\Users\brady\.stmcufinder\plugins\mcufinder/ => C:\Users\brady\.stmcufinder\plugins\mcufinder
2026-02-10 22:32:52,303 [WARN] DbFile:41 - Overriding database path with different value: C:\Users\brady\.stmcufinder\plugins\mcufinder/ => C:\Users\brady\.stmcufinder\plugins\mcufinder
2026-02-10 22:32:52,303 [INFO] CrossReferenceDbSqlite:203 - Set database path to: C:\Users\brady\.stmcufinder\plugins\mcufinder//mcu/cs/
2026-02-10 22:32:52,366 [INFO] MainPanel:268 - HeapMemory: 268435456
2026-02-10 22:32:52,464 [INFO] DbMcusXml:78 - Set database path to: C:\ST\STM32CubeIDE_1.16.0\STM32CubeIDE\plugins\com.st.stm32cube.common.mx_6.12.0.202406281431\\db\/mcu/
2026-02-10 22:32:52,464 [INFO] ApiDb:274 - Set plugin database path to: C:\ST\STM32CubeIDE_1.16.0\STM32CubeIDE\plugins\com.st.stm32cube.common.mx_6.12.0.202406281431\\db\/plugins/boardmanager/
2026-02-10 22:32:52,464 [INFO] ApiDb:261 - Set plugin images path to: C:\ST\STM32CubeIDE_1.16.0\STM32CubeIDE\plugins\com.st.stm32cube.common.mx_6.12.0.202406281431\\db\/plugins/mcufinder/images/
2026-02-10 22:32:52,464 [WARN] DbFile:41 - Overriding database path with different value: C:\Users\brady\.stmcufinder\plugins\mcufinder/ => C:\Users\brady\.stmcufinder\plugins\mcufinder
2026-02-10 22:32:52,464 [INFO] ApiDb:250 - Set database path to: C:\Users\brady\.stmcufinder\plugins\mcufinder//mcu/
2026-02-10 22:32:52,464 [WARN] DbFile:41 - Overriding database path with different value: C:\Users\brady\.stmcufinder\plugins\mcufinder/ => C:\Users\brady\.stmcufinder\plugins\mcufinder
2026-02-10 22:32:52,464 [INFO] DbMcusAds:125 - Set database path to: C:\Users\brady\.stmcufinder\plugins\mcufinder//mcu/
2026-02-10 22:32:52,464 [WARN] DbFile:41 - Overriding database path with different value: C:\Users\brady\.stmcufinder\plugins\mcufinder/ => C:\Users\brady\.stmcufinder\plugins\mcufinder
2026-02-10 22:32:52,464 [WARN] DbFile:41 - Overriding database path with different value: C:\Users\brady\.stmcufinder\plugins\mcufinder/ => C:\Users\brady\.stmcufinder\plugins\mcufinder
2026-02-10 22:32:52,464 [INFO] CrossReferenceDbSqlite:203 - Set database path to: C:\Users\brady\.stmcufinder\plugins\mcufinder//mcu/cs/
2026-02-10 22:32:52,480 [INFO] ApplicationProperties:184 - Using Application install path: C:\ST\STM32CubeIDE_1.16.0\STM32CubeIDE\plugins\com.st.stm32cube.common.mx_6.12.0.202406281431
2026-02-10 22:32:52,480 [INFO] PluginManage:196 - Search for loadable plugins [exclusion list=, ]
2026-02-10 22:32:52,480 [INFO] PluginManage:310 - Check plugin analytics
2026-02-10 22:32:52,590 [INFO] AnalyticsPlugin:253 - Accepted Software Licenses: STM32CubeMX.6.12.1
2026-02-10 22:32:52,590 [INFO] AnalyticsPlugin:255 - Accepted CMSIS Pack Licenses: 
2026-02-10 22:32:52,590 [INFO] AnalyticsPlugin:257 - Accepted Firmware Licenses: FW.F4.1.28.0,FW.H7.1.11.0
2026-02-10 22:32:52,590 [INFO] PluginManage:359 - Loaded plugin analytics (category:tool,tabindex:-1)
2026-02-10 22:32:52,590 [INFO] PluginManage:310 - Check plugin cadmodel
2026-02-10 22:32:52,605 [INFO] CADModel:105 - Init CAD model plugin
2026-02-10 22:32:52,605 [INFO] PluginManage:359 - Loaded plugin cadmodel (category:power,tabindex:5)
2026-02-10 22:32:52,605 [INFO] PluginManage:310 - Check plugin clock
2026-02-10 22:32:52,621 [INFO] PluginManage:359 - Loaded plugin clock (category:base,tabindex:2)
2026-02-10 22:32:52,621 [INFO] PluginManage:310 - Check plugin ddr
2026-02-10 22:32:52,621 [INFO] PluginManage:359 - Loaded plugin ddr (category:tool,tabindex:6)
2026-02-10 22:32:52,621 [INFO] PluginManage:310 - Check plugin filemanager
2026-02-10 22:32:52,742 [INFO] PluginManage:359 - Loaded plugin filemanager (category:base,tabindex:10)
2026-02-10 22:32:52,742 [INFO] PluginManage:310 - Check plugin ipmanager
2026-02-10 22:32:52,742 [INFO] PluginManage:359 - Loaded plugin ipmanager (category:base,tabindex:5)
2026-02-10 22:32:52,742 [INFO] PluginManage:310 - Check plugin lpbam
2026-02-10 22:32:52,757 [INFO] PluginManage:359 - Loaded plugin lpbam (category:base,tabindex:0)
2026-02-10 22:32:52,757 [INFO] PluginManage:310 - Check plugin memorymap
2026-02-10 22:32:52,789 [INFO] PluginManage:359 - Loaded plugin memorymap (category:base,tabindex:4)
2026-02-10 22:32:52,789 [INFO] PluginManage:310 - Check plugin pinoutandconfiguration
2026-02-10 22:32:52,821 [INFO] PluginManage:359 - Loaded plugin pinoutandconfiguration (category:base,tabindex:1)
2026-02-10 22:32:52,821 [INFO] PluginManage:310 - Check plugin pinoutconfig
2026-02-10 22:32:52,884 [WARN] SupportedApi:132 - Cannot load RTOS API schema: s4s-elt-must-match.1: The content of 'definitions' must match (annotation?, (simpleType | complexType)?, (unique | key | keyref)*)). A problem was found starting at: attribute.
2026-02-10 22:32:52,978 [INFO] PluginManage:359 - Loaded plugin pinoutconfig (category:base,tabindex:0)
2026-02-10 22:32:52,978 [INFO] PluginManage:310 - Check plugin power
2026-02-10 22:32:52,994 [INFO] PluginManage:359 - Loaded plugin power (category:power,tabindex:4)
2026-02-10 22:32:52,994 [INFO] PluginManage:310 - Check plugin projectmanager
2026-02-10 22:32:53,010 [INFO] PluginManage:359 - Loaded plugin projectmanager (category:projectmanager,tabindex:4)
2026-02-10 22:32:53,010 [INFO] PluginManage:310 - Check plugin rif
2026-02-10 22:32:53,026 [INFO] PluginManage:359 - Loaded plugin rif (category:base,tabindex:3)
2026-02-10 22:32:53,026 [INFO] PluginManage:310 - Check plugin thirdparty
2026-02-10 22:32:53,262 [INFO] PluginManage:359 - Loaded plugin thirdparty (category:base,tabindex:-1)
2026-02-10 22:32:53,262 [INFO] PluginManage:310 - Check plugin tools
2026-02-10 22:32:53,262 [WARN] IntegrityCheckThread:84 - waiting for thirdparty lock release [integrity check]
2026-02-10 22:32:53,262 [INFO] IntegrityCheckThread:86 - entering critical section [integrity check]
2026-02-10 22:32:53,262 [INFO] ThirdPartyUpdaterWithRetryManager:70 - Updater plugin not ready yet. [1/15]
2026-02-10 22:32:53,309 [INFO] PluginManage:359 - Loaded plugin tools (category:base,tabindex:7)
2026-02-10 22:32:53,309 [INFO] PluginManage:310 - Check plugin tutovideos
2026-02-10 22:32:53,484 [INFO] PluginManage:359 - Loaded plugin tutovideos (category:base,tabindex:-1)
2026-02-10 22:32:53,484 [INFO] PluginManage:310 - Check plugin updater
2026-02-10 22:32:53,484 [INFO] PluginManage:359 - Loaded plugin updater (category:base,tabindex:12)
2026-02-10 22:32:53,484 [INFO] PluginManage:310 - Check plugin userauth
2026-02-10 22:32:53,499 [INFO] UserAuth:113 - Init User Auth plugin
2026-02-10 22:32:53,499 [INFO] PluginManage:359 - Loaded plugin userauth (category:base,tabindex:14)
2026-02-10 22:32:53,499 [INFO] PluginManage:283 - PluginManage : Loaded plugins [18]
2026-02-10 22:32:53,637 [INFO] PinOutPanel:1561 - setPackage(No Configuration,No Configuration)
2026-02-10 22:32:53,700 [INFO] CADModel:165 - CPN selected for project level
2026-02-10 22:32:53,700 [INFO] CADModel:114 - Register for checkConnection events
2026-02-10 22:32:53,732 [INFO] IPUIPlugin:80 - create IPUIPlugin
2026-02-10 22:32:53,732 [INFO] PluginManager:220 - loadIPPluginJar : add adc
2026-02-10 22:32:53,763 [INFO] IPUIPlugin:80 - create IPUIPlugin
2026-02-10 22:32:53,763 [INFO] PluginManager:220 - loadIPPluginJar : add aes
2026-02-10 22:32:53,810 [INFO] IPUIPlugin:80 - create IPUIPlugin
2026-02-10 22:32:53,810 [INFO] PluginManager:220 - loadIPPluginJar : add can
2026-02-10 22:32:53,842 [INFO] IPUIPlugin:80 - create IPUIPlugin
2026-02-10 22:32:53,842 [INFO] PluginManager:220 - loadIPPluginJar : add comp
2026-02-10 22:32:53,905 [INFO] IPUIPlugin:80 - create IPUIPlugin
2026-02-10 22:32:53,905 [INFO] PluginManager:220 - loadIPPluginJar : add cryp
2026-02-10 22:32:53,937 [INFO] IPUIPlugin:80 - create IPUIPlugin
2026-02-10 22:32:53,937 [INFO] PluginManager:220 - loadIPPluginJar : add ddr_ctrl_phy
2026-02-10 22:32:53,984 [INFO] IPUIPlugin:80 - create IPUIPlugin
2026-02-10 22:32:53,984 [INFO] PluginManager:220 - loadIPPluginJar : add dfsdm
2026-02-10 22:32:54,000 [INFO] IPUIPlugin:80 - create IPUIPlugin
2026-02-10 22:32:54,000 [INFO] PluginManager:220 - loadIPPluginJar : add dma
2026-02-10 22:32:54,047 [INFO] IPUIPlugin:80 - create IPUIPlugin
2026-02-10 22:32:54,047 [INFO] PluginManager:220 - loadIPPluginJar : add dma3
2026-02-10 22:32:54,094 [INFO] IPUIPlugin:80 - create IPUIPlugin
2026-02-10 22:32:54,094 [INFO] PluginManager:220 - loadIPPluginJar : add extmemmanager
2026-02-10 22:32:54,110 [INFO] IPUIPlugin:80 - create IPUIPlugin
2026-02-10 22:32:54,110 [INFO] PluginManager:220 - loadIPPluginJar : add fatfs
2026-02-10 22:32:54,173 [INFO] IPUIPlugin:80 - create IPUIPlugin
2026-02-10 22:32:54,173 [INFO] PluginManager:220 - loadIPPluginJar : add fmc
2026-02-10 22:32:54,173 [INFO] IPUIPlugin:80 - create IPUIPlugin
2026-02-10 22:32:54,173 [INFO] PluginManager:220 - loadIPPluginJar : add freertos
2026-02-10 22:32:54,205 [INFO] IPUIPlugin:80 - create IPUIPlugin
2026-02-10 22:32:54,205 [INFO] PluginManager:220 - loadIPPluginJar : add genericplugin
2026-02-10 22:32:54,284 [INFO] IPUIPlugin:80 - create IPUIPlugin
2026-02-10 22:32:54,284 [INFO] PluginManager:220 - loadIPPluginJar : add gfxmmu
2026-02-10 22:32:54,426 [INFO] IPUIPlugin:80 - create IPUIPlugin
2026-02-10 22:32:54,426 [INFO] PluginManager:220 - loadIPPluginJar : add gic
2026-02-10 22:32:54,442 [INFO] IPUIPlugin:80 - create IPUIPlugin
2026-02-10 22:32:54,442 [INFO] PluginManager:220 - loadIPPluginJar : add gpio
2026-02-10 22:32:54,520 [INFO] IPUIPlugin:80 - create IPUIPlugin
2026-02-10 22:32:54,520 [INFO] PluginManager:220 - loadIPPluginJar : add gtzc
2026-02-10 22:32:54,557 [INFO] IPUIPlugin:80 - create IPUIPlugin
2026-02-10 22:32:54,557 [INFO] PluginManager:220 - loadIPPluginJar : add hash
2026-02-10 22:32:54,615 [INFO] IPUIPlugin:80 - create IPUIPlugin
2026-02-10 22:32:54,615 [INFO] PluginManager:220 - loadIPPluginJar : add i2c
2026-02-10 22:32:54,646 [INFO] IPUIPlugin:80 - create IPUIPlugin
2026-02-10 22:32:54,646 [INFO] PluginManager:220 - loadIPPluginJar : add i2s
2026-02-10 22:32:54,694 [INFO] IPUIPlugin:80 - create IPUIPlugin
2026-02-10 22:32:54,694 [INFO] PluginManager:220 - loadIPPluginJar : add i3c
2026-02-10 22:32:54,773 [INFO] IPUIPlugin:80 - create IPUIPlugin
2026-02-10 22:32:54,773 [INFO] PluginManager:220 - loadIPPluginJar : add ipddr
2026-02-10 22:32:54,868 [INFO] IPUIPlugin:80 - create IPUIPlugin
2026-02-10 22:32:54,868 [INFO] PluginManager:220 - loadIPPluginJar : add linkedlist
2026-02-10 22:32:54,915 [INFO] IPUIPlugin:80 - create IPUIPlugin
2026-02-10 22:32:54,915 [INFO] PluginManager:220 - loadIPPluginJar : add lorawan
2026-02-10 22:32:54,946 [INFO] IPUIPlugin:80 - create IPUIPlugin
2026-02-10 22:32:54,946 [INFO] PluginManager:220 - loadIPPluginJar : add ltdc
2026-02-10 22:32:54,962 [INFO] IPUIPlugin:80 - create IPUIPlugin
2026-02-10 22:32:54,962 [INFO] PluginManager:220 - loadIPPluginJar : add mdma
2026-02-10 22:32:54,962 [INFO] IPUIPlugin:80 - create IPUIPlugin
2026-02-10 22:32:54,962 [INFO] PluginManager:220 - loadIPPluginJar : add nvic
2026-02-10 22:32:55,009 [INFO] IPUIPlugin:80 - create IPUIPlugin
2026-02-10 22:32:55,009 [INFO] PluginManager:220 - loadIPPluginJar : add opamp
2026-02-10 22:32:55,058 [INFO] IPUIPlugin:80 - create IPUIPlugin
2026-02-10 22:32:55,058 [INFO] PluginManager:220 - loadIPPluginJar : add openamp
2026-02-10 22:32:55,105 [INFO] IPUIPlugin:80 - create IPUIPlugin
2026-02-10 22:32:55,105 [INFO] PluginManager:220 - loadIPPluginJar : add pdm2pcm
2026-02-10 22:32:55,136 [INFO] IPUIPlugin:80 - create IPUIPlugin
2026-02-10 22:32:55,136 [INFO] PluginManager:220 - loadIPPluginJar : add plateformsettings
2026-02-10 22:32:55,168 [INFO] IPUIPlugin:80 - create IPUIPlugin
2026-02-10 22:32:55,168 [INFO] PluginManager:220 - loadIPPluginJar : add quadspi
2026-02-10 22:32:55,183 [INFO] IPUIPlugin:80 - create IPUIPlugin
2026-02-10 22:32:55,183 [INFO] PluginManager:220 - loadIPPluginJar : add radio
2026-02-10 22:32:55,199 [INFO] IPUIPlugin:80 - create IPUIPlugin
2026-02-10 22:32:55,199 [INFO] PluginManager:220 - loadIPPluginJar : add resmgrutility
2026-02-10 22:32:55,258 [INFO] IPUIPlugin:80 - create IPUIPlugin
2026-02-10 22:32:55,258 [INFO] PluginManager:220 - loadIPPluginJar : add sai
2026-02-10 22:32:55,294 [INFO] IPUIPlugin:80 - create IPUIPlugin
2026-02-10 22:32:55,294 [INFO] PluginManager:220 - loadIPPluginJar : add spi
2026-02-10 22:32:55,358 [INFO] IPUIPlugin:80 - create IPUIPlugin
2026-02-10 22:32:55,358 [INFO] PluginManager:220 - loadIPPluginJar : add stm32_wpan
2026-02-10 22:32:55,389 [INFO] IPUIPlugin:80 - create IPUIPlugin
2026-02-10 22:32:55,389 [INFO] PluginManager:220 - loadIPPluginJar : add tim
2026-02-10 22:32:55,452 [INFO] IPUIPlugin:80 - create IPUIPlugin
2026-02-10 22:32:55,452 [INFO] PluginManager:220 - loadIPPluginJar : add touchsensing
2026-02-10 22:32:55,467 [INFO] IPUIPlugin:80 - create IPUIPlugin
2026-02-10 22:32:55,467 [INFO] PluginManager:220 - loadIPPluginJar : add tracer_emb
2026-02-10 22:32:55,499 [INFO] IPUIPlugin:80 - create IPUIPlugin
2026-02-10 22:32:55,499 [INFO] PluginManager:220 - loadIPPluginJar : add ts
2026-02-10 22:32:55,515 [INFO] IPUIPlugin:80 - create IPUIPlugin
2026-02-10 22:32:55,515 [INFO] PluginManager:220 - loadIPPluginJar : add tsc
2026-02-10 22:32:55,546 [INFO] IPUIPlugin:80 - create IPUIPlugin
2026-02-10 22:32:55,546 [INFO] PluginManager:220 - loadIPPluginJar : add ucpd
2026-02-10 22:32:55,578 [INFO] IPUIPlugin:80 - create IPUIPlugin
2026-02-10 22:32:55,578 [INFO] PluginManager:220 - loadIPPluginJar : add usart
2026-02-10 22:32:55,641 [INFO] IPUIPlugin:80 - create IPUIPlugin
2026-02-10 22:32:55,641 [INFO] PluginManager:220 - loadIPPluginJar : add usbx
2026-02-10 22:32:55,759 [INFO] CADModel:165 - CPN selected for project level
2026-02-10 22:32:55,759 [INFO] CADModel:114 - Register for checkConnection events
2026-02-10 22:32:55,759 [FATAL] Updater:334 - Updater called before beeing initialized
2026-02-10 22:32:55,759 [ERROR] CADModel:125 - Updater not yet initialized, retry later 
2026-02-10 22:32:55,906 [INFO] CADModel:165 - CPN selected for project level
2026-02-10 22:32:55,906 [INFO] CADModel:114 - Register for checkConnection events
2026-02-10 22:32:55,906 [FATAL] Updater:334 - Updater called before beeing initialized
2026-02-10 22:32:55,906 [ERROR] CADModel:125 - Updater not yet initialized, retry later 
2026-02-10 22:32:55,906 [FATAL] Updater:334 - Updater called before beeing initialized
2026-02-10 22:32:55,968 [FATAL] Updater:334 - Updater called before beeing initialized
2026-02-10 22:32:55,984 [INFO] DbMcusAds:53 - JSON generation date=Mon Dec 15 15:11:46 PST 2025 (1765840306612)
2026-02-10 22:32:55,984 [FATAL] Updater:334 - Updater called before beeing initialized
2026-02-10 22:32:56,015 [WARN] DetailPanel:346 - Failed to get advertising image, set to default
2026-02-10 22:32:56,079 [FATAL] Updater:334 - Updater called before beeing initialized
2026-02-10 22:32:56,079 [FATAL] Updater:334 - Updater called before beeing initialized
2026-02-10 22:32:56,079 [FATAL] Updater:334 - Updater called before beeing initialized
2026-02-10 22:32:56,079 [WARN] DetailPanel:346 - Failed to get advertising image, set to default
2026-02-10 22:32:56,079 [FATAL] Updater:334 - Updater called before beeing initialized
2026-02-10 22:32:56,132 [ERROR] Updater:1164 - MainUpdater not yet initialized. External WinMGr cannot be set.
2026-02-10 22:32:56,132 [INFO] Updater:1100 - Updater Version found : 6.12.0
2026-02-10 22:32:56,148 [INFO] ApplicationProperties:184 - Using Application install path: C:\ST\STM32CubeIDE_1.16.0\STM32CubeIDE\plugins\com.st.stm32cube.common.mx_6.12.0.202406281431
2026-02-10 22:32:56,278 [INFO] ThirdPartyUpdaterWithRetryManager:70 - Updater plugin not ready yet. [2/15]
2026-02-10 22:32:57,766 [ERROR] LogOutputStream:75 - [STDERR_REDIRECT] Feb 10, 2026 10:32:57 PM java.util.prefs.WindowsPreferences <init>
2026-02-10 22:32:57,766 [ERROR] LogOutputStream:75 - [STDERR_REDIRECT] WARNING: Could not open/create prefs root node Software\JavaSoft\Prefs at root 0xffffffff80000002. Windows RegCreateKeyEx(...) returned error code 5.
2026-02-10 22:32:57,766 [ERROR] LogOutputStream:75 - [STDERR_REDIRECT] 
2026-02-10 22:32:58,223 [INFO] MainUpdater:2873 - connection check result : 10
2026-02-10 22:32:58,223 [INFO] MainUpdater:290 - Updater Check For Update Now.
2026-02-10 22:32:58,223 [INFO] MicroXplorer:498 - Change Database Version : DB.6.0.120
2026-02-10 22:32:58,239 [INFO] McuFinderGlobals:63 - Set McuFinder mode to 2 (CubeIDE integrated)
2026-02-10 22:32:58,239 [INFO] UserAuth:179 - activating auth plugin
2026-02-10 22:32:58,246 [INFO] UserAuth:417 - Internet connection configuration mode: 1
2026-02-10 22:32:58,262 [INFO] JxBrowserEngine:152 - Initiate JxBrowser Engine with user profile folder
2026-02-10 22:32:58,430 [INFO] CheckServerUpdateThread:120 - End of CheckServer Thread
2026-02-10 22:32:59,441 [WARN] PackLoader:240 - Cannot read IP mode file for STMicroelectronics.FP-SNS-MOTENVWB1.1.4.0
2026-02-10 22:32:59,464 [WARN] PackLoader:240 - Cannot read IP mode file for STMicroelectronics.FP-ATR-ASTRA1.2.0.2
2026-02-10 22:32:59,473 [WARN] PackLoader:240 - Cannot read IP mode file for STMicroelectronics.FP-ATR-ASTRA1.2.0.1
2026-02-10 22:32:59,488 [WARN] PackLoader:240 - Cannot read IP mode file for STMicroelectronics.X-CUBE-SMBUS.2.1.0
2026-02-10 22:32:59,504 [WARN] PackLoader:240 - Cannot read IP mode file for STMicroelectronics.X-CUBE-WB05N.1.1.0
2026-02-10 22:32:59,520 [ERROR] Engine:466 - C:\Users\brady\.stm32cubemx\thirdparties\pdsc\STMicroelectronics.X-CUBE-ST60.1.0.0.pdsc: PDSC version is not supported
2026-02-10 22:32:59,551 [WARN] PackLoader:240 - Cannot read IP mode file for STMicroelectronics.X-CUBE-AZRTOS-F7.1.1.0
2026-02-10 22:32:59,599 [WARN] PackLoader:240 - Cannot read IP mode file for STMicroelectronics.X-CUBE-MEMS1.11.0.0
2026-02-10 22:32:59,693 [ERROR] Engine:466 - C:\Users\brady\.stm32cubemx\thirdparties\pdsc\STMicroelectronics.FP-SNS-MOTENV1.5.1.0.pdsc: PDSC version is not supported
2026-02-10 22:32:59,709 [WARN] PackLoader:240 - Cannot read IP mode file for STMicroelectronics.FP-SNS-FLIGHT1.5.0.2
2026-02-10 22:32:59,745 [WARN] PackLoader:240 - Cannot read IP mode file for STMicroelectronics.X-CUBE-AZRTOS-H7.3.4.0
2026-02-10 22:32:59,776 [WARN] PackLoader:240 - Cannot read IP mode file for STMicroelectronics.X-CUBE-DISPLAY.3.0.0
2026-02-10 22:32:59,788 [WARN] PackLoader:240 - Cannot read IP mode file for STMicroelectronics.X-CUBE-BLE1.7.0.0
2026-02-10 22:32:59,815 [WARN] PackLoader:240 - Cannot read IP mode file for STMicroelectronics.X-CUBE-NFC10.1.0.0
2026-02-10 22:32:59,820 [WARN] PackLoader:240 - Cannot read IP mode file for STMicroelectronics.X-CUBE-BLEMGR.4.0.0
2026-02-10 22:32:59,841 [ERROR] Engine:466 - C:\Users\brady\.stm32cubemx\thirdparties\pdsc\STMicroelectronics.X-CUBE-ST60.1.1.0.pdsc: PDSC version is not supported
2026-02-10 22:32:59,853 [WARN] PackLoader:240 - Cannot read IP mode file for emotas.I-CUBE-CANOPEN.1.3.0
2026-02-10 22:32:59,868 [WARN] PackLoader:240 - Cannot read IP mode file for STMicroelectronics.X-CUBE-GNSS1.7.1.0
2026-02-10 22:32:59,884 [WARN] PackLoader:240 - Cannot read IP mode file for STMicroelectronics.X-CUBE-BLEMGR.3.1.0
2026-02-10 22:32:59,900 [WARN] PackLoader:240 - Cannot read IP mode file for STMicroelectronics.X-CUBE-AI.10.0.0
2026-02-10 22:32:59,916 [ERROR] Engine:466 - C:\Users\brady\.stm32cubemx\thirdparties\pdsc\STMicroelectronics.FP-SNS-STBOX1.2.1.0.pdsc: PDSC version is not supported
2026-02-10 22:32:59,932 [WARN] PackLoader:240 - Cannot read IP mode file for STMicroelectronics.FP-SNS-SMARTAG2.1.2.0
2026-02-10 22:32:59,948 [ERROR] Engine:466 - C:\Users\brady\.stm32cubemx\thirdparties\pdsc\STMicroelectronics.FP-SNS-FLIGHT1.5.1.0.pdsc: PDSC version is not supported
2026-02-10 22:32:59,996 [WARN] PackLoader:240 - Cannot read IP mode file for STMicroelectronics.X-CUBE-MEMS1.11.1.0
2026-02-10 22:33:00,099 [INFO] LogOutputStream:77 - [STDOUT_REDIRECT] 1 : Invalid condition id : UX_CORESTACK_Condition cause : null
2026-02-10 22:33:00,099 [INFO] LogOutputStream:77 - [STDOUT_REDIRECT] 1 : Invalid condition id : UX_CORESTACK_Condition cause : null
2026-02-10 22:33:00,099 [INFO] LogOutputStream:77 - [STDOUT_REDIRECT] 1 : Invalid condition id : UX_CORESTACK_Condition cause : null
2026-02-10 22:33:00,104 [INFO] LogOutputStream:77 - [STDOUT_REDIRECT] 1 : Invalid condition id : UX_CORESTACK_Condition cause : null
2026-02-10 22:33:00,104 [INFO] LogOutputStream:77 - [STDOUT_REDIRECT] 1 : Invalid condition id : UX_CORESTACK_Condition cause : null
2026-02-10 22:33:00,106 [WARN] PackLoader:240 - Cannot read IP mode file for STMicroelectronics.X-CUBE-AZRTOS-WL.2.0.0
2026-02-10 22:33:00,122 [WARN] PackLoader:240 - Cannot read IP mode file for STMicroelectronics.FP-SNS-MOTENV1.5.0.0
2026-02-10 22:33:00,155 [WARN] PackLoader:240 - Cannot read IP mode file for STMicroelectronics.X-CUBE-AZRTOS-H7RS.1.2.0
2026-02-10 22:33:00,175 [WARN] PackLoader:240 - Cannot read IP mode file for wolfSSL.I-CUBE-wolfMQTT.1.19.0
2026-02-10 22:33:00,195 [WARN] PackLoader:240 - Cannot read IP mode file for WES.I-CUBE-Cesium.1.3.0
2026-02-10 22:33:00,216 [WARN] PackLoader:240 - Cannot read IP mode file for STMicroelectronics.X-CUBE-BLE2.3.3.0
2026-02-10 22:33:00,220 [ERROR] Engine:466 - C:\Users\brady\.stm32cubemx\thirdparties\pdsc\Avnet-IOTCONNECT.X-CUBE-iotc-st67-sdk.1.0.0.pdsc: PDSC version is not supported
2026-02-10 22:33:00,232 [WARN] PackLoader:240 - Cannot read IP mode file for STMicroelectronics.X-CUBE-NFC9.1.0.0
2026-02-10 22:33:00,263 [WARN] PackLoader:240 - Cannot read IP mode file for STMicroelectronics.X-CUBE-BLE1.7.1.0
2026-02-10 22:33:00,283 [WARN] PackLoader:240 - Cannot read IP mode file for STMicroelectronics.X-CUBE-TCPP.4.1.0
2026-02-10 22:33:00,295 [ERROR] Engine:466 - C:\Users\brady\.stm32cubemx\thirdparties\pdsc\STMicroelectronics.X-CUBE-FREERTOS.1.4.0.pdsc: PDSC version is not supported
2026-02-10 22:33:00,315 [WARN] PackLoader:240 - Cannot read IP mode file for STMicroelectronics.X-CUBE-EEPRMA1.5.2.0
2026-02-10 22:33:00,333 [ERROR] Engine:466 - C:\Users\brady\.stm32cubemx\thirdparties\pdsc\STMicroelectronics.X-CUBE-ST67W61.1.1.0.pdsc: PDSC version is not supported
2026-02-10 22:33:00,348 [WARN] PackLoader:240 - Cannot read IP mode file for STMicroelectronics.X-CUBE-AI.10.1.0
2026-02-10 22:33:00,390 [WARN] PackLoader:240 - Cannot read IP mode file for STMicroelectronics.X-CUBE-MEMS1.12.0.0
2026-02-10 22:33:00,487 [WARN] PackLoader:240 - Cannot read IP mode file for STMicroelectronics.X-CUBE-MEMS1.11.2.0
2026-02-10 22:33:00,565 [WARN] PackLoader:240 - Cannot read IP mode file for STMicroelectronics.X-CUBE-AZRTOS-G0.1.1.0
2026-02-10 22:33:00,591 [WARN] PackLoader:240 - Cannot read IP mode file for STMicroelectronics.X-CUBE-SAFEA1.1.2.2
2026-02-10 22:33:00,607 [WARN] PackLoader:240 - Cannot read IP mode file for STMicroelectronics.X-CUBE-NFC4.3.0.0
2026-02-10 22:33:00,626 [WARN] PackLoader:240 - Cannot read IP mode file for EmbeddedOffice.I-CUBE-FS-RTOS.1.0.1
2026-02-10 22:33:00,626 [ERROR] ConditionMgr:805 - Attr not supported : Dmpu
2026-02-10 22:33:00,626 [ERROR] ConditionMgr:805 - Attr not supported : Dmpu
2026-02-10 22:33:00,626 [ERROR] ConditionMgr:805 - Attr not supported : Dmpu
2026-02-10 22:33:00,626 [ERROR] ConditionMgr:805 - Attr not supported : Dmpu
2026-02-10 22:33:00,626 [ERROR] ConditionMgr:805 - Attr not supported : Dmpu
2026-02-10 22:33:00,626 [ERROR] ConditionMgr:805 - Attr not supported : Dmpu
2026-02-10 22:33:00,626 [ERROR] ConditionMgr:805 - Attr not supported : Dmpu
2026-02-10 22:33:00,626 [ERROR] ConditionMgr:805 - Attr not supported : Dmpu
2026-02-10 22:33:00,626 [ERROR] ConditionMgr:805 - Attr not supported : Dmpu
2026-02-10 22:33:00,626 [ERROR] ConditionMgr:805 - Attr not supported : Dmpu
2026-02-10 22:33:00,626 [ERROR] ConditionMgr:805 - Attr not supported : Dmpu
2026-02-10 22:33:00,626 [ERROR] ConditionMgr:805 - Attr not supported : Dmpu
2026-02-10 22:33:00,626 [ERROR] ConditionMgr:805 - Attr not supported : Dmpu
2026-02-10 22:33:00,626 [ERROR] ConditionMgr:805 - Attr not supported : Dmpu
2026-02-10 22:33:00,626 [ERROR] ConditionMgr:805 - Attr not supported : Dmpu
2026-02-10 22:33:00,626 [ERROR] ConditionMgr:805 - Attr not supported : Dmpu
2026-02-10 22:33:00,626 [ERROR] ConditionMgr:805 - Attr not supported : Dmpu
2026-02-10 22:33:00,626 [ERROR] ConditionMgr:805 - Attr not supported : Dmpu
2026-02-10 22:33:00,626 [ERROR] ConditionMgr:805 - Attr not supported : Dmpu
2026-02-10 22:33:00,626 [ERROR] ConditionMgr:805 - Attr not supported : Dmpu
2026-02-10 22:33:00,626 [ERROR] ConditionMgr:805 - Attr not supported : Dmpu
2026-02-10 22:33:00,626 [ERROR] ConditionMgr:805 - Attr not supported : Dmpu
2026-02-10 22:33:00,626 [ERROR] ConditionMgr:805 - Attr not supported : Dmpu
2026-02-10 22:33:00,626 [ERROR] ConditionMgr:805 - Attr not supported : Dmpu
2026-02-10 22:33:00,626 [ERROR] ConditionMgr:805 - Attr not supported : Dmpu
2026-02-10 22:33:00,626 [ERROR] ConditionMgr:805 - Attr not supported : Dmpu
2026-02-10 22:33:00,626 [ERROR] ConditionMgr:805 - Attr not supported : Dmpu
2026-02-10 22:33:00,626 [ERROR] ConditionMgr:805 - Attr not supported : Dmpu
2026-02-10 22:33:00,626 [ERROR] ConditionMgr:805 - Attr not supported : Dmpu
2026-02-10 22:33:00,626 [ERROR] ConditionMgr:805 - Attr not supported : Dmpu
2026-02-10 22:33:00,626 [ERROR] ConditionMgr:805 - Attr not supported : Dmpu
2026-02-10 22:33:00,626 [ERROR] ConditionMgr:805 - Attr not supported : Dmpu
2026-02-10 22:33:00,626 [ERROR] ConditionMgr:805 - Attr not supported : Dmpu
2026-02-10 22:33:00,626 [ERROR] ConditionMgr:805 - Attr not supported : Dmpu
2026-02-10 22:33:00,626 [ERROR] ConditionMgr:805 - Attr not supported : Dmpu
2026-02-10 22:33:00,626 [ERROR] ConditionMgr:805 - Attr not supported : Dmpu
2026-02-10 22:33:00,626 [ERROR] ConditionMgr:805 - Attr not supported : Dmpu
2026-02-10 22:33:00,626 [ERROR] ConditionMgr:805 - Attr not supported : Dmpu
2026-02-10 22:33:00,626 [ERROR] ConditionMgr:805 - Attr not supported : Dmpu
2026-02-10 22:33:00,626 [ERROR] ConditionMgr:805 - Attr not supported : Dmpu
2026-02-10 22:33:00,626 [ERROR] ConditionMgr:805 - Attr not supported : Dmpu
2026-02-10 22:33:00,626 [ERROR] ConditionMgr:805 - Attr not supported : Dmpu
2026-02-10 22:33:00,626 [ERROR] ConditionMgr:805 - Attr not supported : Dmpu
2026-02-10 22:33:00,626 [ERROR] ConditionMgr:805 - Attr not supported : Dmpu
2026-02-10 22:33:00,626 [ERROR] ConditionMgr:805 - Attr not supported : Dmpu
2026-02-10 22:33:00,626 [ERROR] ConditionMgr:805 - Attr not supported : Dmpu
2026-02-10 22:33:00,626 [ERROR] ConditionMgr:805 - Attr not supported : Dmpu
2026-02-10 22:33:00,626 [ERROR] ConditionMgr:805 - Attr not supported : Dmpu
2026-02-10 22:33:00,626 [ERROR] ConditionMgr:805 - Attr not supported : Dmpu
2026-02-10 22:33:00,626 [ERROR] ConditionMgr:805 - Attr not supported : Dmpu
2026-02-10 22:33:00,626 [ERROR] ConditionMgr:805 - Attr not supported : Dmpu
2026-02-10 22:33:00,626 [ERROR] ConditionMgr:805 - Attr not supported : Dmpu
2026-02-10 22:33:00,626 [ERROR] ConditionMgr:805 - Attr not supported : Dmpu
2026-02-10 22:33:00,626 [ERROR] ConditionMgr:805 - Attr not supported : Dmpu
2026-02-10 22:33:00,626 [ERROR] ConditionMgr:805 - Attr not supported : Dmpu
2026-02-10 22:33:00,626 [ERROR] ConditionMgr:805 - Attr not supported : Dmpu
2026-02-10 22:33:00,626 [ERROR] ConditionMgr:805 - Attr not supported : Dmpu
2026-02-10 22:33:00,626 [ERROR] ConditionMgr:805 - Attr not supported : Dmpu
2026-02-10 22:33:00,626 [ERROR] ConditionMgr:805 - Attr not supported : Dmpu
2026-02-10 22:33:00,626 [ERROR] ConditionMgr:805 - Attr not supported : Dmpu
2026-02-10 22:33:00,626 [ERROR] ConditionMgr:805 - Attr not supported : Dmpu
2026-02-10 22:33:00,626 [ERROR] ConditionMgr:805 - Attr not supported : Dmpu
2026-02-10 22:33:00,626 [ERROR] ConditionMgr:805 - Attr not supported : Dmpu
2026-02-10 22:33:00,626 [ERROR] ConditionMgr:805 - Attr not supported : Dmpu
2026-02-10 22:33:00,648 [WARN] PackLoader:240 - Cannot read IP mode file for STMicroelectronics.X-CUBE-WB05N.2.0.0
2026-02-10 22:33:00,658 [ERROR] Engine:466 - C:\Users\brady\.stm32cubemx\thirdparties\pdsc\STMicroelectronics.X-CUBE-TCPP.4.2.0.pdsc: PDSC version is not supported
2026-02-10 22:33:00,674 [WARN] PackLoader:240 - Cannot read IP mode file for RealThread.X-CUBE-RT-Thread_Nano.4.1.1
2026-02-10 22:33:00,683 [WARN] PackLoader:240 - Cannot read IP mode file for STMicroelectronics.FP-ATR-SIGFOX1.3.2.0
2026-02-10 22:33:00,689 [WARN] PackLoader:240 - Cannot read IP mode file for wolfSSL.I-CUBE-wolfSSL.5.7.2
2026-02-10 22:33:00,705 [WARN] ConditionMgr:438 - getConditionDescription Invalid condition id : Cortex-A Device cause : null
2026-02-10 22:33:00,721 [WARN] ConditionMgr:1039 - genDependencies : Invalid condition id : Cortex-A Device cause : null
2026-02-10 22:33:00,721 [WARN] ConditionMgr:1039 - genDependencies : Invalid condition id : Cortex-A Device cause : null
2026-02-10 22:33:00,721 [WARN] ConditionMgr:1039 - genDependencies : Invalid condition id : Cortex-A Device cause : null
2026-02-10 22:33:00,737 [WARN] PackLoader:240 - Cannot read IP mode file for STMicroelectronics.X-CUBE-EEPRMA1.5.1.0
2026-02-10 22:33:00,768 [WARN] PackLoader:240 - Cannot read IP mode file for ITTIA_DB.I-CUBE-ITTIADB.8.9.0
2026-02-10 22:33:00,768 [WARN] PackLoader:240 - Cannot read IP mode file for STMicroelectronics.X-CUBE-NFC6.3.2.0
2026-02-10 22:33:01,274 [ERROR] Engine:466 - C:\Users\brady\.stm32cubemx\thirdparties\pdsc\STMicroelectronics.X-CUBE-ST67W61.1.0.0.pdsc: PDSC version is not supported
2026-02-10 22:33:01,321 [WARN] PackLoader:240 - Cannot read IP mode file for STMicroelectronics.X-CUBE-AI.10.2.0
2026-02-10 22:33:01,369 [WARN] PackLoader:240 - Cannot read IP mode file for SEGGER.I-CUBE-embOS.1.3.1
2026-02-10 22:33:01,541 [WARN] PackLoader:240 - Cannot read IP mode file for STMicroelectronics.X-CUBE-ALGOBUILD.1.4.0
2026-02-10 22:33:02,901 [WARN] PackLoader:240 - Cannot read IP mode file for STMicroelectronics.X-CUBE-MEMS1.11.3.0
2026-02-10 22:33:02,974 [WARN] PackLoader:240 - Cannot read IP mode file for STMicroelectronics.X-CUBE-AI.9.1.0
2026-02-10 22:33:02,977 [WARN] PackLoader:240 - Cannot read IP mode file for STMicroelectronics.X-CUBE-PM33A1.1.0.0
2026-02-10 22:33:03,011 [WARN] PackLoader:240 - Cannot read IP mode file for STMicroelectronics.X-CUBE-GNSS1.6.0.0
2026-02-10 22:33:03,043 [WARN] PackLoader:240 - Cannot read IP mode file for STMicroelectronics.X-CUBE-AZRTOS-F4.1.1.0
2026-02-10 22:33:03,045 [ERROR] Engine:466 - C:\Users\brady\.stm32cubemx\thirdparties\pdsc\Avnet-IotConnect.X-CUBE-IoTC-DA16k-PMOD.1.0.0.pdsc: PDSC version is not supported
2026-02-10 22:33:03,072 [WARN] PackLoader:240 - Cannot read IP mode file for STMicroelectronics.X-CUBE-ISPU.2.1.0
2026-02-10 22:33:03,075 [ERROR] Engine:466 - C:\Users\brady\.stm32cubemx\thirdparties\pdsc\STMicroelectronics.X-CUBE-IPS.3.2.0.pdsc: PDSC version is not supported
2026-02-10 22:33:03,100 [WARN] PackLoader:240 - Cannot read IP mode file for STMicroelectronics.X-CUBE-FREERTOS.1.2.0
2026-02-10 22:33:03,117 [WARN] PackLoader:240 - Cannot read IP mode file for STMicroelectronics.X-CUBE-NFC12.1.0.0
2026-02-10 22:33:03,133 [WARN] PackLoader:240 - Cannot read IP mode file for STMicroelectronics.X-CUBE-AZRTOS-L5.2.0.0
2026-02-10 22:33:03,149 [WARN] PackLoader:240 - Cannot read IP mode file for STMicroelectronics.X-CUBE-NFC6.3.1.0
2026-02-10 22:33:03,170 [WARN] PackLoader:240 - Cannot read IP mode file for STMicroelectronics.X-CUBE-DPower.1.2.0
2026-02-10 22:33:03,174 [WARN] PackLoader:240 - Cannot read IP mode file for STMicroelectronics.X-CUBE-AI.9.0.0
2026-02-10 22:33:03,197 [WARN] PackLoader:240 - Cannot read IP mode file for STMicroelectronics.X-CUBE-FREERTOS.1.3.1
2026-02-10 22:33:03,215 [WARN] PackLoader:240 - Cannot read IP mode file for STMicroelectronics.X-CUBE-FREERTOS.1.3.0
2026-02-10 22:33:03,218 [WARN] PackLoader:240 - Cannot read IP mode file for STMicroelectronics.X-CUBE-NFC7.1.0.1
2026-02-10 22:33:03,237 [WARN] PackLoader:240 - Cannot read IP mode file for STMicroelectronics.X-CUBE-TOUCHGFX.4.26.0
2026-02-10 22:33:03,245 [ERROR] Engine:466 - C:\Users\brady\.stm32cubemx\thirdparties\pdsc\STMicroelectronics.FP-SNS-STAIOTCFT.1.0.0.pdsc: PDSC version is not supported
2026-02-10 22:33:03,261 [INFO] WebApp:167 - Instantiating new browser for Auth
2026-02-10 22:33:03,261 [WARN] PackLoader:240 - Cannot read IP mode file for STMicroelectronics.X-CUBE-DPower.1.3.0
2026-02-10 22:33:03,356 [WARN] ConditionMgr:438 - getConditionDescription Invalid condition id : LAN8742 Phy interface Condition cause : null
2026-02-10 22:33:03,356 [WARN] PackLoader:240 - Cannot read IP mode file for STMicroelectronics.X-CUBE-AZRTOS-L4.2.0.0
2026-02-10 22:33:03,356 [WARN] ConditionMgr:1039 - genDependencies : Invalid condition id : LAN8742 Phy interface Condition cause : null
2026-02-10 22:33:03,356 [WARN] ConditionMgr:1039 - genDependencies : Invalid condition id : LAN8742 Phy interface Condition cause : null
2026-02-10 22:33:03,356 [WARN] ConditionMgr:1039 - genDependencies : Invalid condition id : LAN8742 Phy interface Condition cause : null
2026-02-10 22:33:03,372 [WARN] PackLoader:240 - Cannot read IP mode file for STMicroelectronics.X-CUBE-SFXS2LP1.4.0.0
2026-02-10 22:33:03,372 [ERROR] Engine:466 - C:\Users\brady\.stm32cubemx\thirdparties\pdsc\STMicroelectronics.X-CUBE-ST67W61.1.2.0.pdsc: PDSC version is not supported
2026-02-10 22:33:03,403 [WARN] PackLoader:240 - Cannot read IP mode file for STMicroelectronics.X-CUBE-AZRTOS-H7.3.3.0
2026-02-10 22:33:03,420 [ERROR] Engine:466 - C:\Users\brady\.stm32cubemx\thirdparties\pdsc\STMicroelectronics.X-CUBE-BLEMGR.4.1.0.pdsc: PDSC version is not supported
2026-02-10 22:33:03,437 [WARN] PackLoader:240 - Cannot read IP mode file for STMicroelectronics.X-CUBE-IPS.3.0.0
2026-02-10 22:33:03,455 [WARN] ConditionMgr:438 - getConditionDescription Invalid condition id : UX DEVICE CLASS RTOS Condition cause : null
2026-02-10 22:33:03,455 [WARN] ConditionMgr:438 - getConditionDescription Invalid condition id : UX DEVICE CLASS RTOS Condition cause : null
2026-02-10 22:33:03,456 [WARN] PackLoader:240 - Cannot read IP mode file for STMicroelectronics.X-CUBE-AZRTOS-WB.2.0.0
2026-02-10 22:33:03,456 [WARN] ConditionMgr:1039 - genDependencies : Invalid condition id : UX DEVICE CLASS RTOS Condition cause : null
2026-02-10 22:33:03,456 [WARN] ConditionMgr:1039 - genDependencies : Invalid condition id : UX DEVICE CLASS RTOS Condition cause : null
2026-02-10 22:33:03,456 [WARN] ConditionMgr:1039 - genDependencies : Invalid condition id : UX DEVICE CLASS RTOS Condition cause : null
2026-02-10 22:33:03,456 [WARN] ConditionMgr:1039 - genDependencies : Invalid condition id : UX DEVICE CLASS RTOS Condition cause : null
2026-02-10 22:33:03,456 [WARN] ConditionMgr:1039 - genDependencies : Invalid condition id : UX DEVICE CLASS RTOS Condition cause : null
2026-02-10 22:33:03,460 [WARN] PackLoader:240 - Cannot read IP mode file for STMicroelectronics.X-CUBE-GNSS1.7.0.0
2026-02-10 22:33:03,477 [WARN] PackLoader:240 - Cannot read IP mode file for STMicroelectronics.X-CUBE-GNSS1.7.0.1
2026-02-10 22:33:03,480 [WARN] PackLoader:240 - Cannot read IP mode file for STMicroelectronics.X-CUBE-TOUCHGFX.4.25.0
2026-02-10 22:33:03,493 [WARN] PackLoader:240 - Cannot read IP mode file for STMicroelectronics.FP-SNS-STBOX1.2.0.0
2026-02-10 22:33:03,510 [WARN] PackLoader:240 - Cannot read IP mode file for STMicroelectronics.X-CUBE-STSE01.2.0.0
2026-02-10 22:33:03,527 [WARN] PackLoader:240 - Cannot read IP mode file for STMicroelectronics.X-CUBE-SUBG2.5.0.0
2026-02-10 22:33:03,544 [WARN] PackLoader:240 - Cannot read IP mode file for STMicroelectronics.X-CUBE-AZRTOS-H7RS.1.1.0
2026-02-10 22:33:03,570 [WARN] PackLoader:240 - Cannot read IP mode file for Cesanta.I-CUBE-Mongoose.7.13.0
2026-02-10 22:33:03,577 [WARN] PackLoader:240 - Cannot read IP mode file for STMicroelectronics.X-CUBE-AZRTOS-G4.2.0.0
2026-02-10 22:33:03,593 [WARN] PackLoader:240 - Cannot read IP mode file for STMicroelectronics.X-CUBE-NFC7.2.0.0
2026-02-10 22:33:03,612 [WARN] PackLoader:240 - Cannot read IP mode file for STMicroelectronics.X-CUBE-ISPU.2.0.0
2026-02-10 22:33:03,624 [ERROR] Engine:466 - C:\Users\brady\.stm32cubemx\thirdparties\pdsc\STMicroelectronics.X-CUBE-IPS.3.1.0.pdsc: PDSC version is not supported
2026-02-10 22:33:03,636 [WARN] PackLoader:240 - Cannot read IP mode file for STMicroelectronics.X-CUBE-ALS.1.0.2
2026-02-10 22:33:03,643 [WARN] PackLoader:240 - Cannot read IP mode file for STMicroelectronics.X-CUBE-TOUCHGFX.4.24.0
2026-02-10 22:33:03,659 [WARN] PackLoader:240 - Cannot read IP mode file for STMicroelectronics.X-CUBE-TOUCHGFX.4.24.2
2026-02-10 22:33:03,659 [WARN] PackLoader:240 - Cannot read IP mode file for STMicroelectronics.X-CUBE-TOUCHGFX.4.24.1
2026-02-10 22:33:03,674 [WARN] PackLoader:240 - Cannot read IP mode file for STMicroelectronics.X-CUBE-STSE01.1.0.0
2026-02-10 22:33:03,683 [WARN] PackLoader:240 - Cannot read IP mode file for wolfSSL.I-CUBE-wolfTPM.3.4.0
2026-02-10 22:33:03,704 [WARN] PackLoader:240 - Cannot read IP mode file for portGmbH.I-Cube-SoM-uGOAL.1.1.0
2026-02-10 22:33:03,724 [WARN] PackLoader:240 - Cannot read IP mode file for STMicroelectronics.X-CUBE-AZRTOS-H7RS.1.0.0
2026-02-10 22:33:03,726 [WARN] PackLoader:240 - Cannot read IP mode file for STMicroelectronics.FP-ATR-ASTRA1.2.0.0
2026-02-10 22:33:03,741 [WARN] PackLoader:240 - Cannot read IP mode file for STMicroelectronics.X-CUBE-TOF1.3.4.2
2026-02-10 22:33:03,765 [ERROR] Engine:466 - C:\Users\brady\.stm32cubemx\thirdparties\pdsc\STMicroelectronics.X-CUBE-TOF1.3.4.3.pdsc: PDSC version is not supported
2026-02-10 22:33:03,792 [WARN] PackLoader:240 - Cannot read IP mode file for Infineon.AIROC-Wi-Fi-Bluetooth-STM32.1.6.1
2026-02-10 22:33:03,810 [WARN] PackLoader:240 - Cannot read IP mode file for wolfSSL.I-CUBE-wolfSSH.1.4.17
2026-02-10 22:33:03,810 [INFO] ThirdParty:978 - Integrity check success = true
2026-02-10 22:33:03,810 [INFO] IntegrityCheckThread:100 - exiting critical section [integrity check]
2026-02-10 22:33:03,810 [INFO] IntegrityCheckThread:103 - End integrity checks thread
2026-02-10 22:33:03,890 [INFO] WebApp:448 - Apply proxy settings
2026-02-10 22:33:03,891 [INFO] WebApp:533 - Chromium requires no authentication
2026-02-10 22:33:03,899 [INFO] WebApp:476 - Direct internet connection detected
2026-02-10 22:33:03,910 [INFO] WebApp:869 - Register for checkConnection events
2026-02-10 22:33:03,910 [INFO] WebApp:448 - Apply proxy settings
2026-02-10 22:33:03,910 [INFO] WebApp:533 - Chromium requires no authentication
2026-02-10 22:33:03,910 [INFO] WebApp:476 - Direct internet connection detected
2026-02-10 22:33:04,061 [INFO] WebApp:220 - Starting web application
2026-02-10 22:33:04,061 [INFO] WebApp:578 - Web application path used C:\ST\STM32CubeIDE_1.16.0\STM32CubeIDE\plugins\com.st.stm32cube.common.mx_6.12.0.202406281431\db\plugins\mcufinder\reactClient1\index.html
2026-02-10 22:33:04,094 [INFO] WebApp:186 - Connection restablished
2026-02-10 22:56:35,749 [INFO] McuFinderGlobals:63 - Set McuFinder mode to 2 (CubeIDE integrated)
2026-02-10 22:56:35,775 [INFO] MainUpdater:2873 - connection check result : 10
2026-02-10 22:56:35,781 [INFO] MainUpdater:2873 - connection check result : 10
2026-02-10 22:56:35,915 [INFO] RulesReader:64 - Compatibility file has been processed (297 Rules)
2026-02-10 22:56:35,950 [INFO] RulesReader:64 - Compatibility file has been processed (297 Rules)
2026-02-10 22:56:35,960 [INFO] MicroXplorer:468 - Change Database Path : 
2026-02-10 22:56:35,961 [INFO] MicroXplorer:498 - Change Database Version : DB.6.0.120
2026-02-10 22:56:35,977 [WARN] ThirdParty:871 - waiting for thirdparty lock release [close project]
2026-02-10 22:56:35,978 [INFO] ThirdParty:873 - entering critical section [close project]
2026-02-10 22:56:35,980 [INFO] ThirdParty:883 - exiting critical section [close project]
2026-02-10 22:56:35,986 [INFO] PinOutPanel:1561 - setPackage(No Configuration,No Configuration)
2026-02-10 22:56:35,991 [INFO] UtilMem:75 - Begin LoadConfig() Used Memory: 712920328 Bytes (1073741824)
2026-02-10 22:56:35,993 [INFO] MicroXplorer:468 - Change Database Path : 
2026-02-10 22:56:35,993 [INFO] MicroXplorer:498 - Change Database Version : DB.6.0.120
2026-02-10 22:56:35,993 [INFO] OpenFileManager:332 - Change cursor
2026-02-10 22:56:36,034 [INFO] Mcu:2032 - Initializing MCU STM32H743VGTx STM32H743VGTx STM32H743VGT6
2026-02-10 22:56:38,736 [INFO] Context:742 - Trying to add GPIOservice into a context  which must be forbidden
2026-02-10 22:56:40,113 [INFO] RtosManager:555 - Registered RTOS mode: class=CMSIS, group=RTOS, mode=CMSIS_V1, owner=FREERTOS
2026-02-10 22:56:40,114 [INFO] RtosManager:555 - Registered RTOS mode: class=CMSIS, group=RTOS2, mode=CMSIS_V2, owner=FREERTOS
2026-02-10 22:56:40,114 [INFO] RtosManager:555 - Registered RTOS mode: class=RTOS, group=Core, mode=CMSIS_V1, owner=FREERTOS
2026-02-10 22:56:40,114 [INFO] RtosManager:555 - Registered RTOS mode: class=RTOS, group=Core, mode=CMSIS_V2, owner=FREERTOS
2026-02-10 22:56:40,114 [WARN] ModelIntegratedComponent:184 - Missing modes for component STMicroelectronics:FreeRTOS:0.0.1:STMicroelectronics:RTOS:FreeRTOS:Core:::10.2.0:
2026-02-10 22:56:40,120 [WARN] ModelIntegratedComponent:63 - No mode defined for component null
2026-02-10 22:56:40,120 [WARN] ModelIntegratedComponent:63 - No mode defined for component null
2026-02-10 22:56:40,120 [WARN] ModelIntegratedComponent:63 - No mode defined for component null
2026-02-10 22:56:40,120 [WARN] ModelIntegratedComponent:63 - No mode defined for component null
2026-02-10 22:56:40,120 [WARN] ModelIntegratedComponent:63 - No mode defined for component null
2026-02-10 22:56:40,120 [WARN] ModelIntegratedComponent:63 - No mode defined for component null
2026-02-10 22:56:40,120 [WARN] ModelIntegratedComponent:63 - No mode defined for component null
2026-02-10 22:56:40,120 [WARN] ModelIntegratedComponent:63 - No mode defined for component null
2026-02-10 22:56:40,120 [WARN] ModelIntegratedComponent:63 - No mode defined for component null
2026-02-10 22:56:40,120 [WARN] ModelIntegratedComponent:63 - No mode defined for component null
2026-02-10 22:56:40,120 [WARN] ModelIntegratedComponent:63 - No mode defined for component null
2026-02-10 22:56:40,121 [WARN] ModelIntegratedComponent:63 - No mode defined for component null
2026-02-10 22:56:40,121 [WARN] ModelIntegratedComponent:63 - No mode defined for component null
2026-02-10 22:56:40,121 [WARN] ModelIntegratedComponent:63 - No mode defined for component null
2026-02-10 22:56:40,121 [WARN] ModelIntegratedComponent:63 - No mode defined for component null
2026-02-10 22:56:40,121 [WARN] ModelIntegratedComponent:63 - No mode defined for component null
2026-02-10 22:56:40,121 [WARN] ModelIntegratedComponent:63 - No mode defined for component null
2026-02-10 22:56:40,121 [WARN] ModelIntegratedComponent:63 - No mode defined for component null
2026-02-10 22:56:40,121 [WARN] ModelIntegratedComponent:63 - No mode defined for component null
2026-02-10 22:56:40,121 [WARN] ModelIntegratedComponent:63 - No mode defined for component null
2026-02-10 22:56:40,121 [WARN] ModelIntegratedComponent:63 - No mode defined for component null
2026-02-10 22:56:40,121 [WARN] ModelIntegratedComponent:63 - No mode defined for component null
2026-02-10 22:56:40,121 [WARN] ModelIntegratedComponent:63 - No mode defined for component null
2026-02-10 22:56:40,121 [WARN] ModelIntegratedComponent:63 - No mode defined for component null
2026-02-10 22:56:40,121 [WARN] ModelIntegratedComponent:63 - No mode defined for component null
2026-02-10 22:56:40,121 [WARN] ModelIntegratedComponent:63 - No mode defined for component null
2026-02-10 22:56:40,121 [WARN] ModelIntegratedComponent:63 - No mode defined for component null
2026-02-10 22:56:40,121 [WARN] ModelIntegratedComponent:63 - No mode defined for component null
2026-02-10 22:56:40,121 [WARN] ModelIntegratedComponent:63 - No mode defined for component null
2026-02-10 22:56:40,121 [WARN] ModelIntegratedComponent:63 - No mode defined for component null
2026-02-10 22:56:40,121 [WARN] ModelIntegratedComponent:63 - No mode defined for component null
2026-02-10 22:56:40,121 [WARN] ModelIntegratedComponent:63 - No mode defined for component null
2026-02-10 22:56:40,121 [WARN] ModelIntegratedComponent:63 - No mode defined for component null
2026-02-10 22:56:40,121 [WARN] ModelIntegratedComponent:63 - No mode defined for component null
2026-02-10 22:56:40,121 [WARN] ModelIntegratedComponent:63 - No mode defined for component null
2026-02-10 22:56:40,121 [WARN] ModelPack:524 - Component already loaded: STMicroelectronics:HAL Drivers:0.0.0:STMicroelectronics:Device:STMicro_Driver:XSPI:HAL::0.0.1:HAL_XSPI
2026-02-10 22:56:40,292 [INFO] ThirdPartyModel:298 - Start build external matchings
2026-02-10 22:56:40,971 [INFO] ThirdPartyModel:316 - End build external matchings
2026-02-10 22:56:40,996 [INFO] ImportTextPane:205 - (OptionalMessage_ERROR) IP (RCC) : Invalid parameter (FamilyName)
2026-02-10 22:56:40,996 [INFO] ImportTextPane:205 - (OptionalMessage_ERROR) IP (RCC) : Parameter (I2C4Freq_Value) has invalid value (64000000)
2026-02-10 22:56:40,996 [INFO] ImportTextPane:205 - (OptionalMessage_ERROR) IP (RCC) : Parameter (LPTIM2Freq_Value) has invalid value (64000000)
2026-02-10 22:56:40,996 [INFO] ImportTextPane:205 - (OptionalMessage_ERROR) IP (RCC) : Parameter (LPTIM345Freq_Value) has invalid value (64000000)
2026-02-10 22:56:40,996 [INFO] ImportTextPane:205 - (OptionalMessage_ERROR) IP (RCC) : Parameter (LPUART1Freq_Value) has invalid value (64000000)
2026-02-10 22:56:40,996 [INFO] ImportTextPane:205 - (OptionalMessage_ERROR) IP (RCC) : Parameter (LTDCFreq_Value) has invalid value (50390625)
2026-02-10 22:56:40,996 [INFO] ImportTextPane:205 - (OptionalMessage_ERROR) IP (RCC) : Parameter (SPI45Freq_Value) has invalid value (64000000)
2026-02-10 22:56:40,996 [INFO] ImportTextPane:205 - (OptionalMessage_ERROR) IP (RCC) : Parameter (SPI6Freq_Value) has invalid value (64000000)
2026-02-10 22:56:40,996 [INFO] ImportTextPane:205 - (OptionalMessage_ERROR) IP (RCC) : Parameter (USART16Freq_Value) has invalid value (64000000)
2026-02-10 22:56:41,479 [INFO] ApiDb:581 - Connected to CubeFinder SQLite database (C:\Users\brady\.stmcufinder\plugins\mcufinder\mcu\cube-finder-db.db)
2026-02-10 22:56:41,540 [INFO] ApiDb:668 - CubeFinder database Data Model version=2.1
2026-02-10 22:56:41,540 [INFO] ApiDb:669 - CubeFinder database Configuration version=3.0.39
2026-02-10 22:56:41,540 [INFO] ApiDb:670 - CubeFinder database generation date=2025-12-22 (1766407740)
2026-02-10 22:56:41,540 [INFO] ApiDb:671 - CubeFinder database FW Pack versions=[FP-ATR-ASTRA1_V2.0.0, FP-SNS-FLIGHT1_V5.1.0, FP-SNS-MOTENV1_V5.1.0, FP-SNS-MOTENVWB1_V1.4.0, FP-SNS-SMARTAG2_V1.2.0, FP-SNS-STBOX1_V2.1.0, STM32Cube_FW_C0_V1.4.0, STM32Cube_FW_F4_V1.28.3, STM32Cube_FW_F7_V1.17.4, STM32Cube_FW_G0_V1.6.2, STM32Cube_FW_G4_V1.6.1, STM32Cube_FW_H5_V1.5.1, STM32Cube_FW_H7RS_V1.3.0, STM32Cube_FW_H7_V1.12.1, STM32Cube_FW_L0_V1.12.2, STM32Cube_FW_L4_V1.18.1, STM32Cube_FW_L5_V1.6.0, STM32Cube_FW_N6_V1.3.0, STM32Cube_FW_U0_V1.3.0, STM32Cube_FW_U3_V1.2.1, STM32Cube_FW_U5_V1.8.0, STM32Cube_FW_WB0_V1.4.0, STM32Cube_FW_WBA_V1.8.0, STM32Cube_FW_WB_V1.24.0, STM32Cube_FW_WL3_V1.3.0, STM32Cube_FW_WL_V1.4.0, X-CUBE-ALGOBUILD_V1.4.0, X-CUBE-ALS_V1.0.2, X-CUBE-AZRTOS-F4_V1.1.0, X-CUBE-AZRTOS-F7_V1.1.0, X-CUBE-AZRTOS-G0_V1.1.0, X-CUBE-AZRTOS-G4_V2.0.0, X-CUBE-AZRTOS-H7RS_V1.1.0, X-CUBE-AZRTOS-H7_V3.4.0, X-CUBE-AZRTOS-L4_V2.0.0, X-CUBE-AZRTOS-L5_V2.0.0, X-CUBE-AZRTOS-WB_V2.0.0, X-CUBE-AZRTOS-WL_V2.0.0, X-CUBE-BLE1_V7.1.0, X-CUBE-BLE2_V3.3.0, X-CUBE-BLEMGR_V4.1.0, X-CUBE-EEPRMA1_V5.2.0, X-CUBE-FREERTOS_V1.3.1, X-CUBE-GNSS1_V6.0.0, X-CUBE-MEMS1_V12.0.0, X-CUBE-NFC4_V3.0.0, X-CUBE-NFC7_V2.0.0, X-CUBE-SFXS2LP1_V4.0.0, X-CUBE-ST67W61_V1.1.0, X-CUBE-SUBG2_V5.0.0, X-CUBE-TOF1_V3.4.3]
2026-02-10 22:56:41,617 [INFO] DbBoardsSqlite:226 - include board P-NUCLEO-WB55-NUCLEO as a kit item of type 'Nucleo-64'
2026-02-10 22:56:41,617 [INFO] DbBoardsSqlite:226 - include board P-NUCLEO-WB55-USBDONGLE as a kit item of type 'Nucleo USB Dongle'
2026-02-10 22:56:41,617 [INFO] DbBoardsSqlite:226 - include board STEVAL-IDP005V1 as a kit item of type 'Evaluation Board'
2026-02-10 22:56:41,617 [INFO] DbBoardsSqlite:226 - include board STEVAL-IDP005V2 as a kit item of type 'Evaluation Board'
2026-02-10 22:56:41,916 [INFO] ApiDb:240 - Found 646 in-development CPN: [B-G473E-ZEST1S, B-WB1M-WPAN1, B-WL5M-SUBG1, NUCLEO-C031C6, NUCLEO-C071RB, NUCLEO-H503RB, NUCLEO-H533RE, NUCLEO-H563ZI, NUCLEO-H7S3L8, NUCLEO-U031R8, NUCLEO-U083RC, NUCLEO-U545RE-Q, NUCLEO-U5A5ZJ-Q, NUCLEO-WB05KZ, NUCLEO-WB07CC, NUCLEO-WB09KE, NUCLEO-WBA52CG, NUCLEO-WBA55CG, STEVAL-PROTEUS1, STEVAL-SMARTAG2, STEVAL-STWINBX1, STM320518-EVAL, STM32C0116-DK, STM32C011D6Y3TR, STM32C011D6Y6TR, STM32C011F4P3, STM32C011F4P6, STM32C011F4U3, STM32C011F4U6TR, STM32C011F6P3, STM32C011F6P6, STM32C011F6U3, STM32C011F6U6TR, STM32C011J4M3, STM32C011J4M6, STM32C011J6M3, STM32C011J6M6, STM32C0316-DK, STM32C031C4T3, STM32C031C4T6, STM32C031C4U3, STM32C031C4U6, STM32C031C6T3, STM32C031C6T6, STM32C031C6U3, STM32C031C6U6, STM32C031F4P3, STM32C031F4P6, STM32C031F6P3, STM32C031F6P6, STM32C031G4U3, STM32C031G4U6, STM32C031G6U3, STM32C031G6U6, STM32C031K4T3, STM32C031K4T6, STM32C031K4U3, STM32C031K4U6, STM32C031K6T3, STM32C031K6T6, STM32C031K6U3, STM32C031K6U6, STM32C071C8T6, STM32C071C8T6N, STM32C071C8U6, STM32C071C8U6N, STM32C071CBT6, STM32C071CBT6N, STM32C071CBU6, STM32C071CBU6N, STM32C071F8P6, STM32C071F8P6N, STM32C071FBP6, STM32C071FBP6N, STM32C071FBY6TR, STM32C071G8U6, STM32C071G8U6N, STM32C071GBU6, STM32C071GBU6N, STM32C071K8T6, STM32C071K8T6N, STM32C071K8U6, STM32C071K8U6N, STM32C071KBT6, STM32C071KBT6N, STM32C071KBU6, STM32C071KBU6N, STM32C071R8T6, STM32C071R8T6N, STM32C071RBI6N, STM32C071RBT6, STM32C071RBT6N, STM32G071K8TXN, STM32G071K8UXN, STM32G081GBU6N, STM32G081KBT6N, STM32G081KBUXN, STM32G0B1CCT6N, STM32G0B1KCT6, STM32G0B1NEY6TR, STM32G0B1RCT6N, STM32G0C1CCT6, STM32G0C1CCT6N, STM32G0C1CCU6N, STM32G0C1CET6N, STM32G0C1CEU6N, STM32G0C1KCT6, STM32G0C1NEY6TR, STM32G0C1RCI6N, STM32G0C1RCT6N, STM32G0C1REI6N, STM32G0C1RET6N, STM32G0C1VCI6, STM32G0C1VEI6, STM32G411C6T3, STM32G411C6T6, STM32G411C6U3, STM32G411C6U6, STM32G411C8T3, STM32G411C8T6, STM32G411C8U3, STM32G411C8U6, STM32G411CBT3, STM32G411CBT6, STM32G411CBU3, STM32G411CBU6, STM32G411K6T3, STM32G411K6T6, STM32G411K6U3, STM32G411K6U6, STM32G411K8T3, STM32G411K8T6, STM32G411K8U3, STM32G411K8U6, STM32G411KBT3, STM32G411KBT6, STM32G411KBU3, STM32G411KBU6, STM32G411M6T3, STM32G411M6T6, STM32G411M8T3, STM32G411M8T6, STM32G411MBT3, STM32G411MBT6, STM32G411R6T3, STM32G411R6T6, STM32G411R8T3, STM32G411R8T6, STM32G411RBT3, STM32G411RBT6, STM32G414CBT3, STM32G414CBT6, STM32G414CBU3, STM32G414CBU6, STM32G414CCT3, STM32G414CCT6, STM32G414CCU3, STM32G414CCU6, STM32G414MBT3, STM32G414MBT6, STM32G414MCT3, STM32G414MCT6, STM32G414RBT3, STM32G414RBT6, STM32G414RCT3, STM32G414RCT6, STM32G414VBT3, STM32G414VBT6, STM32G414VCT3, STM32G414VCT6, STM32G431CBT3Z, STM32G431RBT3Z, STM32G471CCT6, STM32G471CCU6, STM32G471CET3, STM32G471CET6, STM32G471CEU3, STM32G471CEU6, STM32G471MCT6, STM32G471MET3, STM32G471MET6, STM32G471MEY6TR, STM32G471QCT6, STM32G471QET3, STM32G471RCT6, STM32G471RET3, STM32G471RET6, STM32G471VCH6, STM32G471VCI6, STM32G471VCT6, STM32G471VEH3, STM32G471VEH6, STM32G471VEI3, STM32G471VEI6, STM32G471VET3, STM32G471VET6, STM32G473QET3Z, STM32G473RET3Z, STM32G474CCT6, STM32G491RET3Z, STM32H503CBT6, STM32H503CBU6, STM32H503EBY6TR, STM32H503KBU6, STM32H503RBT6, STM32H523CCT6, STM32H523CCU6, STM32H523CET6, STM32H523CEU6, STM32H523HEY6TR, STM32H523RCT6, STM32H523RET6, STM32H523VCI6, STM32H523VCT6, STM32H523VEI6, STM32H523VET6, STM32H523ZCJ6, STM32H523ZCT6, STM32H523ZEJ6, STM32H523ZET6, STM32H533CET6, STM32H533CEU6, STM32H533HEY6TR, STM32H533RET6, STM32H533VEI6, STM32H533VET6, STM32H533ZEJ6, STM32H533ZET6, STM32H562AGI6, STM32H562AII6, STM32H562IGK6, STM32H562IGT6, STM32H562IIK6, STM32H562IIT6, STM32H562RGT6, STM32H562RGV6, STM32H562RIT6, STM32H562RIV6, STM32H562VGT6, STM32H562VIT6, STM32H562ZGT6, STM32H562ZIT6, STM32H563AGI6, STM32H563AII3Q, STM32H563AII6, STM32H563IGK6, STM32H563IGT6, STM32H563IIK3Q, STM32H563IIK6, STM32H563IIT3Q, STM32H563IIT6, STM32H563MIY3QTR, STM32H563RGT6, STM32H563RGV6, STM32H563RIT6, STM32H563RIV6, STM32H563VGT6, STM32H563VIT3Q, STM32H563VIT6, STM32H563ZGT6, STM32H563ZIT3Q, STM32H563ZIT6, STM32H573AII3Q, STM32H573AII6, STM32H573I-DK, STM32H573IIK3Q, STM32H573IIK6, STM32H573IIT3Q, STM32H573IIT6, STM32H573MIY3QTR, STM32H573RIT6, STM32H573RIV6, STM32H573VIT3Q, STM32H573VIT6, STM32H573ZIT3Q, STM32H573ZIT6, STM32H7R3A8I6, STM32H7R3I8K6, STM32H7R3I8T6, STM32H7R3L8H6, STM32H7R3L8H6H, STM32H7R3R8V6, STM32H7R3V8H6, STM32H7R3V8T6, STM32H7R3V8Y6TR, STM32H7R3Z8J6, STM32H7R3Z8T6, STM32H7R7A8I6, STM32H7R7I8K6, STM32H7R7I8T6, STM32H7R7L8H6, STM32H7R7L8H6H, STM32H7R7Z8J6, STM32H7S3A8I6, STM32H7S3I8K6, STM32H7S3I8T6, STM32H7S3L8H6, STM32H7S3L8H6H, STM32H7S3R8V6, STM32H7S3V8H6, STM32H7S3V8T6, STM32H7S3V8Y6TR, STM32H7S3Z8J6, STM32H7S3Z8T6, STM32H7S78-DK, STM32H7S7A8I6, STM32H7S7I8K6, STM32H7S7I8T6, STM32H7S7L8H6, STM32H7S7L8H6H, STM32H7S7Z8J6, STM32L4R5QGI6STR, STM32MP131AAE3, STM32MP131AAF3, STM32MP131AAG3, STM32MP131CAE3, STM32MP131CAF3, STM32MP131CAG3, STM32MP131DAE7, STM32MP131DAF7, STM32MP131DAG7, STM32MP131FAE7, STM32MP131FAF7, STM32MP131FAG7, STM32MP133AAE3, STM32MP133AAF3, STM32MP133AAG3, STM32MP133CAE3, STM32MP133CAF3, STM32MP133CAG3, STM32MP133DAE7, STM32MP133DAF7, STM32MP133DAG7, STM32MP133FAE7, STM32MP133FAF7, STM32MP133FAG7, STM32MP135AAE3, STM32MP135AAF3, STM32MP135AAG3, STM32MP135CAE3, STM32MP135CAF3, STM32MP135CAG3, STM32MP135DAE7, STM32MP135DAF7, STM32MP135DAG7, STM32MP135F-DK, STM32MP135FAE7, STM32MP135FAF7, STM32MP135FAF7T, STM32MP135FAF7U, STM32MP135FAG7, STM32MP251AAI3, STM32MP251AAK3, STM32MP251AAL3, STM32MP251CAI3, STM32MP251CAK3, STM32MP251CAL3, STM32MP251DAI3, STM32MP251DAK3, STM32MP251DAL3, STM32MP251FAI3, STM32MP251FAK3, STM32MP251FAL3, STM32MP253AAI3, STM32MP253AAK3, STM32MP253AAL3, STM32MP253CAI3, STM32MP253CAK3, STM32MP253CAL3, STM32MP253DAI3, STM32MP253DAK3, STM32MP253DAL3, STM32MP253FAI3, STM32MP253FAK3, STM32MP253FAL3, STM32MP255AAI3, STM32MP255AAK3, STM32MP255AAL3, STM32MP255CAI3, STM32MP255CAK3, STM32MP255CAL3, STM32MP255DAI3, STM32MP255DAK3, STM32MP255DAL3, STM32MP255FAI3, STM32MP255FAK3, STM32MP255FAL3, STM32MP257AAI3, STM32MP257AAK3, STM32MP257AAL3, STM32MP257CAI3, STM32MP257CAK3, STM32MP257CAL3, STM32MP257DAI3, STM32MP257DAK3, STM32MP257DAL3, STM32MP257F-DK, STM32MP257F-EV1, STM32MP257FAI3, STM32MP257FAK3, STM32MP257FAL3, STM32U031C6T6, STM32U031C6U6, STM32U031C8T6, STM32U031C8U6, STM32U031F4P6, STM32U031F6P6, STM32U031F8P6, STM32U031G6Y6TR, STM32U031G8Y6TR, STM32U031K4U6, STM32U031K6U6, STM32U031K8U6, STM32U031R6I6, STM32U031R6T6, STM32U031R8I6, STM32U031R8T6, STM32U073C8T6, STM32U073C8U6, STM32U073CBT6, STM32U073CBU6, STM32U073CCT6, STM32U073CCU6, STM32U073H8Y6TR, STM32U073HBY6TR, STM32U073HCY6TR, STM32U073K8U6, STM32U073KBU6, STM32U073KCU6, STM32U073M8I6, STM32U073M8T6, STM32U073MBI6, STM32U073MBT6, STM32U073MCI6, STM32U073MCT6, STM32U073R8I6, STM32U073R8T6, STM32U073RBI6, STM32U073RBT6, STM32U073RCI6, STM32U073RCT6, STM32U083C-DK, STM32U083CCT6, STM32U083CCU6, STM32U083HCY6TR, STM32U083KCU6, STM32U083MCI6, STM32U083MCT6, STM32U083RCI6, STM32U083RCT6, STM32U535CBT6, STM32U535CBT6Q, STM32U535CBU6, STM32U535CBU6Q, STM32U535CCT6, STM32U535CCT6Q, STM32U535CCU6, STM32U535CCU6Q, STM32U535CET6, STM32U535CET6Q, STM32U535CEU6, STM32U535CEU6Q, STM32U535JEY6QTR, STM32U535NCY6QTR, STM32U535NEY6QTR, STM32U535RBI6, STM32U535RBI6Q, STM32U535RBT6, STM32U535RBT6Q, STM32U535RCI6, STM32U535RCI6Q, STM32U535RCT6, STM32U535RCT6Q, STM32U535REI6, STM32U535REI6Q, STM32U535RET6, STM32U535RET6Q, STM32U535VCI6, STM32U535VCI6Q, STM32U535VCT6, STM32U535VCT6Q, STM32U535VEI6, STM32U535VEI6Q, STM32U535VET6, STM32U535VET6Q, STM32U545CET6, STM32U545CET6Q, STM32U545CEU6, STM32U545CEU6Q, STM32U545JEY6QTR, STM32U545NEY6QTR, STM32U545REI6, STM32U545REI6Q, STM32U545RET6, STM32U545RET6Q, STM32U545VEI6, STM32U545VEI6Q, STM32U545VET6, STM32U545VET6Q, STM32U595AIH6, STM32U595AIH6Q, STM32U595AJH6, STM32U595AJH6Q, STM32U595QII6, STM32U595QII6Q, STM32U595QJI6, STM32U595QJI6Q, STM32U595RIT6, STM32U595RIT6Q, STM32U595RJT6, STM32U595RJT6Q, STM32U595VIT6, STM32U595VIT6Q, STM32U595VJT6, STM32U595VJT6Q, STM32U595ZIT6, STM32U595ZIT6Q, STM32U595ZIY6QTR, STM32U595ZJT6, STM32U595ZJT6Q, STM32U595ZJY6QTR, STM32U599BJY6QTR, STM32U599NIH6Q, STM32U599NJH6Q, STM32U599VIT6Q, STM32U599VJT6, STM32U599VJT6Q, STM32U599ZIT6Q, STM32U599ZIY6QTR, STM32U599ZJT6Q, STM32U599ZJY6QTR, STM32U5A5AJH6, STM32U5A5AJH6Q, STM32U5A5QII3Q , STM32U5A5QJI6, STM32U5A5QJI6Q, STM32U5A5RJT6, STM32U5A5RJT6Q, STM32U5A5VJT6, STM32U5A5VJT6Q, STM32U5A5ZJT6, STM32U5A5ZJT6Q, STM32U5A5ZJY6QTR, STM32U5A9BJY6QTR, STM32U5A9J-DK, STM32U5A9NJH6Q, STM32U5A9VJT6Q, STM32U5A9ZJT6Q, STM32U5A9ZJY6QTR, STM32U5F7VIT6, STM32U5F7VIT6Q, STM32U5F7VJT6, STM32U5F7VJT6Q, STM32U5F9BJY6QTR, STM32U5F9NJH6Q, STM32U5F9VIT6Q, STM32U5F9VJT6Q, STM32U5F9ZIJ6QTR, STM32U5F9ZIT6Q, STM32U5F9ZJJ6QTR, STM32U5F9ZJT6Q, STM32U5G7VJT6, STM32U5G7VJT6Q, STM32U5G9BJY6QTR, STM32U5G9J-DK1, STM32U5G9J-DK2, STM32U5G9NJH6Q, STM32U5G9VJT6Q, STM32U5G9ZJJ6QTR, STM32U5G9ZJT6Q, STM32WB05KZV6TR, STM32WB05KZV7TR, STM32WB05TZF6TR, STM32WB05TZF7TR, STM32WB06CCF6TR, STM32WB06CCF7TR, STM32WB06CCV6TR, STM32WB06CCV7TR, STM32WB06KCV6TR, STM32WB06KCV7TR, STM32WB07CCF6TR, STM32WB07CCF7TR, STM32WB07CCV6TR, STM32WB07CCV7TR, STM32WB07KCV6TR, STM32WB07KCV7TR, STM32WB09KEV6TR, STM32WB09KEV7TR, STM32WB09TEF6TR, STM32WB09TEF7TR, STM32WB1MMCH6, STM32WBA50KGU6, STM32WBA50KGU6TR, STM32WBA52CEU6, STM32WBA52CEU6TR, STM32WBA52CEU7, STM32WBA52CEU7TR, STM32WBA52CGU6, STM32WBA52CGU6TR, STM32WBA52CGU6U, STM32WBA52CGU7, STM32WBA52CGU7TR, STM32WBA52KEU6, STM32WBA52KEU6TR, STM32WBA52KGU6, STM32WBA52KGU6TR, STM32WBA54CEU6, STM32WBA54CEU6TR, STM32WBA54CEU7, STM32WBA54CEU7TR, STM32WBA54CGU6, STM32WBA54CGU6TR, STM32WBA54CGU7, STM32WBA54CGU7TR, STM32WBA54KEU6, STM32WBA54KEU6TR, STM32WBA54KEU7, STM32WBA54KEU7TR, STM32WBA54KGU6, STM32WBA54KGU6TR, STM32WBA54KGU7, STM32WBA54KGU7TR, STM32WBA55CEU6, STM32WBA55CEU6TR, STM32WBA55CEU7, STM32WBA55CEU7TR, STM32WBA55CGU6, STM32WBA55CGU6TR, STM32WBA55CGU6U, STM32WBA55CGU7, STM32WBA55CGU7TR, STM32WBA55G-DK1, STM32WBA55HEF6, STM32WBA55HEF7, STM32WBA55HGF6, STM32WBA55HGF7, STM32WBA55UEI6, STM32WBA55UEI6TR, STM32WBA55UEI7, STM32WBA55UEI7TR, STM32WBA55UGI6, STM32WBA55UGI6TR, STM32WBA55UGI7, STM32WBA55UGI7TR, STM32WL5MOCH6, STM32WL5MOCH6TR]
2026-02-10 22:56:41,918 [INFO] ApiDb:668 - CubeFinder database Data Model version=2.1
2026-02-10 22:56:41,918 [INFO] ApiDb:669 - CubeFinder database Configuration version=3.0.39
2026-02-10 22:56:41,918 [INFO] ApiDb:670 - CubeFinder database generation date=2025-12-22 (1766407740)
2026-02-10 22:56:41,918 [INFO] ApiDb:671 - CubeFinder database FW Pack versions=[FP-ATR-ASTRA1_V2.0.0, FP-SNS-FLIGHT1_V5.1.0, FP-SNS-MOTENV1_V5.1.0, FP-SNS-MOTENVWB1_V1.4.0, FP-SNS-SMARTAG2_V1.2.0, FP-SNS-STBOX1_V2.1.0, STM32Cube_FW_C0_V1.4.0, STM32Cube_FW_F4_V1.28.3, STM32Cube_FW_F7_V1.17.4, STM32Cube_FW_G0_V1.6.2, STM32Cube_FW_G4_V1.6.1, STM32Cube_FW_H5_V1.5.1, STM32Cube_FW_H7RS_V1.3.0, STM32Cube_FW_H7_V1.12.1, STM32Cube_FW_L0_V1.12.2, STM32Cube_FW_L4_V1.18.1, STM32Cube_FW_L5_V1.6.0, STM32Cube_FW_N6_V1.3.0, STM32Cube_FW_U0_V1.3.0, STM32Cube_FW_U3_V1.2.1, STM32Cube_FW_U5_V1.8.0, STM32Cube_FW_WB0_V1.4.0, STM32Cube_FW_WBA_V1.8.0, STM32Cube_FW_WB_V1.24.0, STM32Cube_FW_WL3_V1.3.0, STM32Cube_FW_WL_V1.4.0, X-CUBE-ALGOBUILD_V1.4.0, X-CUBE-ALS_V1.0.2, X-CUBE-AZRTOS-F4_V1.1.0, X-CUBE-AZRTOS-F7_V1.1.0, X-CUBE-AZRTOS-G0_V1.1.0, X-CUBE-AZRTOS-G4_V2.0.0, X-CUBE-AZRTOS-H7RS_V1.1.0, X-CUBE-AZRTOS-H7_V3.4.0, X-CUBE-AZRTOS-L4_V2.0.0, X-CUBE-AZRTOS-L5_V2.0.0, X-CUBE-AZRTOS-WB_V2.0.0, X-CUBE-AZRTOS-WL_V2.0.0, X-CUBE-BLE1_V7.1.0, X-CUBE-BLE2_V3.3.0, X-CUBE-BLEMGR_V4.1.0, X-CUBE-EEPRMA1_V5.2.0, X-CUBE-FREERTOS_V1.3.1, X-CUBE-GNSS1_V6.0.0, X-CUBE-MEMS1_V12.0.0, X-CUBE-NFC4_V3.0.0, X-CUBE-NFC7_V2.0.0, X-CUBE-SFXS2LP1_V4.0.0, X-CUBE-ST67W61_V1.1.0, X-CUBE-SUBG2_V5.0.0, X-CUBE-TOF1_V3.4.3]
2026-02-10 22:56:43,244 [INFO] ApiDb:240 - Found 646 in-development CPN: [B-G473E-ZEST1S, B-WB1M-WPAN1, B-WL5M-SUBG1, NUCLEO-C031C6, NUCLEO-C071RB, NUCLEO-H503RB, NUCLEO-H533RE, NUCLEO-H563ZI, NUCLEO-H7S3L8, NUCLEO-U031R8, NUCLEO-U083RC, NUCLEO-U545RE-Q, NUCLEO-U5A5ZJ-Q, NUCLEO-WB05KZ, NUCLEO-WB07CC, NUCLEO-WB09KE, NUCLEO-WBA52CG, NUCLEO-WBA55CG, STEVAL-PROTEUS1, STEVAL-SMARTAG2, STEVAL-STWINBX1, STM320518-EVAL, STM32C0116-DK, STM32C011D6Y3TR, STM32C011D6Y6TR, STM32C011F4P3, STM32C011F4P6, STM32C011F4U3, STM32C011F4U6TR, STM32C011F6P3, STM32C011F6P6, STM32C011F6U3, STM32C011F6U6TR, STM32C011J4M3, STM32C011J4M6, STM32C011J6M3, STM32C011J6M6, STM32C0316-DK, STM32C031C4T3, STM32C031C4T6, STM32C031C4U3, STM32C031C4U6, STM32C031C6T3, STM32C031C6T6, STM32C031C6U3, STM32C031C6U6, STM32C031F4P3, STM32C031F4P6, STM32C031F6P3, STM32C031F6P6, STM32C031G4U3, STM32C031G4U6, STM32C031G6U3, STM32C031G6U6, STM32C031K4T3, STM32C031K4T6, STM32C031K4U3, STM32C031K4U6, STM32C031K6T3, STM32C031K6T6, STM32C031K6U3, STM32C031K6U6, STM32C071C8T6, STM32C071C8T6N, STM32C071C8U6, STM32C071C8U6N, STM32C071CBT6, STM32C071CBT6N, STM32C071CBU6, STM32C071CBU6N, STM32C071F8P6, STM32C071F8P6N, STM32C071FBP6, STM32C071FBP6N, STM32C071FBY6TR, STM32C071G8U6, STM32C071G8U6N, STM32C071GBU6, STM32C071GBU6N, STM32C071K8T6, STM32C071K8T6N, STM32C071K8U6, STM32C071K8U6N, STM32C071KBT6, STM32C071KBT6N, STM32C071KBU6, STM32C071KBU6N, STM32C071R8T6, STM32C071R8T6N, STM32C071RBI6N, STM32C071RBT6, STM32C071RBT6N, STM32G071K8TXN, STM32G071K8UXN, STM32G081GBU6N, STM32G081KBT6N, STM32G081KBUXN, STM32G0B1CCT6N, STM32G0B1KCT6, STM32G0B1NEY6TR, STM32G0B1RCT6N, STM32G0C1CCT6, STM32G0C1CCT6N, STM32G0C1CCU6N, STM32G0C1CET6N, STM32G0C1CEU6N, STM32G0C1KCT6, STM32G0C1NEY6TR, STM32G0C1RCI6N, STM32G0C1RCT6N, STM32G0C1REI6N, STM32G0C1RET6N, STM32G0C1VCI6, STM32G0C1VEI6, STM32G411C6T3, STM32G411C6T6, STM32G411C6U3, STM32G411C6U6, STM32G411C8T3, STM32G411C8T6, STM32G411C8U3, STM32G411C8U6, STM32G411CBT3, STM32G411CBT6, STM32G411CBU3, STM32G411CBU6, STM32G411K6T3, STM32G411K6T6, STM32G411K6U3, STM32G411K6U6, STM32G411K8T3, STM32G411K8T6, STM32G411K8U3, STM32G411K8U6, STM32G411KBT3, STM32G411KBT6, STM32G411KBU3, STM32G411KBU6, STM32G411M6T3, STM32G411M6T6, STM32G411M8T3, STM32G411M8T6, STM32G411MBT3, STM32G411MBT6, STM32G411R6T3, STM32G411R6T6, STM32G411R8T3, STM32G411R8T6, STM32G411RBT3, STM32G411RBT6, STM32G414CBT3, STM32G414CBT6, STM32G414CBU3, STM32G414CBU6, STM32G414CCT3, STM32G414CCT6, STM32G414CCU3, STM32G414CCU6, STM32G414MBT3, STM32G414MBT6, STM32G414MCT3, STM32G414MCT6, STM32G414RBT3, STM32G414RBT6, STM32G414RCT3, STM32G414RCT6, STM32G414VBT3, STM32G414VBT6, STM32G414VCT3, STM32G414VCT6, STM32G431CBT3Z, STM32G431RBT3Z, STM32G471CCT6, STM32G471CCU6, STM32G471CET3, STM32G471CET6, STM32G471CEU3, STM32G471CEU6, STM32G471MCT6, STM32G471MET3, STM32G471MET6, STM32G471MEY6TR, STM32G471QCT6, STM32G471QET3, STM32G471RCT6, STM32G471RET3, STM32G471RET6, STM32G471VCH6, STM32G471VCI6, STM32G471VCT6, STM32G471VEH3, STM32G471VEH6, STM32G471VEI3, STM32G471VEI6, STM32G471VET3, STM32G471VET6, STM32G473QET3Z, STM32G473RET3Z, STM32G474CCT6, STM32G491RET3Z, STM32H503CBT6, STM32H503CBU6, STM32H503EBY6TR, STM32H503KBU6, STM32H503RBT6, STM32H523CCT6, STM32H523CCU6, STM32H523CET6, STM32H523CEU6, STM32H523HEY6TR, STM32H523RCT6, STM32H523RET6, STM32H523VCI6, STM32H523VCT6, STM32H523VEI6, STM32H523VET6, STM32H523ZCJ6, STM32H523ZCT6, STM32H523ZEJ6, STM32H523ZET6, STM32H533CET6, STM32H533CEU6, STM32H533HEY6TR, STM32H533RET6, STM32H533VEI6, STM32H533VET6, STM32H533ZEJ6, STM32H533ZET6, STM32H562AGI6, STM32H562AII6, STM32H562IGK6, STM32H562IGT6, STM32H562IIK6, STM32H562IIT6, STM32H562RGT6, STM32H562RGV6, STM32H562RIT6, STM32H562RIV6, STM32H562VGT6, STM32H562VIT6, STM32H562ZGT6, STM32H562ZIT6, STM32H563AGI6, STM32H563AII3Q, STM32H563AII6, STM32H563IGK6, STM32H563IGT6, STM32H563IIK3Q, STM32H563IIK6, STM32H563IIT3Q, STM32H563IIT6, STM32H563MIY3QTR, STM32H563RGT6, STM32H563RGV6, STM32H563RIT6, STM32H563RIV6, STM32H563VGT6, STM32H563VIT3Q, STM32H563VIT6, STM32H563ZGT6, STM32H563ZIT3Q, STM32H563ZIT6, STM32H573AII3Q, STM32H573AII6, STM32H573I-DK, STM32H573IIK3Q, STM32H573IIK6, STM32H573IIT3Q, STM32H573IIT6, STM32H573MIY3QTR, STM32H573RIT6, STM32H573RIV6, STM32H573VIT3Q, STM32H573VIT6, STM32H573ZIT3Q, STM32H573ZIT6, STM32H7R3A8I6, STM32H7R3I8K6, STM32H7R3I8T6, STM32H7R3L8H6, STM32H7R3L8H6H, STM32H7R3R8V6, STM32H7R3V8H6, STM32H7R3V8T6, STM32H7R3V8Y6TR, STM32H7R3Z8J6, STM32H7R3Z8T6, STM32H7R7A8I6, STM32H7R7I8K6, STM32H7R7I8T6, STM32H7R7L8H6, STM32H7R7L8H6H, STM32H7R7Z8J6, STM32H7S3A8I6, STM32H7S3I8K6, STM32H7S3I8T6, STM32H7S3L8H6, STM32H7S3L8H6H, STM32H7S3R8V6, STM32H7S3V8H6, STM32H7S3V8T6, STM32H7S3V8Y6TR, STM32H7S3Z8J6, STM32H7S3Z8T6, STM32H7S78-DK, STM32H7S7A8I6, STM32H7S7I8K6, STM32H7S7I8T6, STM32H7S7L8H6, STM32H7S7L8H6H, STM32H7S7Z8J6, STM32L4R5QGI6STR, STM32MP131AAE3, STM32MP131AAF3, STM32MP131AAG3, STM32MP131CAE3, STM32MP131CAF3, STM32MP131CAG3, STM32MP131DAE7, STM32MP131DAF7, STM32MP131DAG7, STM32MP131FAE7, STM32MP131FAF7, STM32MP131FAG7, STM32MP133AAE3, STM32MP133AAF3, STM32MP133AAG3, STM32MP133CAE3, STM32MP133CAF3, STM32MP133CAG3, STM32MP133DAE7, STM32MP133DAF7, STM32MP133DAG7, STM32MP133FAE7, STM32MP133FAF7, STM32MP133FAG7, STM32MP135AAE3, STM32MP135AAF3, STM32MP135AAG3, STM32MP135CAE3, STM32MP135CAF3, STM32MP135CAG3, STM32MP135DAE7, STM32MP135DAF7, STM32MP135DAG7, STM32MP135F-DK, STM32MP135FAE7, STM32MP135FAF7, STM32MP135FAF7T, STM32MP135FAF7U, STM32MP135FAG7, STM32MP251AAI3, STM32MP251AAK3, STM32MP251AAL3, STM32MP251CAI3, STM32MP251CAK3, STM32MP251CAL3, STM32MP251DAI3, STM32MP251DAK3, STM32MP251DAL3, STM32MP251FAI3, STM32MP251FAK3, STM32MP251FAL3, STM32MP253AAI3, STM32MP253AAK3, STM32MP253AAL3, STM32MP253CAI3, STM32MP253CAK3, STM32MP253CAL3, STM32MP253DAI3, STM32MP253DAK3, STM32MP253DAL3, STM32MP253FAI3, STM32MP253FAK3, STM32MP253FAL3, STM32MP255AAI3, STM32MP255AAK3, STM32MP255AAL3, STM32MP255CAI3, STM32MP255CAK3, STM32MP255CAL3, STM32MP255DAI3, STM32MP255DAK3, STM32MP255DAL3, STM32MP255FAI3, STM32MP255FAK3, STM32MP255FAL3, STM32MP257AAI3, STM32MP257AAK3, STM32MP257AAL3, STM32MP257CAI3, STM32MP257CAK3, STM32MP257CAL3, STM32MP257DAI3, STM32MP257DAK3, STM32MP257DAL3, STM32MP257F-DK, STM32MP257F-EV1, STM32MP257FAI3, STM32MP257FAK3, STM32MP257FAL3, STM32U031C6T6, STM32U031C6U6, STM32U031C8T6, STM32U031C8U6, STM32U031F4P6, STM32U031F6P6, STM32U031F8P6, STM32U031G6Y6TR, STM32U031G8Y6TR, STM32U031K4U6, STM32U031K6U6, STM32U031K8U6, STM32U031R6I6, STM32U031R6T6, STM32U031R8I6, STM32U031R8T6, STM32U073C8T6, STM32U073C8U6, STM32U073CBT6, STM32U073CBU6, STM32U073CCT6, STM32U073CCU6, STM32U073H8Y6TR, STM32U073HBY6TR, STM32U073HCY6TR, STM32U073K8U6, STM32U073KBU6, STM32U073KCU6, STM32U073M8I6, STM32U073M8T6, STM32U073MBI6, STM32U073MBT6, STM32U073MCI6, STM32U073MCT6, STM32U073R8I6, STM32U073R8T6, STM32U073RBI6, STM32U073RBT6, STM32U073RCI6, STM32U073RCT6, STM32U083C-DK, STM32U083CCT6, STM32U083CCU6, STM32U083HCY6TR, STM32U083KCU6, STM32U083MCI6, STM32U083MCT6, STM32U083RCI6, STM32U083RCT6, STM32U535CBT6, STM32U535CBT6Q, STM32U535CBU6, STM32U535CBU6Q, STM32U535CCT6, STM32U535CCT6Q, STM32U535CCU6, STM32U535CCU6Q, STM32U535CET6, STM32U535CET6Q, STM32U535CEU6, STM32U535CEU6Q, STM32U535JEY6QTR, STM32U535NCY6QTR, STM32U535NEY6QTR, STM32U535RBI6, STM32U535RBI6Q, STM32U535RBT6, STM32U535RBT6Q, STM32U535RCI6, STM32U535RCI6Q, STM32U535RCT6, STM32U535RCT6Q, STM32U535REI6, STM32U535REI6Q, STM32U535RET6, STM32U535RET6Q, STM32U535VCI6, STM32U535VCI6Q, STM32U535VCT6, STM32U535VCT6Q, STM32U535VEI6, STM32U535VEI6Q, STM32U535VET6, STM32U535VET6Q, STM32U545CET6, STM32U545CET6Q, STM32U545CEU6, STM32U545CEU6Q, STM32U545JEY6QTR, STM32U545NEY6QTR, STM32U545REI6, STM32U545REI6Q, STM32U545RET6, STM32U545RET6Q, STM32U545VEI6, STM32U545VEI6Q, STM32U545VET6, STM32U545VET6Q, STM32U595AIH6, STM32U595AIH6Q, STM32U595AJH6, STM32U595AJH6Q, STM32U595QII6, STM32U595QII6Q, STM32U595QJI6, STM32U595QJI6Q, STM32U595RIT6, STM32U595RIT6Q, STM32U595RJT6, STM32U595RJT6Q, STM32U595VIT6, STM32U595VIT6Q, STM32U595VJT6, STM32U595VJT6Q, STM32U595ZIT6, STM32U595ZIT6Q, STM32U595ZIY6QTR, STM32U595ZJT6, STM32U595ZJT6Q, STM32U595ZJY6QTR, STM32U599BJY6QTR, STM32U599NIH6Q, STM32U599NJH6Q, STM32U599VIT6Q, STM32U599VJT6, STM32U599VJT6Q, STM32U599ZIT6Q, STM32U599ZIY6QTR, STM32U599ZJT6Q, STM32U599ZJY6QTR, STM32U5A5AJH6, STM32U5A5AJH6Q, STM32U5A5QII3Q , STM32U5A5QJI6, STM32U5A5QJI6Q, STM32U5A5RJT6, STM32U5A5RJT6Q, STM32U5A5VJT6, STM32U5A5VJT6Q, STM32U5A5ZJT6, STM32U5A5ZJT6Q, STM32U5A5ZJY6QTR, STM32U5A9BJY6QTR, STM32U5A9J-DK, STM32U5A9NJH6Q, STM32U5A9VJT6Q, STM32U5A9ZJT6Q, STM32U5A9ZJY6QTR, STM32U5F7VIT6, STM32U5F7VIT6Q, STM32U5F7VJT6, STM32U5F7VJT6Q, STM32U5F9BJY6QTR, STM32U5F9NJH6Q, STM32U5F9VIT6Q, STM32U5F9VJT6Q, STM32U5F9ZIJ6QTR, STM32U5F9ZIT6Q, STM32U5F9ZJJ6QTR, STM32U5F9ZJT6Q, STM32U5G7VJT6, STM32U5G7VJT6Q, STM32U5G9BJY6QTR, STM32U5G9J-DK1, STM32U5G9J-DK2, STM32U5G9NJH6Q, STM32U5G9VJT6Q, STM32U5G9ZJJ6QTR, STM32U5G9ZJT6Q, STM32WB05KZV6TR, STM32WB05KZV7TR, STM32WB05TZF6TR, STM32WB05TZF7TR, STM32WB06CCF6TR, STM32WB06CCF7TR, STM32WB06CCV6TR, STM32WB06CCV7TR, STM32WB06KCV6TR, STM32WB06KCV7TR, STM32WB07CCF6TR, STM32WB07CCF7TR, STM32WB07CCV6TR, STM32WB07CCV7TR, STM32WB07KCV6TR, STM32WB07KCV7TR, STM32WB09KEV6TR, STM32WB09KEV7TR, STM32WB09TEF6TR, STM32WB09TEF7TR, STM32WB1MMCH6, STM32WBA50KGU6, STM32WBA50KGU6TR, STM32WBA52CEU6, STM32WBA52CEU6TR, STM32WBA52CEU7, STM32WBA52CEU7TR, STM32WBA52CGU6, STM32WBA52CGU6TR, STM32WBA52CGU6U, STM32WBA52CGU7, STM32WBA52CGU7TR, STM32WBA52KEU6, STM32WBA52KEU6TR, STM32WBA52KGU6, STM32WBA52KGU6TR, STM32WBA54CEU6, STM32WBA54CEU6TR, STM32WBA54CEU7, STM32WBA54CEU7TR, STM32WBA54CGU6, STM32WBA54CGU6TR, STM32WBA54CGU7, STM32WBA54CGU7TR, STM32WBA54KEU6, STM32WBA54KEU6TR, STM32WBA54KEU7, STM32WBA54KEU7TR, STM32WBA54KGU6, STM32WBA54KGU6TR, STM32WBA54KGU7, STM32WBA54KGU7TR, STM32WBA55CEU6, STM32WBA55CEU6TR, STM32WBA55CEU7, STM32WBA55CEU7TR, STM32WBA55CGU6, STM32WBA55CGU6TR, STM32WBA55CGU6U, STM32WBA55CGU7, STM32WBA55CGU7TR, STM32WBA55G-DK1, STM32WBA55HEF6, STM32WBA55HEF7, STM32WBA55HGF6, STM32WBA55HGF7, STM32WBA55UEI6, STM32WBA55UEI6TR, STM32WBA55UEI7, STM32WBA55UEI7TR, STM32WBA55UGI6, STM32WBA55UGI6TR, STM32WBA55UGI7, STM32WBA55UGI7TR, STM32WL5MOCH6, STM32WL5MOCH6TR]
2026-02-10 22:56:43,247 [INFO] DbMcus:218 - Found 4816 MCUs, 4816 are supported
2026-02-10 22:56:43,254 [INFO] ApiDb:423 - Load user favorites file C:\Users\brady/.stm32cubeide/favorites.mcus.txt: 1 item(s)
2026-02-10 22:56:43,255 [INFO] ApiDb:427 - User favorites MCUs=[STM32F412ZGT6]
2026-02-10 22:56:43,255 [INFO] DbMcus:224 - Set 1 / 1 favorites MCUs
2026-02-10 22:56:43,442 [INFO] BoardInfo:889 - No configuration file found for board B-WBA5M-WPAN
2026-02-10 22:56:43,442 [INFO] DbBoards:161 - Board is not supported: B-WBA5M-WPAN
2026-02-10 22:56:43,446 [INFO] BoardInfo:889 - No configuration file found for board NUCLEO-C051C8
2026-02-10 22:56:43,446 [INFO] DbBoards:161 - Board is not supported: NUCLEO-C051C8
2026-02-10 22:56:43,448 [INFO] BoardInfo:889 - No configuration file found for board NUCLEO-C092RC
2026-02-10 22:56:43,448 [INFO] DbBoards:161 - Board is not supported: NUCLEO-C092RC
2026-02-10 22:56:43,516 [INFO] BoardInfo:889 - No configuration file found for board NUCLEO-N657X0-Q
2026-02-10 22:56:43,517 [INFO] DbBoards:161 - Board is not supported: NUCLEO-N657X0-Q
2026-02-10 22:56:43,519 [INFO] BoardInfo:889 - No configuration file found for board NUCLEO-U385RG-Q
2026-02-10 22:56:43,519 [INFO] DbBoards:161 - Board is not supported: NUCLEO-U385RG-Q
2026-02-10 22:56:43,528 [INFO] BoardInfo:889 - No configuration file found for board NUCLEO-WBA65RI
2026-02-10 22:56:43,529 [INFO] DbBoards:161 - Board is not supported: NUCLEO-WBA65RI
2026-02-10 22:56:43,529 [INFO] BoardInfo:889 - No configuration file found for board NUCLEO-WL33CC1
2026-02-10 22:56:43,530 [INFO] DbBoards:161 - Board is not supported: NUCLEO-WL33CC1
2026-02-10 22:56:43,530 [INFO] BoardInfo:889 - No configuration file found for board NUCLEO-WL33CC2
2026-02-10 22:56:43,531 [INFO] DbBoards:161 - Board is not supported: NUCLEO-WL33CC2
2026-02-10 22:56:43,535 [INFO] BoardInfo:889 - No configuration file found for board P-NUCLEO-WB55
2026-02-10 22:56:43,535 [INFO] DbBoards:161 - Kit is not supported: P-NUCLEO-WB55
2026-02-10 22:56:43,538 [INFO] BoardInfo:889 - No configuration file found for board STEVAL-BFA001V1B
2026-02-10 22:56:43,538 [INFO] DbBoards:161 - Kit is not supported: STEVAL-BFA001V1B
2026-02-10 22:56:43,539 [INFO] BoardInfo:889 - No configuration file found for board STEVAL-BFA001V2B
2026-02-10 22:56:43,540 [INFO] DbBoards:161 - Kit is not supported: STEVAL-BFA001V2B
2026-02-10 22:56:43,635 [INFO] BoardInfo:889 - No configuration file found for board STM32N6570-DK
2026-02-10 22:56:43,636 [INFO] DbBoards:161 - Board is not supported: STM32N6570-DK
2026-02-10 22:56:43,644 [INFO] BoardInfo:889 - No configuration file found for board STM32WBA65I-DK1
2026-02-10 22:56:43,645 [INFO] DbBoards:161 - Board is not supported: STM32WBA65I-DK1
2026-02-10 22:56:43,645 [INFO] DbBoards:168 - Found 211 boards, 198 are supported
2026-02-10 22:56:43,645 [INFO] DbBoards:169 - Found 211 boards, 25 of them is supported for  Bsp
2026-02-10 22:56:43,647 [INFO] ApiDb:423 - Load user favorites file C:\Users\brady/.stm32cubeide/favorites.boards.txt: 0 item(s)
2026-02-10 22:56:43,647 [INFO] ApiDb:427 - User favorites Boards=[]
2026-02-10 22:56:43,647 [INFO] DbBoards:198 - Set 0 / 0 favorites Boards
2026-02-10 22:56:43,687 [INFO] UtilMem:75 - End LoadConfig() Used Memory: 803819816 Bytes (1073741824)
2026-02-10 22:56:43,782 [WARN] ThirdParty:833 - waiting for thirdparty lock release [change project]
2026-02-10 22:56:43,782 [INFO] ThirdParty:835 - entering critical section [change project]
2026-02-10 22:56:43,782 [INFO] ThirdParty:1030 - CMSIS Pack Vendor :STMicroelectronics X-CUBE-PM33A1 1.0.0
2026-02-10 22:56:43,782 [INFO] ThirdParty:1030 - CMSIS Pack Vendor :STMicroelectronics USBPD 4.1
2026-02-10 22:56:43,782 [INFO] ThirdParty:1030 - CMSIS Pack Vendor :STMicroelectronics X-CUBE-GNSS1 6.0.0
2026-02-10 22:56:43,782 [INFO] ThirdParty:1030 - CMSIS Pack Vendor :STMicroelectronics USB_HOST 2.0.0
2026-02-10 22:56:43,782 [INFO] ThirdParty:1030 - CMSIS Pack Vendor :STMicroelectronics FP-SNS-MOTENVWB1 1.4.0
2026-02-10 22:56:43,782 [INFO] ThirdParty:1030 - CMSIS Pack Vendor :STMicroelectronics X-CUBE-AZRTOS-F4 1.1.0
2026-02-10 22:56:43,782 [INFO] ThirdParty:1030 - CMSIS Pack Vendor :STMicroelectronics LIBJPEG 8.0.0
2026-02-10 22:56:43,782 [INFO] ThirdParty:1030 - CMSIS Pack Vendor :STMicroelectronics FP-ATR-ASTRA1 2.0.2
2026-02-10 22:56:43,782 [INFO] ThirdParty:1030 - CMSIS Pack Vendor :STMicroelectronics FP-ATR-ASTRA1 2.0.1
2026-02-10 22:56:43,782 [INFO] ThirdParty:1030 - CMSIS Pack Vendor :STMicroelectronics X-CUBE-SMBUS 2.1.0
2026-02-10 22:56:43,782 [INFO] ThirdParty:1030 - CMSIS Pack Vendor :STMicroelectronics X-CUBE-WB05N 1.1.0
2026-02-10 22:56:43,783 [INFO] ThirdParty:1030 - CMSIS Pack Vendor :STMicroelectronics X-CUBE-ISPU 2.1.0
2026-02-10 22:56:43,783 [INFO] ThirdParty:1030 - CMSIS Pack Vendor :STMicroelectronics X-CUBE-FREERTOS 1.2.0
2026-02-10 22:56:43,783 [INFO] ThirdParty:1030 - CMSIS Pack Vendor :STMicroelectronics X-CUBE-NFC12 1.0.0
2026-02-10 22:56:43,783 [INFO] ThirdParty:1030 - CMSIS Pack Vendor :STMicroelectronics X-CUBE-AZRTOS-F7 1.1.0
2026-02-10 22:56:43,783 [INFO] ThirdParty:1030 - CMSIS Pack Vendor :STMicroelectronics X-CUBE-AZRTOS-L5 2.0.0
2026-02-10 22:56:43,783 [INFO] ThirdParty:1030 - CMSIS Pack Vendor :STMicroelectronics USB_DEVICE 2.0.0
2026-02-10 22:56:43,783 [INFO] ThirdParty:1030 - CMSIS Pack Vendor :STMicroelectronics X-CUBE-NFC6 3.1.0
2026-02-10 22:56:43,783 [INFO] ThirdParty:1030 - CMSIS Pack Vendor :STMicroelectronics X-CUBE-MEMS1 11.0.0
2026-02-10 22:56:43,783 [INFO] ThirdParty:1030 - CMSIS Pack Vendor :STMicroelectronics FreeRTOS 0.0.1
2026-02-10 22:56:43,783 [INFO] ThirdParty:1030 - CMSIS Pack Vendor :STMicroelectronics X-CUBE-DPower 1.2.0
2026-02-10 22:56:43,783 [INFO] ThirdParty:1030 - CMSIS Pack Vendor :STMicroelectronics FP-SNS-FLIGHT1 5.0.2
2026-02-10 22:56:43,783 [INFO] ThirdParty:1030 - CMSIS Pack Vendor :STMicroelectronics X-CUBE-AI 9.0.0
2026-02-10 22:56:43,783 [INFO] ThirdParty:1030 - CMSIS Pack Vendor :STMicroelectronics PDM2PCM 3.3.0
2026-02-10 22:56:43,783 [INFO] ThirdParty:1030 - CMSIS Pack Vendor :STMicroelectronics X-CUBE-AZRTOS-H7 3.4.0
2026-02-10 22:56:43,783 [INFO] ThirdParty:1030 - CMSIS Pack Vendor :STMicroelectronics X-CUBE-DISPLAY 3.0.0
2026-02-10 22:56:43,783 [INFO] ThirdParty:1030 - CMSIS Pack Vendor :STMicroelectronics X-CUBE-BLE1 7.0.0
2026-02-10 22:56:43,783 [INFO] ThirdParty:1030 - CMSIS Pack Vendor :STMicroelectronics X-CUBE-NFC10 1.0.0
2026-02-10 22:56:43,783 [INFO] ThirdParty:1030 - CMSIS Pack Vendor :STMicroelectronics X-CUBE-BLEMGR 4.0.0
2026-02-10 22:56:43,783 [INFO] ThirdParty:1030 - CMSIS Pack Vendor :STMicroelectronics X-CUBE-FREERTOS 1.3.1
2026-02-10 22:56:43,783 [INFO] ThirdParty:1030 - CMSIS Pack Vendor :STMicroelectronics HAL Drivers 0.0.0
2026-02-10 22:56:43,783 [INFO] ThirdParty:1030 - CMSIS Pack Vendor :emotas I-CUBE-CANOPEN 1.3.0
2026-02-10 22:56:43,783 [INFO] ThirdParty:1030 - CMSIS Pack Vendor :STMicroelectronics X-CUBE-FREERTOS 1.3.0
2026-02-10 22:56:43,783 [INFO] ThirdParty:1030 - CMSIS Pack Vendor :STMicroelectronics X-CUBE-NFC7 1.0.1
2026-02-10 22:56:43,783 [INFO] ThirdParty:1030 - CMSIS Pack Vendor :STMicroelectronics MBEDTLS 2.14.1
2026-02-10 22:56:43,783 [INFO] ThirdParty:1030 - CMSIS Pack Vendor :STMicroelectronics X-CUBE-GNSS1 7.1.0
2026-02-10 22:56:43,783 [INFO] ThirdParty:1030 - CMSIS Pack Vendor :STMicroelectronics X-CUBE-TOUCHGFX 4.26.0
2026-02-10 22:56:43,783 [INFO] ThirdParty:1030 - CMSIS Pack Vendor :STMicroelectronics X-CUBE-BLEMGR 3.1.0
2026-02-10 22:56:43,783 [INFO] ThirdParty:1030 - CMSIS Pack Vendor :STMicroelectronics X-CUBE-AI 10.0.0
2026-02-10 22:56:43,783 [INFO] ThirdParty:1030 - CMSIS Pack Vendor :STMicroelectronics FP-SNS-SMARTAG2 1.2.0
2026-02-10 22:56:43,783 [INFO] ThirdParty:1030 - CMSIS Pack Vendor :STMicroelectronics X-CUBE-MEMS1 11.1.0
2026-02-10 22:56:43,783 [INFO] ThirdParty:1030 - CMSIS Pack Vendor :STMicroelectronics X-CUBE-AZRTOS-WL 2.0.0
2026-02-10 22:56:43,783 [INFO] ThirdParty:1030 - CMSIS Pack Vendor :STMicroelectronics X-CUBE-DPower 1.3.0
2026-02-10 22:56:43,783 [INFO] ThirdParty:1030 - CMSIS Pack Vendor :STMicroelectronics FP-SNS-MOTENV1 5.0.0
2026-02-10 22:56:43,783 [INFO] ThirdParty:1030 - CMSIS Pack Vendor :STMicroelectronics USB_DEVICE 1.0.0
2026-02-10 22:56:43,783 [INFO] ThirdParty:1030 - CMSIS Pack Vendor :STMicroelectronics X-CUBE-AZRTOS-H7RS 1.2.0
2026-02-10 22:56:43,783 [INFO] ThirdParty:1030 - CMSIS Pack Vendor :wolfSSL I-CUBE-wolfMQTT 1.19.0
2026-02-10 22:56:43,783 [INFO] ThirdParty:1030 - CMSIS Pack Vendor :STMicroelectronics X-CUBE-AZRTOS-L4 2.0.0
2026-02-10 22:56:43,783 [INFO] ThirdParty:1030 - CMSIS Pack Vendor :STMicroelectronics ThreadX 0.0.2
2026-02-10 22:56:43,783 [INFO] ThirdParty:1030 - CMSIS Pack Vendor :WES I-CUBE-Cesium 1.3.0
2026-02-10 22:56:43,783 [INFO] ThirdParty:1030 - CMSIS Pack Vendor :STMicroelectronics lwIP 2.1.2
2026-02-10 22:56:43,783 [INFO] ThirdParty:1030 - CMSIS Pack Vendor :STMicroelectronics X-CUBE-SFXS2LP1 4.0.0
2026-02-10 22:56:43,783 [INFO] ThirdParty:1030 - CMSIS Pack Vendor :STMicroelectronics X-CUBE-BLE2 3.3.0
2026-02-10 22:56:43,783 [INFO] ThirdParty:1030 - CMSIS Pack Vendor :STMicroelectronics PDM2PCM 3.2.0
2026-02-10 22:56:43,783 [INFO] ThirdParty:1030 - CMSIS Pack Vendor :STMicroelectronics X-CUBE-AZRTOS-H7 3.3.0
2026-02-10 22:56:43,783 [INFO] ThirdParty:1030 - CMSIS Pack Vendor :STMicroelectronics X-CUBE-NFC9 1.0.0
2026-02-10 22:56:43,783 [INFO] ThirdParty:1030 - CMSIS Pack Vendor :STMicroelectronics X-CUBE-BLE1 7.1.0
2026-02-10 22:56:43,783 [INFO] ThirdParty:1030 - CMSIS Pack Vendor :STMicroelectronics USB_DEVICE 3.0.0
2026-02-10 22:56:43,783 [INFO] ThirdParty:1030 - CMSIS Pack Vendor :STMicroelectronics X-CUBE-TCPP 4.1.0
2026-02-10 22:56:43,783 [INFO] ThirdParty:1030 - CMSIS Pack Vendor :STMicroelectronics X-CUBE-EEPRMA1 5.2.0
2026-02-10 22:56:43,783 [INFO] ThirdParty:1030 - CMSIS Pack Vendor :STMicroelectronics X-CUBE-IPS 3.0.0
2026-02-10 22:56:43,783 [INFO] ThirdParty:1030 - CMSIS Pack Vendor :STMicroelectronics X-CUBE-AZRTOS-WB 2.0.0
2026-02-10 22:56:43,783 [INFO] ThirdParty:1030 - CMSIS Pack Vendor :STMicroelectronics X-CUBE-GNSS1 7.0.0
2026-02-10 22:56:43,783 [INFO] ThirdParty:1030 - CMSIS Pack Vendor :STMicroelectronics X-CUBE-GNSS1 7.0.1
2026-02-10 22:56:43,783 [INFO] ThirdParty:1030 - CMSIS Pack Vendor :STMicroelectronics X-CUBE-TOUCHGFX 4.25.0
2026-02-10 22:56:43,783 [INFO] ThirdParty:1030 - CMSIS Pack Vendor :STMicroelectronics X-CUBE-AI 10.1.0
2026-02-10 22:56:43,783 [INFO] ThirdParty:1030 - CMSIS Pack Vendor :STMicroelectronics FP-SNS-STBOX1 2.0.0
2026-02-10 22:56:43,783 [INFO] ThirdParty:1030 - CMSIS Pack Vendor :STMicroelectronics X-CUBE-MEMS1 12.0.0
2026-02-10 22:56:43,783 [INFO] ThirdParty:1030 - CMSIS Pack Vendor :STMicroelectronics X-CUBE-STSE01 2.0.0
2026-02-10 22:56:43,783 [INFO] ThirdParty:1030 - CMSIS Pack Vendor :STMicroelectronics X-CUBE-MEMS1 11.2.0
2026-02-10 22:56:43,783 [INFO] ThirdParty:1030 - CMSIS Pack Vendor :STMicroelectronics X-CUBE-AZRTOS-G0 1.1.0
2026-02-10 22:56:43,783 [INFO] ThirdParty:1030 - CMSIS Pack Vendor :STMicroelectronics X-CUBE-SAFEA1 1.2.2
2026-02-10 22:56:43,783 [INFO] ThirdParty:1030 - CMSIS Pack Vendor :STMicroelectronics X-CUBE-NFC4 3.0.0
2026-02-10 22:56:43,783 [INFO] ThirdParty:1030 - CMSIS Pack Vendor :STMicroelectronics X-CUBE-SUBG2 5.0.0
2026-02-10 22:56:43,783 [INFO] ThirdParty:1030 - CMSIS Pack Vendor :STMicroelectronics X-CUBE-AZRTOS-H7RS 1.1.0
2026-02-10 22:56:43,783 [INFO] ThirdParty:1030 - CMSIS Pack Vendor :STMicroelectronics STM32_WPAN 1.0.0
2026-02-10 22:56:43,783 [INFO] ThirdParty:1030 - CMSIS Pack Vendor :EmbeddedOffice I-CUBE-FS-RTOS 1.0.1
2026-02-10 22:56:43,783 [INFO] ThirdParty:1030 - CMSIS Pack Vendor :STMicroelectronics lwIP 2.0.3
2026-02-10 22:56:43,783 [INFO] ThirdParty:1030 - CMSIS Pack Vendor :Cesanta I-CUBE-Mongoose 7.13.0
2026-02-10 22:56:43,783 [INFO] ThirdParty:1030 - CMSIS Pack Vendor :STMicroelectronics USB_HOST 1.0.0
2026-02-10 22:56:43,783 [INFO] ThirdParty:1030 - CMSIS Pack Vendor :STMicroelectronics X-CUBE-AZRTOS-G4 2.0.0
2026-02-10 22:56:43,783 [INFO] ThirdParty:1030 - CMSIS Pack Vendor :STMicroelectronics X-CUBE-WB05N 2.0.0
2026-02-10 22:56:43,783 [INFO] ThirdParty:1030 - CMSIS Pack Vendor :STMicroelectronics PDM2PCM 3.1.0
2026-02-10 22:56:43,783 [INFO] ThirdParty:1030 - CMSIS Pack Vendor :STMicroelectronics X-CUBE-NFC7 2.0.0
2026-02-10 22:56:43,783 [INFO] ThirdParty:1030 - CMSIS Pack Vendor :RealThread X-CUBE-RT-Thread_Nano 4.1.1
2026-02-10 22:56:43,783 [INFO] ThirdParty:1030 - CMSIS Pack Vendor :STMicroelectronics FP-ATR-SIGFOX1 3.2.0
2026-02-10 22:56:43,783 [INFO] ThirdParty:1030 - CMSIS Pack Vendor :wolfSSL I-CUBE-wolfSSL 5.7.2
2026-02-10 22:56:43,783 [INFO] ThirdParty:1030 - CMSIS Pack Vendor :quantropi X-CUBE-qispace-sdk-base 1.9.3
2026-02-10 22:56:43,783 [INFO] ThirdParty:1030 - CMSIS Pack Vendor :STMicroelectronics X-CUBE-ISPU 2.0.0
2026-02-10 22:56:43,783 [INFO] ThirdParty:1030 - CMSIS Pack Vendor :STMicroelectronics X-CUBE-EEPRMA1 5.1.0
2026-02-10 22:56:43,783 [INFO] ThirdParty:1030 - CMSIS Pack Vendor :STMicroelectronics MBEDTLS 2.16.2
2026-02-10 22:56:43,783 [INFO] ThirdParty:1030 - CMSIS Pack Vendor :STMicroelectronics X-CUBE-ALS 1.0.2
2026-02-10 22:56:43,783 [INFO] ThirdParty:1030 - CMSIS Pack Vendor :STMicroelectronics X-CUBE-TOUCHGFX 4.24.0
2026-02-10 22:56:43,783 [INFO] ThirdParty:1030 - CMSIS Pack Vendor :ITTIA_DB I-CUBE-ITTIADB 8.9.0
2026-02-10 22:56:43,783 [INFO] ThirdParty:1030 - CMSIS Pack Vendor :STMicroelectronics X-CUBE-TOUCHGFX 4.24.2
2026-02-10 22:56:43,783 [INFO] ThirdParty:1030 - CMSIS Pack Vendor :STMicroelectronics X-CUBE-TOUCHGFX 4.24.1
2026-02-10 22:56:43,783 [INFO] ThirdParty:1030 - CMSIS Pack Vendor :STMicroelectronics X-CUBE-STSE01 1.0.0
2026-02-10 22:56:43,783 [INFO] ThirdParty:1030 - CMSIS Pack Vendor :wolfSSL I-CUBE-wolfTPM 3.4.0
2026-02-10 22:56:43,783 [INFO] ThirdParty:1030 - CMSIS Pack Vendor :portGmbH I-Cube-SoM-uGOAL 1.1.0
2026-02-10 22:56:43,783 [INFO] ThirdParty:1030 - CMSIS Pack Vendor :STMicroelectronics X-CUBE-NFC6 3.2.0
2026-02-10 22:56:43,783 [INFO] ThirdParty:1030 - CMSIS Pack Vendor :STMicroelectronics X-CUBE-AI 10.2.0
2026-02-10 22:56:43,784 [INFO] ThirdParty:1030 - CMSIS Pack Vendor :STMicroelectronics ThreadX 1.0.0
2026-02-10 22:56:43,784 [INFO] ThirdParty:1030 - CMSIS Pack Vendor :SEGGER I-CUBE-embOS 1.3.1
2026-02-10 22:56:43,784 [INFO] ThirdParty:1030 - CMSIS Pack Vendor :STMicroelectronics X-CUBE-ALGOBUILD 1.4.0
2026-02-10 22:56:43,784 [INFO] ThirdParty:1030 - CMSIS Pack Vendor :STMicroelectronics X-CUBE-MEMS1 11.3.0
2026-02-10 22:56:43,784 [INFO] ThirdParty:1030 - CMSIS Pack Vendor :STMicroelectronics X-CUBE-AZRTOS-H7RS 1.0.0
2026-02-10 22:56:43,784 [INFO] ThirdParty:1030 - CMSIS Pack Vendor :STMicroelectronics FP-ATR-ASTRA1 2.0.0
2026-02-10 22:56:43,784 [INFO] ThirdParty:1030 - CMSIS Pack Vendor :STMicroelectronics X-CUBE-TOF1 3.4.2
2026-02-10 22:56:43,784 [INFO] ThirdParty:1030 - CMSIS Pack Vendor :STMicroelectronics X-CUBE-AI 9.1.0
2026-02-10 22:56:43,784 [INFO] ThirdParty:1030 - CMSIS Pack Vendor :Infineon AIROC-Wi-Fi-Bluetooth-STM32 1.6.1
2026-02-10 22:56:43,784 [INFO] ThirdParty:1030 - CMSIS Pack Vendor :wolfSSL I-CUBE-wolfSSH 1.4.17
2026-02-10 22:56:43,784 [INFO] ThirdParty:841 - exiting critical section [change project]
2026-02-10 22:56:44,149 [INFO] PinOutPanel:1561 - setPackage(No Configuration,No Configuration)
2026-02-10 22:56:44,151 [INFO] PinOutPanel:1561 - setPackage(STM32H743VGTx,LQFP100)
2026-02-10 22:56:44,781 [INFO] UtilMem:75 - Before build in PCC Used Memory: 786048304 Bytes (1073741824)
2026-02-10 22:56:45,661 [INFO] UtilMem:75 - After build in PCC Used Memory: 866303664 Bytes (1073741824)
2026-02-10 22:56:45,790 [INFO] ApiDbMcu:508 - Load IP Config File for FATFS
2026-02-10 22:56:45,840 [INFO] IPUIPlugin:80 - create IPUIPlugin
2026-02-10 22:56:45,840 [INFO] IPUIPlugin:80 - create IPUIPlugin
2026-02-10 22:56:45,840 [INFO] IPUIPlugin:80 - create IPUIPlugin
2026-02-10 22:56:45,840 [INFO] IPUIPlugin:80 - create IPUIPlugin
2026-02-10 22:56:45,840 [INFO] IPUIPlugin:80 - create IPUIPlugin
2026-02-10 22:56:45,840 [INFO] IPUIPlugin:80 - create IPUIPlugin
2026-02-10 22:56:45,840 [INFO] IPUIPlugin:80 - create IPUIPlugin
2026-02-10 22:56:45,840 [INFO] IPUIPlugin:80 - create IPUIPlugin
2026-02-10 22:56:45,840 [INFO] IPUIPlugin:80 - create IPUIPlugin
2026-02-10 22:56:45,840 [INFO] IPUIPlugin:80 - create IPUIPlugin
2026-02-10 22:56:45,840 [INFO] IPUIPlugin:80 - create IPUIPlugin
2026-02-10 22:56:45,840 [INFO] IPUIPlugin:80 - create IPUIPlugin
2026-02-10 22:56:45,840 [INFO] IPUIPlugin:80 - create IPUIPlugin
2026-02-10 22:56:45,840 [INFO] IPUIPlugin:80 - create IPUIPlugin
2026-02-10 22:56:45,840 [INFO] IPUIPlugin:80 - create IPUIPlugin
2026-02-10 22:56:45,840 [INFO] IPUIPlugin:80 - create IPUIPlugin
2026-02-10 22:56:45,840 [INFO] IPUIPlugin:80 - create IPUIPlugin
2026-02-10 22:56:45,840 [INFO] IPUIPlugin:80 - create IPUIPlugin
2026-02-10 22:56:45,840 [INFO] IPUIPlugin:80 - create IPUIPlugin
2026-02-10 22:56:45,840 [INFO] IPUIPlugin:80 - create IPUIPlugin
2026-02-10 22:56:45,840 [INFO] IPUIPlugin:80 - create IPUIPlugin
2026-02-10 22:56:45,840 [INFO] IPUIPlugin:80 - create IPUIPlugin
2026-02-10 22:56:45,840 [INFO] IPUIPlugin:80 - create IPUIPlugin
2026-02-10 22:56:45,840 [INFO] IPUIPlugin:80 - create IPUIPlugin
2026-02-10 22:56:45,840 [INFO] IPUIPlugin:80 - create IPUIPlugin
2026-02-10 22:56:45,840 [INFO] IPUIPlugin:80 - create IPUIPlugin
2026-02-10 22:56:45,840 [INFO] IPUIPlugin:80 - create IPUIPlugin
2026-02-10 22:56:45,840 [INFO] IPUIPlugin:80 - create IPUIPlugin
2026-02-10 22:56:45,840 [INFO] IPUIPlugin:80 - create IPUIPlugin
2026-02-10 22:56:45,840 [INFO] IPUIPlugin:80 - create IPUIPlugin
2026-02-10 22:56:45,840 [INFO] IPUIPlugin:80 - create IPUIPlugin
2026-02-10 22:56:45,840 [INFO] IPUIPlugin:80 - create IPUIPlugin
2026-02-10 22:56:45,840 [INFO] IPUIPlugin:80 - create IPUIPlugin
2026-02-10 22:56:45,840 [INFO] IPUIPlugin:80 - create IPUIPlugin
2026-02-10 22:56:45,840 [INFO] IPUIPlugin:80 - create IPUIPlugin
2026-02-10 22:56:45,840 [INFO] IPUIPlugin:80 - create IPUIPlugin
2026-02-10 22:56:45,840 [INFO] IPUIPlugin:80 - create IPUIPlugin
2026-02-10 22:56:45,840 [INFO] IPUIPlugin:80 - create IPUIPlugin
2026-02-10 22:56:45,845 [INFO] IPUIPlugin:80 - create IPUIPlugin
2026-02-10 22:56:45,845 [INFO] IPUIPlugin:80 - create IPUIPlugin
2026-02-10 22:56:45,845 [INFO] IPUIPlugin:80 - create IPUIPlugin
2026-02-10 22:56:45,845 [INFO] IPUIPlugin:80 - create IPUIPlugin
2026-02-10 22:56:45,845 [INFO] IPUIPlugin:80 - create IPUIPlugin
2026-02-10 22:56:45,845 [INFO] IPUIPlugin:80 - create IPUIPlugin
2026-02-10 22:56:45,845 [INFO] IPUIPlugin:80 - create IPUIPlugin
2026-02-10 22:56:45,845 [INFO] IPUIPlugin:80 - create IPUIPlugin
2026-02-10 22:56:45,845 [INFO] IPUIPlugin:80 - create IPUIPlugin
2026-02-10 22:56:45,845 [INFO] IPUIPlugin:80 - create IPUIPlugin
2026-02-10 22:56:45,845 [INFO] IPUIPlugin:80 - create IPUIPlugin
2026-02-10 22:56:45,845 [INFO] IPUIPlugin:80 - create IPUIPlugin
2026-02-10 22:56:45,845 [INFO] IPUIPlugin:80 - create IPUIPlugin
2026-02-10 22:56:45,845 [INFO] IPUIPlugin:80 - create IPUIPlugin
2026-02-10 22:56:45,845 [INFO] IPUIPlugin:80 - create IPUIPlugin
2026-02-10 22:56:45,845 [INFO] IPUIPlugin:80 - create IPUIPlugin
2026-02-10 22:56:45,845 [INFO] IPUIPlugin:80 - create IPUIPlugin
2026-02-10 22:56:45,845 [INFO] IPUIPlugin:80 - create IPUIPlugin
2026-02-10 22:56:45,845 [INFO] IPUIPlugin:80 - create IPUIPlugin
2026-02-10 22:56:45,845 [INFO] IPUIPlugin:80 - create IPUIPlugin
2026-02-10 22:56:45,845 [INFO] IPUIPlugin:80 - create IPUIPlugin
2026-02-10 22:56:45,845 [INFO] IPUIPlugin:80 - create IPUIPlugin
2026-02-10 22:56:45,845 [INFO] IPUIPlugin:80 - create IPUIPlugin
2026-02-10 22:56:45,845 [INFO] IPUIPlugin:80 - create IPUIPlugin
2026-02-10 22:56:45,845 [INFO] IPUIPlugin:80 - create IPUIPlugin
2026-02-10 22:56:45,845 [INFO] IPUIPlugin:80 - create IPUIPlugin
2026-02-10 22:56:45,845 [INFO] IPUIPlugin:80 - create IPUIPlugin
2026-02-10 22:56:45,845 [INFO] IPUIPlugin:80 - create IPUIPlugin
2026-02-10 22:56:45,845 [INFO] IPUIPlugin:80 - create IPUIPlugin
2026-02-10 22:56:45,845 [INFO] IPUIPlugin:80 - create IPUIPlugin
2026-02-10 22:56:45,845 [INFO] IPUIPlugin:80 - create IPUIPlugin
2026-02-10 22:56:45,845 [INFO] IPUIPlugin:80 - create IPUIPlugin
2026-02-10 22:56:45,845 [INFO] IPUIPlugin:80 - create IPUIPlugin
2026-02-10 22:56:45,845 [INFO] IPUIPlugin:80 - create IPUIPlugin
2026-02-10 22:56:45,845 [INFO] IPUIPlugin:80 - create IPUIPlugin
2026-02-10 22:56:45,845 [INFO] IPUIPlugin:80 - create IPUIPlugin
2026-02-10 22:56:45,845 [INFO] IPUIPlugin:80 - create IPUIPlugin
2026-02-10 22:56:45,845 [INFO] IPUIPlugin:80 - create IPUIPlugin
2026-02-10 22:56:45,845 [INFO] IPUIPlugin:80 - create IPUIPlugin
2026-02-10 22:56:45,845 [INFO] IPUIPlugin:80 - create IPUIPlugin
2026-02-10 22:56:45,845 [INFO] IPUIPlugin:80 - create IPUIPlugin
2026-02-10 22:56:45,845 [INFO] IPUIPlugin:80 - create IPUIPlugin
2026-02-10 22:56:45,845 [INFO] IPUIPlugin:80 - create IPUIPlugin
2026-02-10 22:56:45,845 [INFO] IPUIPlugin:80 - create IPUIPlugin
2026-02-10 22:56:45,845 [INFO] IPUIPlugin:80 - create IPUIPlugin
2026-02-10 22:56:45,845 [INFO] IPUIPlugin:80 - create IPUIPlugin
2026-02-10 22:56:45,845 [INFO] IPUIPlugin:80 - create IPUIPlugin
2026-02-10 22:56:45,845 [INFO] IPUIPlugin:80 - create IPUIPlugin
2026-02-10 22:56:45,845 [INFO] IPUIPlugin:80 - create IPUIPlugin
2026-02-10 22:56:45,845 [INFO] IPUIPlugin:80 - create IPUIPlugin
2026-02-10 22:56:45,845 [INFO] IPUIPlugin:80 - create IPUIPlugin
2026-02-10 22:56:45,845 [INFO] IPUIPlugin:80 - create IPUIPlugin
2026-02-10 22:56:45,845 [INFO] IPUIPlugin:80 - create IPUIPlugin
2026-02-10 22:56:45,845 [INFO] IPUIPlugin:80 - create IPUIPlugin
2026-02-10 22:56:45,845 [INFO] IPUIPlugin:80 - create IPUIPlugin
2026-02-10 22:56:45,845 [INFO] IPUIPlugin:80 - create IPUIPlugin
2026-02-10 22:56:45,845 [INFO] IPUIPlugin:80 - create IPUIPlugin
2026-02-10 22:56:45,845 [INFO] IPUIPlugin:80 - create IPUIPlugin
2026-02-10 22:56:45,845 [INFO] IPUIPlugin:80 - create IPUIPlugin
2026-02-10 22:56:45,905 [INFO] ApiDbMcu:508 - Load IP Config File for PDM2PCM
2026-02-10 22:56:46,230 [INFO] CADModel:165 - CPN selected for project levelSTM32H743VGT6
2026-02-10 22:56:46,230 [INFO] CADModel:114 - Register for checkConnection events
2026-02-10 22:56:46,295 [INFO] OpenFileManager:363 - Restore cursor
2026-02-10 23:08:36,945 [INFO] WebApp:189 - Connection lost
2026-02-10 23:08:37,086 [INFO] WebApp:186 - Connection restablished
2026-02-10 23:08:53,941 [INFO] WebApp:189 - Connection lost
2026-02-10 23:08:54,044 [INFO] WebApp:186 - Connection restablished
2026-02-10 23:11:54,443 [INFO] WebApp:189 - Connection lost
2026-02-10 23:11:54,553 [INFO] WebApp:186 - Connection restablished
2026-02-10 23:13:38,202 [INFO] ParamManager:896 - [Generic UI] PropertyChangeEvent: TAB_STATUS_CHANGED , "dont care", "never mind"
2026-02-10 23:13:38,389 [INFO] ParamManager:896 - [Generic UI] PropertyChangeEvent: TAB_STATUS_CHANGED , "dont care", "never mind"
2026-02-10 23:13:38,416 [INFO] NvicIntPanel:101 - NVIC parent = com.st.microxplorer.plugins.ip.nvic.MultiNvicIntPanel[,0,0,0x0,invalid,layout=javax.swing.BoxLayout,alignmentX=0.0,alignmentY=0.0,border=,flags=9,maximumSize=,minimumSize=,preferredSize=]
2026-02-10 23:13:38,549 [INFO] NvicIntPanel:101 - NVIC parent = com.st.microxplorer.plugins.ip.nvic.MultiNvicIntPanel[,0,0,0x0,invalid,layout=javax.swing.BoxLayout,alignmentX=0.0,alignmentY=0.0,border=,flags=9,maximumSize=,minimumSize=,preferredSize=]
2026-02-10 23:13:38,697 [INFO] NvicIntPanel:101 - NVIC parent = com.st.microxplorer.plugins.ip.nvic.MultiNvicIntPanel[,0,0,0x0,invalid,layout=javax.swing.BoxLayout,alignmentX=0.0,alignmentY=0.0,border=,flags=9,maximumSize=,minimumSize=,preferredSize=]
2026-02-10 23:13:38,828 [INFO] NvicIntPanel:101 - NVIC parent = com.st.microxplorer.plugins.ip.nvic.MultiNvicIntPanel[,0,0,0x0,invalid,layout=javax.swing.BoxLayout,alignmentX=0.0,alignmentY=0.0,border=,flags=9,maximumSize=,minimumSize=,preferredSize=]
2026-02-10 23:13:43,427 [INFO] ADCParametersView:116 -                Rank 1 : false
2026-02-10 23:13:43,514 [INFO] ADCParametersView:116 -                Rank 1 : false
2026-02-10 23:13:43,514 [INFO] ADCParametersView:116 -                Rank 1 : false
2026-02-10 23:13:43,514 [INFO] ADCParametersView:116 -                Rank 1 : false
2026-02-10 23:13:43,514 [INFO] ADCParametersView:116 -                Rank 1 : false
2026-02-10 23:13:43,514 [INFO] ADCParametersView:116 -                Rank 1 : false
2026-02-10 23:13:43,514 [INFO] ADCParametersView:116 -                Rank 1 : false
2026-02-10 23:13:43,514 [INFO] ADCParametersView:116 -                Rank 1 : false
2026-02-10 23:13:43,514 [INFO] ADCParametersView:116 -                Rank 1 : false
2026-02-10 23:13:43,514 [INFO] ADCParametersView:116 -                Rank 1 : false
2026-02-10 23:13:43,514 [INFO] ADCParametersView:116 -                Rank 1 : false
2026-02-10 23:13:43,514 [INFO] ADCParametersView:116 -                Rank 1 : false
2026-02-10 23:13:43,514 [INFO] ADCParametersView:116 -                Rank 1 : false
2026-02-10 23:13:43,514 [INFO] ADCParametersView:116 -                Rank 1 : false
2026-02-10 23:13:43,514 [INFO] ADCParametersView:116 -                Rank 1 : false
2026-02-10 23:13:43,514 [INFO] ADCParametersView:116 -                Rank 1 : false
2026-02-10 23:13:43,514 [INFO] ADCParametersView:116 -                Rank 1 : false
2026-02-10 23:13:43,514 [INFO] ADCParametersView:116 -                Rank 1 : false
2026-02-10 23:13:43,514 [INFO] ADCParametersView:116 -                Rank 1 : false
2026-02-10 23:13:43,516 [INFO] ADCParametersView:116 -                Rank 1 : false
2026-02-10 23:13:43,516 [INFO] ADCParametersView:116 -                Rank 1 : false
2026-02-10 23:13:43,516 [INFO] ADCParametersView:116 -                Rank 1 : false
2026-02-10 23:13:43,571 [INFO] ADCParametersView:116 -                Rank 1 : false
2026-02-10 23:15:21,412 [INFO] WebApp:189 - Connection lost
2026-02-10 23:15:21,552 [INFO] WebApp:186 - Connection restablished
2026-02-10 23:17:21,147 [INFO] NvicIntPanel:101 - NVIC parent = com.st.microxplorer.plugins.ip.nvic.MultiNvicIntPanel[,0,0,0x0,invalid,layout=javax.swing.BoxLayout,alignmentX=0.0,alignmentY=0.0,border=,flags=9,maximumSize=,minimumSize=,preferredSize=]
2026-02-10 23:17:21,210 [INFO] ADCParametersView:116 -                Rank 1 : false
2026-02-10 23:17:21,215 [INFO] ADCParametersView:116 -                Rank 1 : false
2026-02-10 23:17:21,215 [INFO] ADCParametersView:116 -                Rank 1 : false
2026-02-10 23:17:21,215 [INFO] ADCParametersView:116 -                Rank 1 : false
2026-02-10 23:17:21,215 [INFO] ADCParametersView:116 -                Rank 1 : false
2026-02-10 23:17:21,229 [INFO] ADCParametersView:116 -                Rank 1 : false
2026-02-10 23:17:21,229 [INFO] ADCParametersView:116 -                Rank 1 : false
2026-02-10 23:17:21,238 [INFO] ADCParametersView:116 -                Rank 1 : false
2026-02-10 23:17:21,238 [INFO] ADCParametersView:116 -                Rank 1 : false
2026-02-10 23:17:21,238 [INFO] ADCParametersView:116 -                Rank 1 : false
2026-02-10 23:17:21,238 [INFO] ADCParametersView:116 -                Rank 1 : false
2026-02-10 23:17:21,238 [INFO] ADCParametersView:116 -                Rank 1 : false
2026-02-10 23:17:21,238 [INFO] ADCParametersView:116 -                Rank 1 : false
2026-02-10 23:17:21,238 [INFO] ADCParametersView:116 -                Rank 1 : false
2026-02-10 23:17:21,238 [INFO] ADCParametersView:116 -                Rank 1 : false
2026-02-10 23:17:21,238 [INFO] ADCParametersView:116 -                Rank 1 : false
2026-02-10 23:17:21,238 [INFO] ADCParametersView:116 -                Rank 1 : false
2026-02-10 23:17:21,238 [INFO] ADCParametersView:116 -                Rank 1 : false
2026-02-10 23:17:21,238 [INFO] ADCParametersView:116 -                Rank 1 : false
2026-02-10 23:17:21,238 [INFO] ADCParametersView:116 -                Rank 1 : false
2026-02-10 23:17:21,238 [INFO] ADCParametersView:116 -                Rank 1 : false
2026-02-10 23:17:21,311 [INFO] ADCParametersView:116 -                Rank 1 : false
2026-02-10 23:17:21,406 [INFO] ADCParametersView:116 -                Rank 1 : false
2026-02-10 23:17:21,407 [INFO] ADCParametersView:116 -                Rank 1 : false
2026-02-10 23:17:21,407 [INFO] ADCParametersView:116 -                Rank 1 : false
2026-02-10 23:17:21,407 [INFO] ADCParametersView:116 -                Rank 1 : false
2026-02-10 23:17:21,407 [INFO] ADCParametersView:116 -                Rank 1 : false
2026-02-10 23:17:21,407 [INFO] ADCParametersView:116 -                Rank 1 : false
2026-02-10 23:17:21,407 [INFO] ADCParametersView:116 -                Rank 1 : false
2026-02-10 23:17:21,407 [INFO] ADCParametersView:116 -                Rank 1 : false
2026-02-10 23:17:21,407 [INFO] ADCParametersView:116 -                Rank 1 : false
2026-02-10 23:17:21,407 [INFO] ADCParametersView:116 -                Rank 1 : false
2026-02-10 23:17:21,407 [INFO] ADCParametersView:116 -                Rank 1 : false
2026-02-10 23:17:21,407 [INFO] ADCParametersView:116 -                Rank 1 : false
2026-02-10 23:17:21,407 [INFO] ADCParametersView:116 -                Rank 1 : false
2026-02-10 23:17:21,407 [INFO] ADCParametersView:116 -                Rank 1 : false
2026-02-10 23:17:21,408 [INFO] ADCParametersView:116 -                Rank 1 : false
2026-02-10 23:17:21,408 [INFO] ADCParametersView:116 -                Rank 1 : false
2026-02-10 23:17:21,408 [INFO] ADCParametersView:116 -                Rank 1 : false
2026-02-10 23:17:21,408 [INFO] ADCParametersView:116 -                Rank 1 : false
2026-02-10 23:17:21,408 [INFO] ADCParametersView:116 -                Rank 1 : false
2026-02-10 23:17:21,408 [INFO] ADCParametersView:116 -                Rank 1 : false
2026-02-10 23:17:21,408 [INFO] ADCParametersView:116 -                Rank 1 : false
2026-02-10 23:17:21,480 [INFO] ADCParametersView:116 -                Rank 1 : false
2026-02-10 23:17:21,955 [INFO] ADCParametersView:116 -                Rank 1 : false
2026-02-10 23:17:21,956 [INFO] ADCParametersView:116 -                Rank 1 : false
2026-02-10 23:17:21,956 [INFO] ADCParametersView:116 -                Rank 1 : false
2026-02-10 23:17:21,956 [INFO] ADCParametersView:116 -                Rank 1 : false
2026-02-10 23:17:21,956 [INFO] ADCParametersView:116 -                Rank 1 : false
2026-02-10 23:17:21,956 [INFO] ADCParametersView:116 -                Rank 1 : false
2026-02-10 23:17:21,956 [INFO] ADCParametersView:116 -                Rank 1 : false
2026-02-10 23:17:21,956 [INFO] ADCParametersView:116 -                Rank 1 : false
2026-02-10 23:17:21,956 [INFO] ADCParametersView:116 -                Rank 1 : false
2026-02-10 23:17:21,956 [INFO] ADCParametersView:116 -                Rank 1 : false
2026-02-10 23:17:21,956 [INFO] ADCParametersView:116 -                Rank 1 : false
2026-02-10 23:17:21,956 [INFO] ADCParametersView:116 -                Rank 1 : false
2026-02-10 23:17:21,956 [INFO] ADCParametersView:116 -                Rank 1 : false
2026-02-10 23:17:21,956 [INFO] ADCParametersView:116 -                Rank 1 : false
2026-02-10 23:17:21,956 [INFO] ADCParametersView:116 -                Rank 1 : false
2026-02-10 23:17:21,956 [INFO] ADCParametersView:116 -                Rank 1 : false
2026-02-10 23:17:21,956 [INFO] ADCParametersView:116 -                Rank 1 : false
2026-02-10 23:17:21,956 [INFO] ADCParametersView:116 -                Rank 1 : false
2026-02-10 23:17:21,956 [INFO] ADCParametersView:116 -                Rank 1 : false
2026-02-10 23:17:21,956 [INFO] ADCParametersView:116 -                Rank 1 : false
2026-02-10 23:17:21,956 [INFO] ADCParametersView:116 -                Rank 1 : false
2026-02-10 23:17:22,018 [INFO] ADCParametersView:116 -                Rank 1 : false
2026-02-10 23:17:22,097 [INFO] ADCParametersView:116 -                Rank 1 : false
2026-02-10 23:17:22,099 [INFO] ADCParametersView:116 -                Rank 1 : false
2026-02-10 23:17:22,099 [INFO] ADCParametersView:116 -                Rank 1 : false
2026-02-10 23:17:22,099 [INFO] ADCParametersView:116 -                Rank 1 : false
2026-02-10 23:17:22,099 [INFO] ADCParametersView:116 -                Rank 1 : false
2026-02-10 23:17:22,099 [INFO] ADCParametersView:116 -                Rank 1 : false
2026-02-10 23:17:22,099 [INFO] ADCParametersView:116 -                Rank 1 : false
2026-02-10 23:17:22,099 [INFO] ADCParametersView:116 -                Rank 1 : false
2026-02-10 23:17:22,099 [INFO] ADCParametersView:116 -                Rank 1 : false
2026-02-10 23:17:22,099 [INFO] ADCParametersView:116 -                Rank 1 : false
2026-02-10 23:17:22,099 [INFO] ADCParametersView:116 -                Rank 1 : false
2026-02-10 23:17:22,099 [INFO] ADCParametersView:116 -                Rank 1 : false
2026-02-10 23:17:22,099 [INFO] ADCParametersView:116 -                Rank 1 : false
2026-02-10 23:17:22,099 [INFO] ADCParametersView:116 -                Rank 1 : false
2026-02-10 23:17:22,099 [INFO] ADCParametersView:116 -                Rank 1 : false
2026-02-10 23:17:22,099 [INFO] ADCParametersView:116 -                Rank 1 : false
2026-02-10 23:17:22,099 [INFO] ADCParametersView:116 -                Rank 1 : false
2026-02-10 23:17:22,099 [INFO] ADCParametersView:116 -                Rank 1 : false
2026-02-10 23:17:22,099 [INFO] ADCParametersView:116 -                Rank 1 : false
2026-02-10 23:17:22,099 [INFO] ADCParametersView:116 -                Rank 1 : false
2026-02-10 23:17:22,099 [INFO] ADCParametersView:116 -                Rank 1 : false
2026-02-10 23:17:22,178 [INFO] ADCParametersView:116 -                Rank 1 : false
2026-02-10 23:17:28,154 [INFO] NvicIntPanel:101 - NVIC parent = com.st.microxplorer.plugins.ip.nvic.MultiNvicIntPanel[,0,0,0x0,invalid,layout=javax.swing.BoxLayout,alignmentX=0.0,alignmentY=0.0,border=,flags=9,maximumSize=,minimumSize=,preferredSize=]
2026-02-10 23:17:28,222 [INFO] ADCParametersView:116 -                Rank 1 : false
2026-02-10 23:17:28,222 [INFO] ADCParametersView:116 -                Rank 1 : false
2026-02-10 23:17:28,222 [INFO] ADCParametersView:116 -                Rank 1 : false
2026-02-10 23:17:28,222 [INFO] ADCParametersView:116 -                Rank 1 : false
2026-02-10 23:17:28,222 [INFO] ADCParametersView:116 -                Rank 1 : false
2026-02-10 23:17:28,222 [INFO] ADCParametersView:116 -                Rank 1 : false
2026-02-10 23:17:28,222 [INFO] ADCParametersView:116 -                Rank 1 : false
2026-02-10 23:17:28,222 [INFO] ADCParametersView:116 -                Rank 1 : false
2026-02-10 23:17:28,222 [INFO] ADCParametersView:116 -                Rank 1 : false
2026-02-10 23:17:28,222 [INFO] ADCParametersView:116 -                Rank 1 : false
2026-02-10 23:17:28,222 [INFO] ADCParametersView:116 -                Rank 1 : false
2026-02-10 23:17:28,222 [INFO] ADCParametersView:116 -                Rank 1 : false
2026-02-10 23:17:28,222 [INFO] ADCParametersView:116 -                Rank 1 : false
2026-02-10 23:17:28,222 [INFO] ADCParametersView:116 -                Rank 1 : false
2026-02-10 23:17:28,222 [INFO] ADCParametersView:116 -                Rank 1 : false
2026-02-10 23:17:28,222 [INFO] ADCParametersView:116 -                Rank 1 : false
2026-02-10 23:17:28,222 [INFO] ADCParametersView:116 -                Rank 1 : false
2026-02-10 23:17:28,222 [INFO] ADCParametersView:116 -                Rank 1 : false
2026-02-10 23:17:28,222 [INFO] ADCParametersView:116 -                Rank 1 : false
2026-02-10 23:17:28,222 [INFO] ADCParametersView:116 -                Rank 1 : false
2026-02-10 23:17:28,222 [INFO] ADCParametersView:116 -                Rank 1 : false
2026-02-10 23:17:28,285 [INFO] ADCParametersView:116 -                Rank 1 : false
2026-02-10 23:17:28,357 [INFO] ADCParametersView:116 -                Rank 1 : false
2026-02-10 23:17:28,358 [INFO] ADCParametersView:116 -                Rank 1 : false
2026-02-10 23:17:28,358 [INFO] ADCParametersView:116 -                Rank 1 : false
2026-02-10 23:17:28,358 [INFO] ADCParametersView:116 -                Rank 1 : false
2026-02-10 23:17:28,358 [INFO] ADCParametersView:116 -                Rank 1 : false
2026-02-10 23:17:28,358 [INFO] ADCParametersView:116 -                Rank 1 : false
2026-02-10 23:17:28,358 [INFO] ADCParametersView:116 -                Rank 1 : false
2026-02-10 23:17:28,358 [INFO] ADCParametersView:116 -                Rank 1 : false
2026-02-10 23:17:28,358 [INFO] ADCParametersView:116 -                Rank 1 : false
2026-02-10 23:17:28,358 [INFO] ADCParametersView:116 -                Rank 1 : false
2026-02-10 23:17:28,358 [INFO] ADCParametersView:116 -                Rank 1 : false
2026-02-10 23:17:28,358 [INFO] ADCParametersView:116 -                Rank 1 : false
2026-02-10 23:17:28,358 [INFO] ADCParametersView:116 -                Rank 1 : false
2026-02-10 23:17:28,358 [INFO] ADCParametersView:116 -                Rank 1 : false
2026-02-10 23:17:28,358 [INFO] ADCParametersView:116 -                Rank 1 : false
2026-02-10 23:17:28,358 [INFO] ADCParametersView:116 -                Rank 1 : false
2026-02-10 23:17:28,358 [INFO] ADCParametersView:116 -                Rank 1 : false
2026-02-10 23:17:28,358 [INFO] ADCParametersView:116 -                Rank 1 : false
2026-02-10 23:17:28,358 [INFO] ADCParametersView:116 -                Rank 1 : false
2026-02-10 23:17:28,358 [INFO] ADCParametersView:116 -                Rank 1 : false
2026-02-10 23:17:28,358 [INFO] ADCParametersView:116 -                Rank 1 : false
2026-02-10 23:17:28,417 [INFO] ADCParametersView:116 -                Rank 1 : false
2026-02-10 23:17:28,610 [INFO] ADCParametersView:116 -                Rank 1 : false
2026-02-10 23:17:28,611 [INFO] ADCParametersView:116 -                Rank 1 : false
2026-02-10 23:17:28,611 [INFO] ADCParametersView:116 -                Rank 1 : false
2026-02-10 23:17:28,611 [INFO] ADCParametersView:116 -                Rank 1 : false
2026-02-10 23:17:28,611 [INFO] ADCParametersView:116 -                Rank 1 : false
2026-02-10 23:17:28,611 [INFO] ADCParametersView:116 -                Rank 1 : false
2026-02-10 23:17:28,611 [INFO] ADCParametersView:116 -                Rank 1 : false
2026-02-10 23:17:28,611 [INFO] ADCParametersView:116 -                Rank 1 : false
2026-02-10 23:17:28,611 [INFO] ADCParametersView:116 -                Rank 1 : false
2026-02-10 23:17:28,611 [INFO] ADCParametersView:116 -                Rank 1 : false
2026-02-10 23:17:28,611 [INFO] ADCParametersView:116 -                Rank 1 : false
2026-02-10 23:17:28,611 [INFO] ADCParametersView:116 -                Rank 1 : false
2026-02-10 23:17:28,611 [INFO] ADCParametersView:116 -                Rank 1 : false
2026-02-10 23:17:28,611 [INFO] ADCParametersView:116 -                Rank 1 : false
2026-02-10 23:17:28,611 [INFO] ADCParametersView:116 -                Rank 1 : false
2026-02-10 23:17:28,611 [INFO] ADCParametersView:116 -                Rank 1 : false
2026-02-10 23:17:28,611 [INFO] ADCParametersView:116 -                Rank 1 : false
2026-02-10 23:17:28,611 [INFO] ADCParametersView:116 -                Rank 1 : false
2026-02-10 23:17:28,611 [INFO] ADCParametersView:116 -                Rank 1 : false
2026-02-10 23:17:28,611 [INFO] ADCParametersView:116 -                Rank 1 : false
2026-02-10 23:17:28,611 [INFO] ADCParametersView:116 -                Rank 1 : false
2026-02-10 23:17:28,696 [INFO] ADCParametersView:116 -                Rank 1 : false
2026-02-10 23:17:28,809 [INFO] ADCParametersView:116 -                Rank 1 : false
2026-02-10 23:17:28,810 [INFO] ADCParametersView:116 -                Rank 1 : false
2026-02-10 23:17:28,810 [INFO] ADCParametersView:116 -                Rank 1 : false
2026-02-10 23:17:28,810 [INFO] ADCParametersView:116 -                Rank 1 : false
2026-02-10 23:17:28,810 [INFO] ADCParametersView:116 -                Rank 1 : false
2026-02-10 23:17:28,810 [INFO] ADCParametersView:116 -                Rank 1 : false
2026-02-10 23:17:28,810 [INFO] ADCParametersView:116 -                Rank 1 : false
2026-02-10 23:17:28,810 [INFO] ADCParametersView:116 -                Rank 1 : false
2026-02-10 23:17:28,810 [INFO] ADCParametersView:116 -                Rank 1 : false
2026-02-10 23:17:28,810 [INFO] ADCParametersView:116 -                Rank 1 : false
2026-02-10 23:17:28,810 [INFO] ADCParametersView:116 -                Rank 1 : false
2026-02-10 23:17:28,810 [INFO] ADCParametersView:116 -                Rank 1 : false
2026-02-10 23:17:28,810 [INFO] ADCParametersView:116 -                Rank 1 : false
2026-02-10 23:17:28,810 [INFO] ADCParametersView:116 -                Rank 1 : false
2026-02-10 23:17:28,810 [INFO] ADCParametersView:116 -                Rank 1 : false
2026-02-10 23:17:28,810 [INFO] ADCParametersView:116 -                Rank 1 : false
2026-02-10 23:17:28,810 [INFO] ADCParametersView:116 -                Rank 1 : false
2026-02-10 23:17:28,810 [INFO] ADCParametersView:116 -                Rank 1 : false
2026-02-10 23:17:28,810 [INFO] ADCParametersView:116 -                Rank 1 : false
2026-02-10 23:17:28,810 [INFO] ADCParametersView:116 -                Rank 1 : false
2026-02-10 23:17:28,811 [INFO] ADCParametersView:116 -                Rank 1 : false
2026-02-10 23:17:28,880 [INFO] ADCParametersView:116 -                Rank 1 : false
2026-02-10 23:18:41,059 [INFO] ADCParametersView:116 -                Rank 1 : false
2026-02-10 23:18:41,060 [INFO] ADCParametersView:116 -                Rank 1 : false
2026-02-10 23:18:41,060 [INFO] ADCParametersView:116 -                Rank 1 : false
2026-02-10 23:18:41,060 [INFO] ADCParametersView:116 -                Rank 1 : false
2026-02-10 23:18:41,060 [INFO] ADCParametersView:116 -                Rank 1 : false
2026-02-10 23:18:41,060 [INFO] ADCParametersView:116 -                Rank 1 : false
2026-02-10 23:18:41,060 [INFO] ADCParametersView:116 -                Rank 1 : false
2026-02-10 23:18:41,060 [INFO] ADCParametersView:116 -                Rank 1 : false
2026-02-10 23:18:41,060 [INFO] ADCParametersView:116 -                Rank 1 : false
2026-02-10 23:18:41,061 [INFO] ADCParametersView:116 -                Rank 1 : false
2026-02-10 23:18:41,061 [INFO] ADCParametersView:116 -                Rank 1 : false
2026-02-10 23:18:41,061 [INFO] ADCParametersView:116 -                Rank 1 : false
2026-02-10 23:18:41,061 [INFO] ADCParametersView:116 -                Rank 1 : false
2026-02-10 23:18:41,061 [INFO] ADCParametersView:116 -                Rank 1 : false
2026-02-10 23:18:41,061 [INFO] ADCParametersView:116 -                Rank 1 : false
2026-02-10 23:18:41,061 [INFO] ADCParametersView:116 -                Rank 1 : false
2026-02-10 23:18:41,061 [INFO] ADCParametersView:116 -                Rank 1 : false
2026-02-10 23:18:41,061 [INFO] ADCParametersView:116 -                Rank 1 : false
2026-02-10 23:18:41,061 [INFO] ADCParametersView:116 -                Rank 1 : false
2026-02-10 23:18:41,061 [INFO] ADCParametersView:116 -                Rank 1 : false
2026-02-10 23:18:41,061 [INFO] ADCParametersView:116 -                Rank 1 : false
2026-02-10 23:18:41,167 [INFO] ADCParametersView:116 -                Rank 1 : false
2026-02-10 23:18:41,261 [INFO] ADCParametersView:116 -                Rank 1 : false
2026-02-10 23:18:41,262 [INFO] ADCParametersView:116 -                Rank 1 : false
2026-02-10 23:18:41,262 [INFO] ADCParametersView:116 -                Rank 1 : false
2026-02-10 23:18:41,262 [INFO] ADCParametersView:116 -                Rank 1 : false
2026-02-10 23:18:41,262 [INFO] ADCParametersView:116 -                Rank 1 : false
2026-02-10 23:18:41,262 [INFO] ADCParametersView:116 -                Rank 1 : false
2026-02-10 23:18:41,262 [INFO] ADCParametersView:116 -                Rank 1 : false
2026-02-10 23:18:41,262 [INFO] ADCParametersView:116 -                Rank 1 : false
2026-02-10 23:18:41,262 [INFO] ADCParametersView:116 -                Rank 1 : false
2026-02-10 23:18:41,262 [INFO] ADCParametersView:116 -                Rank 1 : false
2026-02-10 23:18:41,262 [INFO] ADCParametersView:116 -                Rank 1 : false
2026-02-10 23:18:41,262 [INFO] ADCParametersView:116 -                Rank 1 : false
2026-02-10 23:18:41,262 [INFO] ADCParametersView:116 -                Rank 1 : false
2026-02-10 23:18:41,262 [INFO] ADCParametersView:116 -                Rank 1 : false
2026-02-10 23:18:41,262 [INFO] ADCParametersView:116 -                Rank 1 : false
2026-02-10 23:18:41,262 [INFO] ADCParametersView:116 -                Rank 1 : false
2026-02-10 23:18:41,262 [INFO] ADCParametersView:116 -                Rank 1 : false
2026-02-10 23:18:41,262 [INFO] ADCParametersView:116 -                Rank 1 : false
2026-02-10 23:18:41,262 [INFO] ADCParametersView:116 -                Rank 1 : false
2026-02-10 23:18:41,262 [INFO] ADCParametersView:116 -                Rank 1 : false
2026-02-10 23:18:41,262 [INFO] ADCParametersView:116 -                Rank 1 : false
2026-02-10 23:18:41,334 [INFO] ADCParametersView:116 -                Rank 1 : false
2026-02-10 23:18:41,870 [INFO] ADCParametersView:116 -                Rank 1 : false
2026-02-10 23:18:41,871 [INFO] ADCParametersView:116 -                Rank 1 : false
2026-02-10 23:18:41,871 [INFO] ADCParametersView:116 -                Rank 1 : false
2026-02-10 23:18:41,871 [INFO] ADCParametersView:116 -                Rank 1 : false
2026-02-10 23:18:41,871 [INFO] ADCParametersView:116 -                Rank 1 : false
2026-02-10 23:18:41,871 [INFO] ADCParametersView:116 -                Rank 1 : false
2026-02-10 23:18:41,871 [INFO] ADCParametersView:116 -                Rank 1 : false
2026-02-10 23:18:41,871 [INFO] ADCParametersView:116 -                Rank 1 : false
2026-02-10 23:18:41,871 [INFO] ADCParametersView:116 -                Rank 1 : false
2026-02-10 23:18:41,871 [INFO] ADCParametersView:116 -                Rank 1 : false
2026-02-10 23:18:41,871 [INFO] ADCParametersView:116 -                Rank 1 : false
2026-02-10 23:18:41,871 [INFO] ADCParametersView:116 -                Rank 1 : false
2026-02-10 23:18:41,871 [INFO] ADCParametersView:116 -                Rank 1 : false
2026-02-10 23:18:41,871 [INFO] ADCParametersView:116 -                Rank 1 : false
2026-02-10 23:18:41,871 [INFO] ADCParametersView:116 -                Rank 1 : false
2026-02-10 23:18:41,871 [INFO] ADCParametersView:116 -                Rank 1 : false
2026-02-10 23:18:41,871 [INFO] ADCParametersView:116 -                Rank 1 : false
2026-02-10 23:18:41,871 [INFO] ADCParametersView:116 -                Rank 1 : false
2026-02-10 23:18:41,871 [INFO] ADCParametersView:116 -                Rank 1 : false
2026-02-10 23:18:41,871 [INFO] ADCParametersView:116 -                Rank 1 : false
2026-02-10 23:18:41,871 [INFO] ADCParametersView:116 -                Rank 1 : false
2026-02-10 23:18:41,941 [INFO] ADCParametersView:116 -                Rank 1 : false
2026-02-10 23:18:42,021 [INFO] ADCParametersView:116 -                Rank 1 : false
2026-02-10 23:18:42,022 [INFO] ADCParametersView:116 -                Rank 1 : false
2026-02-10 23:18:42,022 [INFO] ADCParametersView:116 -                Rank 1 : false
2026-02-10 23:18:42,022 [INFO] ADCParametersView:116 -                Rank 1 : false
2026-02-10 23:18:42,022 [INFO] ADCParametersView:116 -                Rank 1 : false
2026-02-10 23:18:42,022 [INFO] ADCParametersView:116 -                Rank 1 : false
2026-02-10 23:18:42,022 [INFO] ADCParametersView:116 -                Rank 1 : false
2026-02-10 23:18:42,022 [INFO] ADCParametersView:116 -                Rank 1 : false
2026-02-10 23:18:42,022 [INFO] ADCParametersView:116 -                Rank 1 : false
2026-02-10 23:18:42,022 [INFO] ADCParametersView:116 -                Rank 1 : false
2026-02-10 23:18:42,022 [INFO] ADCParametersView:116 -                Rank 1 : false
2026-02-10 23:18:42,022 [INFO] ADCParametersView:116 -                Rank 1 : false
2026-02-10 23:18:42,022 [INFO] ADCParametersView:116 -                Rank 1 : false
2026-02-10 23:18:42,022 [INFO] ADCParametersView:116 -                Rank 1 : false
2026-02-10 23:18:42,022 [INFO] ADCParametersView:116 -                Rank 1 : false
2026-02-10 23:18:42,022 [INFO] ADCParametersView:116 -                Rank 1 : false
2026-02-10 23:18:42,022 [INFO] ADCParametersView:116 -                Rank 1 : false
2026-02-10 23:18:42,022 [INFO] ADCParametersView:116 -                Rank 1 : false
2026-02-10 23:18:42,022 [INFO] ADCParametersView:116 -                Rank 1 : false
2026-02-10 23:18:42,022 [INFO] ADCParametersView:116 -                Rank 1 : false
2026-02-10 23:18:42,022 [INFO] ADCParametersView:116 -                Rank 1 : false
2026-02-10 23:18:42,090 [INFO] ADCParametersView:116 -                Rank 1 : false
2026-02-10 23:18:51,378 [INFO] ADCParametersView:116 -                Rank 1 : false
2026-02-10 23:18:51,379 [INFO] ADCParametersView:116 -                Rank 1 : false
2026-02-10 23:18:51,379 [INFO] ADCParametersView:116 -                Rank 1 : false
2026-02-10 23:18:51,379 [INFO] ADCParametersView:116 -                Rank 1 : false
2026-02-10 23:18:51,379 [INFO] ADCParametersView:116 -                Rank 1 : false
2026-02-10 23:18:51,379 [INFO] ADCParametersView:116 -                Rank 1 : false
2026-02-10 23:18:51,379 [INFO] ADCParametersView:116 -                Rank 1 : false
2026-02-10 23:18:51,379 [INFO] ADCParametersView:116 -                Rank 1 : false
2026-02-10 23:18:51,379 [INFO] ADCParametersView:116 -                Rank 1 : false
2026-02-10 23:18:51,380 [INFO] ADCParametersView:116 -                Rank 1 : false
2026-02-10 23:18:51,380 [INFO] ADCParametersView:116 -                Rank 1 : false
2026-02-10 23:18:51,380 [INFO] ADCParametersView:116 -                Rank 1 : false
2026-02-10 23:18:51,380 [INFO] ADCParametersView:116 -                Rank 1 : false
2026-02-10 23:18:51,380 [INFO] ADCParametersView:116 -                Rank 1 : false
2026-02-10 23:18:51,380 [INFO] ADCParametersView:116 -                Rank 1 : false
2026-02-10 23:18:51,380 [INFO] ADCParametersView:116 -                Rank 1 : false
2026-02-10 23:18:51,380 [INFO] ADCParametersView:116 -                Rank 1 : false
2026-02-10 23:18:51,380 [INFO] ADCParametersView:116 -                Rank 1 : false
2026-02-10 23:18:51,380 [INFO] ADCParametersView:116 -                Rank 1 : false
2026-02-10 23:18:51,380 [INFO] ADCParametersView:116 -                Rank 1 : false
2026-02-10 23:18:51,380 [INFO] ADCParametersView:116 -                Rank 1 : false
2026-02-10 23:18:51,479 [INFO] ADCParametersView:116 -                Rank 1 : false
2026-02-10 23:18:51,560 [INFO] ADCParametersView:116 -                Rank 1 : false
2026-02-10 23:18:51,561 [INFO] ADCParametersView:116 -                Rank 1 : false
2026-02-10 23:18:51,561 [INFO] ADCParametersView:116 -                Rank 1 : false
2026-02-10 23:18:51,561 [INFO] ADCParametersView:116 -                Rank 1 : false
2026-02-10 23:18:51,561 [INFO] ADCParametersView:116 -                Rank 1 : false
2026-02-10 23:18:51,561 [INFO] ADCParametersView:116 -                Rank 1 : false
2026-02-10 23:18:51,561 [INFO] ADCParametersView:116 -                Rank 1 : false
2026-02-10 23:18:51,561 [INFO] ADCParametersView:116 -                Rank 1 : false
2026-02-10 23:18:51,561 [INFO] ADCParametersView:116 -                Rank 1 : false
2026-02-10 23:18:51,561 [INFO] ADCParametersView:116 -                Rank 1 : false
2026-02-10 23:18:51,561 [INFO] ADCParametersView:116 -                Rank 1 : false
2026-02-10 23:18:51,561 [INFO] ADCParametersView:116 -                Rank 1 : false
2026-02-10 23:18:51,561 [INFO] ADCParametersView:116 -                Rank 1 : false
2026-02-10 23:18:51,561 [INFO] ADCParametersView:116 -                Rank 1 : false
2026-02-10 23:18:51,561 [INFO] ADCParametersView:116 -                Rank 1 : false
2026-02-10 23:18:51,561 [INFO] ADCParametersView:116 -                Rank 1 : false
2026-02-10 23:18:51,561 [INFO] ADCParametersView:116 -                Rank 1 : false
2026-02-10 23:18:51,561 [INFO] ADCParametersView:116 -                Rank 1 : false
2026-02-10 23:18:51,561 [INFO] ADCParametersView:116 -                Rank 1 : false
2026-02-10 23:18:51,561 [INFO] ADCParametersView:116 -                Rank 1 : false
2026-02-10 23:18:51,561 [INFO] ADCParametersView:116 -                Rank 1 : false
2026-02-10 23:18:51,630 [INFO] ADCParametersView:116 -                Rank 1 : false
2026-02-10 23:18:52,153 [INFO] ADCParametersView:116 -                Rank 1 : false
2026-02-10 23:18:52,154 [INFO] ADCParametersView:116 -                Rank 1 : false
2026-02-10 23:18:52,154 [INFO] ADCParametersView:116 -                Rank 1 : false
2026-02-10 23:18:52,154 [INFO] ADCParametersView:116 -                Rank 1 : false
2026-02-10 23:18:52,154 [INFO] ADCParametersView:116 -                Rank 1 : false
2026-02-10 23:18:52,154 [INFO] ADCParametersView:116 -                Rank 1 : false
2026-02-10 23:18:52,154 [INFO] ADCParametersView:116 -                Rank 1 : false
2026-02-10 23:18:52,154 [INFO] ADCParametersView:116 -                Rank 1 : false
2026-02-10 23:18:52,154 [INFO] ADCParametersView:116 -                Rank 1 : false
2026-02-10 23:18:52,154 [INFO] ADCParametersView:116 -                Rank 1 : false
2026-02-10 23:18:52,154 [INFO] ADCParametersView:116 -                Rank 1 : false
2026-02-10 23:18:52,154 [INFO] ADCParametersView:116 -                Rank 1 : false
2026-02-10 23:18:52,154 [INFO] ADCParametersView:116 -                Rank 1 : false
2026-02-10 23:18:52,154 [INFO] ADCParametersView:116 -                Rank 1 : false
2026-02-10 23:18:52,154 [INFO] ADCParametersView:116 -                Rank 1 : false
2026-02-10 23:18:52,154 [INFO] ADCParametersView:116 -                Rank 1 : false
2026-02-10 23:18:52,154 [INFO] ADCParametersView:116 -                Rank 1 : false
2026-02-10 23:18:52,154 [INFO] ADCParametersView:116 -                Rank 1 : false
2026-02-10 23:18:52,154 [INFO] ADCParametersView:116 -                Rank 1 : false
2026-02-10 23:18:52,154 [INFO] ADCParametersView:116 -                Rank 1 : false
2026-02-10 23:18:52,154 [INFO] ADCParametersView:116 -                Rank 1 : false
2026-02-10 23:18:52,220 [INFO] ADCParametersView:116 -                Rank 1 : false
2026-02-10 23:18:52,294 [INFO] ADCParametersView:116 -                Rank 1 : false
2026-02-10 23:18:52,295 [INFO] ADCParametersView:116 -                Rank 1 : false
2026-02-10 23:18:52,295 [INFO] ADCParametersView:116 -                Rank 1 : false
2026-02-10 23:18:52,295 [INFO] ADCParametersView:116 -                Rank 1 : false
2026-02-10 23:18:52,295 [INFO] ADCParametersView:116 -                Rank 1 : false
2026-02-10 23:18:52,295 [INFO] ADCParametersView:116 -                Rank 1 : false
2026-02-10 23:18:52,295 [INFO] ADCParametersView:116 -                Rank 1 : false
2026-02-10 23:18:52,295 [INFO] ADCParametersView:116 -                Rank 1 : false
2026-02-10 23:18:52,295 [INFO] ADCParametersView:116 -                Rank 1 : false
2026-02-10 23:18:52,295 [INFO] ADCParametersView:116 -                Rank 1 : false
2026-02-10 23:18:52,295 [INFO] ADCParametersView:116 -                Rank 1 : false
2026-02-10 23:18:52,295 [INFO] ADCParametersView:116 -                Rank 1 : false
2026-02-10 23:18:52,295 [INFO] ADCParametersView:116 -                Rank 1 : false
2026-02-10 23:18:52,295 [INFO] ADCParametersView:116 -                Rank 1 : false
2026-02-10 23:18:52,295 [INFO] ADCParametersView:116 -                Rank 1 : false
2026-02-10 23:18:52,295 [INFO] ADCParametersView:116 -                Rank 1 : false
2026-02-10 23:18:52,295 [INFO] ADCParametersView:116 -                Rank 1 : false
2026-02-10 23:18:52,295 [INFO] ADCParametersView:116 -                Rank 1 : false
2026-02-10 23:18:52,295 [INFO] ADCParametersView:116 -                Rank 1 : false
2026-02-10 23:18:52,295 [INFO] ADCParametersView:116 -                Rank 1 : false
2026-02-10 23:18:52,295 [INFO] ADCParametersView:116 -                Rank 1 : false
2026-02-10 23:18:52,360 [INFO] ADCParametersView:116 -                Rank 1 : false
2026-02-10 23:18:59,705 [INFO] Gpio:277 - dependency for GPIO [ADC1, DEBUG, RCC, SPI1, TIM3, UART4, UART8, USART3, USB_OTG_FS]
2026-02-10 23:20:23,521 [INFO] ADCParametersView:116 -                Rank 1 : false
2026-02-10 23:20:23,522 [INFO] ADCParametersView:116 -                Rank 1 : false
2026-02-10 23:20:23,522 [INFO] ADCParametersView:116 -                Rank 1 : false
2026-02-10 23:20:23,522 [INFO] ADCParametersView:116 -                Rank 1 : false
2026-02-10 23:20:23,522 [INFO] ADCParametersView:116 -                Rank 1 : false
2026-02-10 23:20:23,522 [INFO] ADCParametersView:116 -                Rank 1 : false
2026-02-10 23:20:23,522 [INFO] ADCParametersView:116 -                Rank 1 : false
2026-02-10 23:20:23,522 [INFO] ADCParametersView:116 -                Rank 1 : false
2026-02-10 23:20:23,522 [INFO] ADCParametersView:116 -                Rank 1 : false
2026-02-10 23:20:23,522 [INFO] ADCParametersView:116 -                Rank 1 : false
2026-02-10 23:20:23,522 [INFO] ADCParametersView:116 -                Rank 1 : false
2026-02-10 23:20:23,522 [INFO] ADCParametersView:116 -                Rank 1 : false
2026-02-10 23:20:23,522 [INFO] ADCParametersView:116 -                Rank 1 : false
2026-02-10 23:20:23,522 [INFO] ADCParametersView:116 -                Rank 1 : false
2026-02-10 23:20:23,522 [INFO] ADCParametersView:116 -                Rank 1 : false
2026-02-10 23:20:23,522 [INFO] ADCParametersView:116 -                Rank 1 : false
2026-02-10 23:20:23,522 [INFO] ADCParametersView:116 -                Rank 1 : false
2026-02-10 23:20:23,522 [INFO] ADCParametersView:116 -                Rank 1 : false
2026-02-10 23:20:23,522 [INFO] ADCParametersView:116 -                Rank 1 : false
2026-02-10 23:20:23,522 [INFO] ADCParametersView:116 -                Rank 1 : false
2026-02-10 23:20:23,522 [INFO] ADCParametersView:116 -                Rank 1 : false
2026-02-10 23:20:23,596 [INFO] ADCParametersView:116 -                Rank 1 : false
2026-02-10 23:20:23,687 [INFO] ADCParametersView:116 -                Rank 1 : false
2026-02-10 23:20:23,687 [INFO] ADCParametersView:116 -                Rank 1 : false
2026-02-10 23:20:23,688 [INFO] ADCParametersView:116 -                Rank 1 : false
2026-02-10 23:20:23,688 [INFO] ADCParametersView:116 -                Rank 1 : false
2026-02-10 23:20:23,688 [INFO] ADCParametersView:116 -                Rank 1 : false
2026-02-10 23:20:23,688 [INFO] ADCParametersView:116 -                Rank 1 : false
2026-02-10 23:20:23,688 [INFO] ADCParametersView:116 -                Rank 1 : false
2026-02-10 23:20:23,688 [INFO] ADCParametersView:116 -                Rank 1 : false
2026-02-10 23:20:23,688 [INFO] ADCParametersView:116 -                Rank 1 : false
2026-02-10 23:20:23,688 [INFO] ADCParametersView:116 -                Rank 1 : false
2026-02-10 23:20:23,688 [INFO] ADCParametersView:116 -                Rank 1 : false
2026-02-10 23:20:23,688 [INFO] ADCParametersView:116 -                Rank 1 : false
2026-02-10 23:20:23,688 [INFO] ADCParametersView:116 -                Rank 1 : false
2026-02-10 23:20:23,688 [INFO] ADCParametersView:116 -                Rank 1 : false
2026-02-10 23:20:23,688 [INFO] ADCParametersView:116 -                Rank 1 : false
2026-02-10 23:20:23,688 [INFO] ADCParametersView:116 -                Rank 1 : false
2026-02-10 23:20:23,688 [INFO] ADCParametersView:116 -                Rank 1 : false
2026-02-10 23:20:23,688 [INFO] ADCParametersView:116 -                Rank 1 : false
2026-02-10 23:20:23,688 [INFO] ADCParametersView:116 -                Rank 1 : false
2026-02-10 23:20:23,688 [INFO] ADCParametersView:116 -                Rank 1 : false
2026-02-10 23:20:23,688 [INFO] ADCParametersView:116 -                Rank 1 : false
2026-02-10 23:20:23,789 [INFO] ADCParametersView:116 -                Rank 1 : false
2026-02-10 23:20:27,123 [INFO] NvicIntPanel:101 - NVIC parent = com.st.microxplorer.plugins.ip.nvic.MultiNvicIntPanel[,0,0,0x0,invalid,layout=javax.swing.BoxLayout,alignmentX=0.0,alignmentY=0.0,border=,flags=9,maximumSize=,minimumSize=,preferredSize=]
2026-02-10 23:20:27,219 [INFO] ADCParametersView:116 -                Rank 1 : false
2026-02-10 23:20:27,220 [INFO] ADCParametersView:116 -                Rank 1 : false
2026-02-10 23:20:27,220 [INFO] ADCParametersView:116 -                Rank 1 : false
2026-02-10 23:20:27,220 [INFO] ADCParametersView:116 -                Rank 1 : false
2026-02-10 23:20:27,220 [INFO] ADCParametersView:116 -                Rank 1 : false
2026-02-10 23:20:27,220 [INFO] ADCParametersView:116 -                Rank 1 : false
2026-02-10 23:20:27,220 [INFO] ADCParametersView:116 -                Rank 1 : false
2026-02-10 23:20:27,220 [INFO] ADCParametersView:116 -                Rank 1 : false
2026-02-10 23:20:27,220 [INFO] ADCParametersView:116 -                Rank 1 : false
2026-02-10 23:20:27,220 [INFO] ADCParametersView:116 -                Rank 1 : false
2026-02-10 23:20:27,220 [INFO] ADCParametersView:116 -                Rank 1 : false
2026-02-10 23:20:27,220 [INFO] ADCParametersView:116 -                Rank 1 : false
2026-02-10 23:20:27,220 [INFO] ADCParametersView:116 -                Rank 1 : false
2026-02-10 23:20:27,220 [INFO] ADCParametersView:116 -                Rank 1 : false
2026-02-10 23:20:27,220 [INFO] ADCParametersView:116 -                Rank 1 : false
2026-02-10 23:20:27,220 [INFO] ADCParametersView:116 -                Rank 1 : false
2026-02-10 23:20:27,220 [INFO] ADCParametersView:116 -                Rank 1 : false
2026-02-10 23:20:27,220 [INFO] ADCParametersView:116 -                Rank 1 : false
2026-02-10 23:20:27,220 [INFO] ADCParametersView:116 -                Rank 1 : false
2026-02-10 23:20:27,220 [INFO] ADCParametersView:116 -                Rank 1 : false
2026-02-10 23:20:27,220 [INFO] ADCParametersView:116 -                Rank 1 : false
2026-02-10 23:20:27,280 [INFO] ADCParametersView:116 -                Rank 1 : false
2026-02-10 23:20:27,372 [INFO] ADCParametersView:116 -                Rank 1 : false
2026-02-10 23:20:27,372 [INFO] ADCParametersView:116 -                Rank 1 : false
2026-02-10 23:20:27,372 [INFO] ADCParametersView:116 -                Rank 1 : false
2026-02-10 23:20:27,372 [INFO] ADCParametersView:116 -                Rank 1 : false
2026-02-10 23:20:27,373 [INFO] ADCParametersView:116 -                Rank 1 : false
2026-02-10 23:20:27,373 [INFO] ADCParametersView:116 -                Rank 1 : false
2026-02-10 23:20:27,373 [INFO] ADCParametersView:116 -                Rank 1 : false
2026-02-10 23:20:27,373 [INFO] ADCParametersView:116 -                Rank 1 : false
2026-02-10 23:20:27,373 [INFO] ADCParametersView:116 -                Rank 1 : false
2026-02-10 23:20:27,373 [INFO] ADCParametersView:116 -                Rank 1 : false
2026-02-10 23:20:27,373 [INFO] ADCParametersView:116 -                Rank 1 : false
2026-02-10 23:20:27,373 [INFO] ADCParametersView:116 -                Rank 1 : false
2026-02-10 23:20:27,373 [INFO] ADCParametersView:116 -                Rank 1 : false
2026-02-10 23:20:27,373 [INFO] ADCParametersView:116 -                Rank 1 : false
2026-02-10 23:20:27,373 [INFO] ADCParametersView:116 -                Rank 1 : false
2026-02-10 23:20:27,373 [INFO] ADCParametersView:116 -                Rank 1 : false
2026-02-10 23:20:27,373 [INFO] ADCParametersView:116 -                Rank 1 : false
2026-02-10 23:20:27,373 [INFO] ADCParametersView:116 -                Rank 1 : false
2026-02-10 23:20:27,373 [INFO] ADCParametersView:116 -                Rank 1 : false
2026-02-10 23:20:27,373 [INFO] ADCParametersView:116 -                Rank 1 : false
2026-02-10 23:20:27,373 [INFO] ADCParametersView:116 -                Rank 1 : false
2026-02-10 23:20:27,428 [INFO] ADCParametersView:116 -                Rank 1 : false
2026-02-10 23:20:27,643 [INFO] ADCParametersView:116 -                Rank 1 : false
2026-02-10 23:20:27,643 [INFO] ADCParametersView:116 -                Rank 1 : false
2026-02-10 23:20:27,643 [INFO] ADCParametersView:116 -                Rank 1 : false
2026-02-10 23:20:27,643 [INFO] ADCParametersView:116 -                Rank 1 : false
2026-02-10 23:20:27,643 [INFO] ADCParametersView:116 -                Rank 1 : false
2026-02-10 23:20:27,643 [INFO] ADCParametersView:116 -                Rank 1 : false
2026-02-10 23:20:27,643 [INFO] ADCParametersView:116 -                Rank 1 : false
2026-02-10 23:20:27,643 [INFO] ADCParametersView:116 -                Rank 1 : false
2026-02-10 23:20:27,643 [INFO] ADCParametersView:116 -                Rank 1 : false
2026-02-10 23:20:27,643 [INFO] ADCParametersView:116 -                Rank 1 : false
2026-02-10 23:20:27,643 [INFO] ADCParametersView:116 -                Rank 1 : false
2026-02-10 23:20:27,643 [INFO] ADCParametersView:116 -                Rank 1 : false
2026-02-10 23:20:27,644 [INFO] ADCParametersView:116 -                Rank 1 : false
2026-02-10 23:20:27,644 [INFO] ADCParametersView:116 -                Rank 1 : false
2026-02-10 23:20:27,644 [INFO] ADCParametersView:116 -                Rank 1 : false
2026-02-10 23:20:27,644 [INFO] ADCParametersView:116 -                Rank 1 : false
2026-02-10 23:20:27,644 [INFO] ADCParametersView:116 -                Rank 1 : false
2026-02-10 23:20:27,644 [INFO] ADCParametersView:116 -                Rank 1 : false
2026-02-10 23:20:27,644 [INFO] ADCParametersView:116 -                Rank 1 : false
2026-02-10 23:20:27,644 [INFO] ADCParametersView:116 -                Rank 1 : false
2026-02-10 23:20:27,644 [INFO] ADCParametersView:116 -                Rank 1 : false
2026-02-10 23:20:27,709 [INFO] ADCParametersView:116 -                Rank 1 : false
2026-02-10 23:20:27,785 [INFO] ADCParametersView:116 -                Rank 1 : false
2026-02-10 23:20:27,785 [INFO] ADCParametersView:116 -                Rank 1 : false
2026-02-10 23:20:27,785 [INFO] ADCParametersView:116 -                Rank 1 : false
2026-02-10 23:20:27,785 [INFO] ADCParametersView:116 -                Rank 1 : false
2026-02-10 23:20:27,785 [INFO] ADCParametersView:116 -                Rank 1 : false
2026-02-10 23:20:27,785 [INFO] ADCParametersView:116 -                Rank 1 : false
2026-02-10 23:20:27,785 [INFO] ADCParametersView:116 -                Rank 1 : false
2026-02-10 23:20:27,785 [INFO] ADCParametersView:116 -                Rank 1 : false
2026-02-10 23:20:27,785 [INFO] ADCParametersView:116 -                Rank 1 : false
2026-02-10 23:20:27,785 [INFO] ADCParametersView:116 -                Rank 1 : false
2026-02-10 23:20:27,785 [INFO] ADCParametersView:116 -                Rank 1 : false
2026-02-10 23:20:27,785 [INFO] ADCParametersView:116 -                Rank 1 : false
2026-02-10 23:20:27,785 [INFO] ADCParametersView:116 -                Rank 1 : false
2026-02-10 23:20:27,785 [INFO] ADCParametersView:116 -                Rank 1 : false
2026-02-10 23:20:27,785 [INFO] ADCParametersView:116 -                Rank 1 : false
2026-02-10 23:20:27,785 [INFO] ADCParametersView:116 -                Rank 1 : false
2026-02-10 23:20:27,785 [INFO] ADCParametersView:116 -                Rank 1 : false
2026-02-10 23:20:27,785 [INFO] ADCParametersView:116 -                Rank 1 : false
2026-02-10 23:20:27,785 [INFO] ADCParametersView:116 -                Rank 1 : false
2026-02-10 23:20:27,785 [INFO] ADCParametersView:116 -                Rank 1 : false
2026-02-10 23:20:27,785 [INFO] ADCParametersView:116 -                Rank 1 : false
2026-02-10 23:20:27,846 [INFO] ADCParametersView:116 -                Rank 1 : false
2026-02-10 23:20:30,696 [INFO] ADCParametersView:116 -                Rank 1 : false
2026-02-10 23:20:30,711 [INFO] ADCParametersView:116 -                Rank 1 : false
2026-02-10 23:20:30,711 [INFO] ADCParametersView:116 -                Rank 1 : false
2026-02-10 23:20:30,711 [INFO] ADCParametersView:116 -                Rank 1 : false
2026-02-10 23:20:30,711 [INFO] ADCParametersView:116 -                Rank 1 : false
2026-02-10 23:20:30,711 [INFO] ADCParametersView:116 -                Rank 1 : false
2026-02-10 23:20:30,711 [INFO] ADCParametersView:116 -                Rank 1 : false
2026-02-10 23:20:30,711 [INFO] ADCParametersView:116 -                Rank 1 : false
2026-02-10 23:20:30,711 [INFO] ADCParametersView:116 -                Rank 1 : false
2026-02-10 23:20:30,711 [INFO] ADCParametersView:116 -                Rank 1 : false
2026-02-10 23:20:30,711 [INFO] ADCParametersView:116 -                Rank 1 : false
2026-02-10 23:20:30,711 [INFO] ADCParametersView:116 -                Rank 1 : false
2026-02-10 23:20:30,711 [INFO] ADCParametersView:116 -                Rank 1 : false
2026-02-10 23:20:30,711 [INFO] ADCParametersView:116 -                Rank 1 : false
2026-02-10 23:20:30,711 [INFO] ADCParametersView:116 -                Rank 1 : false
2026-02-10 23:20:30,711 [INFO] ADCParametersView:116 -                Rank 1 : false
2026-02-10 23:20:30,711 [INFO] ADCParametersView:116 -                Rank 1 : false
2026-02-10 23:20:30,711 [INFO] ADCParametersView:116 -                Rank 1 : false
2026-02-10 23:20:30,711 [INFO] ADCParametersView:116 -                Rank 1 : false
2026-02-10 23:20:30,711 [INFO] ADCParametersView:116 -                Rank 1 : false
2026-02-10 23:20:30,711 [INFO] ADCParametersView:116 -                Rank 1 : false
2026-02-10 23:20:30,717 [INFO] ADCParametersView:116 -                Rank 1 : false
2026-02-10 23:20:30,729 [INFO] ADCParametersView:116 -                Rank 1 : false
2026-02-10 23:20:30,729 [INFO] ADCParametersView:116 -                Rank 1 : false
2026-02-10 23:20:30,729 [INFO] ADCParametersView:116 -                Rank 1 : false
2026-02-10 23:20:30,729 [INFO] ADCParametersView:116 -                Rank 1 : false
2026-02-10 23:20:30,729 [INFO] ADCParametersView:116 -                Rank 1 : false
2026-02-10 23:20:30,729 [INFO] ADCParametersView:116 -                Rank 1 : false
2026-02-10 23:20:30,729 [INFO] ADCParametersView:116 -                Rank 1 : false
2026-02-10 23:20:30,729 [INFO] ADCParametersView:116 -                Rank 1 : false
2026-02-10 23:20:30,730 [INFO] ADCParametersView:116 -                Rank 1 : false
2026-02-10 23:20:30,730 [INFO] ADCParametersView:116 -                Rank 1 : false
2026-02-10 23:20:30,730 [INFO] ADCParametersView:116 -                Rank 1 : false
2026-02-10 23:20:30,730 [INFO] ADCParametersView:116 -                Rank 1 : false
2026-02-10 23:20:30,730 [INFO] ADCParametersView:116 -                Rank 1 : false
2026-02-10 23:20:30,730 [INFO] ADCParametersView:116 -                Rank 1 : false
2026-02-10 23:20:30,730 [INFO] ADCParametersView:116 -                Rank 1 : false
2026-02-10 23:20:30,730 [INFO] ADCParametersView:116 -                Rank 1 : false
2026-02-10 23:20:30,730 [INFO] ADCParametersView:116 -                Rank 1 : false
2026-02-10 23:20:30,730 [INFO] ADCParametersView:116 -                Rank 1 : false
2026-02-10 23:20:30,730 [INFO] ADCParametersView:116 -                Rank 1 : false
2026-02-10 23:20:30,730 [INFO] ADCParametersView:116 -                Rank 1 : false
2026-02-10 23:20:30,730 [INFO] ADCParametersView:116 -                Rank 1 : false
2026-02-10 23:20:30,735 [INFO] ADCParametersView:116 -                Rank 1 : false
2026-02-10 23:20:30,804 [INFO] ADCParametersView:116 -                Rank 1 : false
2026-02-10 23:20:30,804 [INFO] ADCParametersView:116 -                Rank 1 : false
2026-02-10 23:20:30,804 [INFO] ADCParametersView:116 -                Rank 1 : false
2026-02-10 23:20:30,804 [INFO] ADCParametersView:116 -                Rank 1 : false
2026-02-10 23:20:30,804 [INFO] ADCParametersView:116 -                Rank 1 : false
2026-02-10 23:20:30,804 [INFO] ADCParametersView:116 -                Rank 1 : false
2026-02-10 23:20:30,804 [INFO] ADCParametersView:116 -                Rank 1 : false
2026-02-10 23:20:30,804 [INFO] ADCParametersView:116 -                Rank 1 : false
2026-02-10 23:20:30,804 [INFO] ADCParametersView:116 -                Rank 1 : false
2026-02-10 23:20:30,804 [INFO] ADCParametersView:116 -                Rank 1 : false
2026-02-10 23:20:30,804 [INFO] ADCParametersView:116 -                Rank 1 : false
2026-02-10 23:20:30,804 [INFO] ADCParametersView:116 -                Rank 1 : false
2026-02-10 23:20:30,804 [INFO] ADCParametersView:116 -                Rank 1 : false
2026-02-10 23:20:30,804 [INFO] ADCParametersView:116 -                Rank 1 : false
2026-02-10 23:20:30,804 [INFO] ADCParametersView:116 -                Rank 1 : false
2026-02-10 23:20:30,804 [INFO] ADCParametersView:116 -                Rank 1 : false
2026-02-10 23:20:30,804 [INFO] ADCParametersView:116 -                Rank 1 : false
2026-02-10 23:20:30,804 [INFO] ADCParametersView:116 -                Rank 1 : false
2026-02-10 23:20:30,804 [INFO] ADCParametersView:116 -                Rank 1 : false
2026-02-10 23:20:30,804 [INFO] ADCParametersView:116 -                Rank 1 : false
2026-02-10 23:20:30,804 [INFO] ADCParametersView:116 -                Rank 1 : false
2026-02-10 23:20:30,880 [INFO] ADCParametersView:116 -                Rank 1 : false
2026-02-10 23:20:30,980 [INFO] ADCParametersView:116 -                Rank 1 : false
2026-02-10 23:20:30,980 [INFO] ADCParametersView:116 -                Rank 1 : false
2026-02-10 23:20:30,980 [INFO] ADCParametersView:116 -                Rank 1 : false
2026-02-10 23:20:30,980 [INFO] ADCParametersView:116 -                Rank 1 : false
2026-02-10 23:20:30,980 [INFO] ADCParametersView:116 -                Rank 1 : false
2026-02-10 23:20:30,980 [INFO] ADCParametersView:116 -                Rank 1 : false
2026-02-10 23:20:30,980 [INFO] ADCParametersView:116 -                Rank 1 : false
2026-02-10 23:20:30,980 [INFO] ADCParametersView:116 -                Rank 1 : false
2026-02-10 23:20:30,980 [INFO] ADCParametersView:116 -                Rank 1 : false
2026-02-10 23:20:30,980 [INFO] ADCParametersView:116 -                Rank 1 : false
2026-02-10 23:20:30,982 [INFO] ADCParametersView:116 -                Rank 1 : false
2026-02-10 23:20:30,982 [INFO] ADCParametersView:116 -                Rank 1 : false
2026-02-10 23:20:30,982 [INFO] ADCParametersView:116 -                Rank 1 : false
2026-02-10 23:20:30,982 [INFO] ADCParametersView:116 -                Rank 1 : false
2026-02-10 23:20:30,982 [INFO] ADCParametersView:116 -                Rank 1 : false
2026-02-10 23:20:30,982 [INFO] ADCParametersView:116 -                Rank 1 : false
2026-02-10 23:20:30,982 [INFO] ADCParametersView:116 -                Rank 1 : false
2026-02-10 23:20:30,982 [INFO] ADCParametersView:116 -                Rank 1 : false
2026-02-10 23:20:30,982 [INFO] ADCParametersView:116 -                Rank 1 : false
2026-02-10 23:20:30,982 [INFO] ADCParametersView:116 -                Rank 1 : false
2026-02-10 23:20:30,982 [INFO] ADCParametersView:116 -                Rank 1 : false
2026-02-10 23:20:31,049 [INFO] ADCParametersView:116 -                Rank 1 : false
2026-02-10 23:20:31,247 [INFO] ADCParametersView:116 -                Rank 1 : false
2026-02-10 23:20:31,247 [INFO] ADCParametersView:116 -                Rank 1 : false
2026-02-10 23:20:31,247 [INFO] ADCParametersView:116 -                Rank 1 : false
2026-02-10 23:20:31,247 [INFO] ADCParametersView:116 -                Rank 1 : false
2026-02-10 23:20:31,247 [INFO] ADCParametersView:116 -                Rank 1 : false
2026-02-10 23:20:31,247 [INFO] ADCParametersView:116 -                Rank 1 : false
2026-02-10 23:20:31,247 [INFO] ADCParametersView:116 -                Rank 1 : false
2026-02-10 23:20:31,247 [INFO] ADCParametersView:116 -                Rank 1 : false
2026-02-10 23:20:31,247 [INFO] ADCParametersView:116 -                Rank 1 : false
2026-02-10 23:20:31,248 [INFO] ADCParametersView:116 -                Rank 1 : false
2026-02-10 23:20:31,248 [INFO] ADCParametersView:116 -                Rank 1 : false
2026-02-10 23:20:31,248 [INFO] ADCParametersView:116 -                Rank 1 : false
2026-02-10 23:20:31,248 [INFO] ADCParametersView:116 -                Rank 1 : false
2026-02-10 23:20:31,248 [INFO] ADCParametersView:116 -                Rank 1 : false
2026-02-10 23:20:31,248 [INFO] ADCParametersView:116 -                Rank 1 : false
2026-02-10 23:20:31,248 [INFO] ADCParametersView:116 -                Rank 1 : false
2026-02-10 23:20:31,248 [INFO] ADCParametersView:116 -                Rank 1 : false
2026-02-10 23:20:31,248 [INFO] ADCParametersView:116 -                Rank 1 : false
2026-02-10 23:20:31,248 [INFO] ADCParametersView:116 -                Rank 1 : false
2026-02-10 23:20:31,248 [INFO] ADCParametersView:116 -                Rank 1 : false
2026-02-10 23:20:31,248 [INFO] ADCParametersView:116 -                Rank 1 : false
2026-02-10 23:20:31,311 [INFO] ADCParametersView:116 -                Rank 1 : false
2026-02-10 23:20:31,380 [INFO] ADCParametersView:116 -                Rank 1 : false
2026-02-10 23:20:31,381 [INFO] ADCParametersView:116 -                Rank 1 : false
2026-02-10 23:20:31,381 [INFO] ADCParametersView:116 -                Rank 1 : false
2026-02-10 23:20:31,381 [INFO] ADCParametersView:116 -                Rank 1 : false
2026-02-10 23:20:31,381 [INFO] ADCParametersView:116 -                Rank 1 : false
2026-02-10 23:20:31,381 [INFO] ADCParametersView:116 -                Rank 1 : false
2026-02-10 23:20:31,381 [INFO] ADCParametersView:116 -                Rank 1 : false
2026-02-10 23:20:31,381 [INFO] ADCParametersView:116 -                Rank 1 : false
2026-02-10 23:20:31,381 [INFO] ADCParametersView:116 -                Rank 1 : false
2026-02-10 23:20:31,381 [INFO] ADCParametersView:116 -                Rank 1 : false
2026-02-10 23:20:31,381 [INFO] ADCParametersView:116 -                Rank 1 : false
2026-02-10 23:20:31,381 [INFO] ADCParametersView:116 -                Rank 1 : false
2026-02-10 23:20:31,381 [INFO] ADCParametersView:116 -                Rank 1 : false
2026-02-10 23:20:31,381 [INFO] ADCParametersView:116 -                Rank 1 : false
2026-02-10 23:20:31,381 [INFO] ADCParametersView:116 -                Rank 1 : false
2026-02-10 23:20:31,381 [INFO] ADCParametersView:116 -                Rank 1 : false
2026-02-10 23:20:31,381 [INFO] ADCParametersView:116 -                Rank 1 : false
2026-02-10 23:20:31,381 [INFO] ADCParametersView:116 -                Rank 1 : false
2026-02-10 23:20:31,381 [INFO] ADCParametersView:116 -                Rank 1 : false
2026-02-10 23:20:31,381 [INFO] ADCParametersView:116 -                Rank 1 : false
2026-02-10 23:20:31,381 [INFO] ADCParametersView:116 -                Rank 1 : false
2026-02-10 23:20:31,447 [INFO] ADCParametersView:116 -                Rank 1 : false
2026-02-10 23:20:39,905 [INFO] ADCParametersView:116 -                Rank 1 : false
2026-02-10 23:20:39,906 [INFO] ADCParametersView:116 -                Rank 1 : false
2026-02-10 23:20:39,906 [INFO] ADCParametersView:116 -                Rank 1 : false
2026-02-10 23:20:39,906 [INFO] ADCParametersView:116 -                Rank 1 : false
2026-02-10 23:20:39,906 [INFO] ADCParametersView:116 -                Rank 1 : false
2026-02-10 23:20:39,906 [INFO] ADCParametersView:116 -                Rank 1 : false
2026-02-10 23:20:39,906 [INFO] ADCParametersView:116 -                Rank 1 : false
2026-02-10 23:20:39,906 [INFO] ADCParametersView:116 -                Rank 1 : false
2026-02-10 23:20:39,906 [INFO] ADCParametersView:116 -                Rank 1 : false
2026-02-10 23:20:39,906 [INFO] ADCParametersView:116 -                Rank 1 : false
2026-02-10 23:20:39,906 [INFO] ADCParametersView:116 -                Rank 1 : false
2026-02-10 23:20:39,906 [INFO] ADCParametersView:116 -                Rank 1 : false
2026-02-10 23:20:39,906 [INFO] ADCParametersView:116 -                Rank 1 : false
2026-02-10 23:20:39,906 [INFO] ADCParametersView:116 -                Rank 1 : false
2026-02-10 23:20:39,906 [INFO] ADCParametersView:116 -                Rank 1 : false
2026-02-10 23:20:39,906 [INFO] ADCParametersView:116 -                Rank 1 : false
2026-02-10 23:20:39,907 [INFO] ADCParametersView:116 -                Rank 1 : false
2026-02-10 23:20:39,907 [INFO] ADCParametersView:116 -                Rank 1 : false
2026-02-10 23:20:39,907 [INFO] ADCParametersView:116 -                Rank 1 : false
2026-02-10 23:20:39,907 [INFO] ADCParametersView:116 -                Rank 1 : false
2026-02-10 23:20:39,907 [INFO] ADCParametersView:116 -                Rank 1 : false
2026-02-10 23:20:39,914 [INFO] ADCParametersView:116 -                Rank 1 : false
2026-02-10 23:20:39,933 [INFO] ADCParametersView:116 -                Rank 1 : false
2026-02-10 23:20:39,933 [INFO] ADCParametersView:116 -                Rank 1 : false
2026-02-10 23:20:39,933 [INFO] ADCParametersView:116 -                Rank 1 : false
2026-02-10 23:20:39,933 [INFO] ADCParametersView:116 -                Rank 1 : false
2026-02-10 23:20:39,933 [INFO] ADCParametersView:116 -                Rank 1 : false
2026-02-10 23:20:39,933 [INFO] ADCParametersView:116 -                Rank 1 : false
2026-02-10 23:20:39,933 [INFO] ADCParametersView:116 -                Rank 1 : false
2026-02-10 23:20:39,933 [INFO] ADCParametersView:116 -                Rank 1 : false
2026-02-10 23:20:39,933 [INFO] ADCParametersView:116 -                Rank 1 : false
2026-02-10 23:20:39,933 [INFO] ADCParametersView:116 -                Rank 1 : false
2026-02-10 23:20:39,933 [INFO] ADCParametersView:116 -                Rank 1 : false
2026-02-10 23:20:39,933 [INFO] ADCParametersView:116 -                Rank 1 : false
2026-02-10 23:20:39,934 [INFO] ADCParametersView:116 -                Rank 1 : false
2026-02-10 23:20:39,934 [INFO] ADCParametersView:116 -                Rank 1 : false
2026-02-10 23:20:39,934 [INFO] ADCParametersView:116 -                Rank 1 : false
2026-02-10 23:20:39,934 [INFO] ADCParametersView:116 -                Rank 1 : false
2026-02-10 23:20:39,934 [INFO] ADCParametersView:116 -                Rank 1 : false
2026-02-10 23:20:39,934 [INFO] ADCParametersView:116 -                Rank 1 : false
2026-02-10 23:20:39,934 [INFO] ADCParametersView:116 -                Rank 1 : false
2026-02-10 23:20:39,934 [INFO] ADCParametersView:116 -                Rank 1 : false
2026-02-10 23:20:39,934 [INFO] ADCParametersView:116 -                Rank 1 : false
2026-02-10 23:20:39,941 [INFO] ADCParametersView:116 -                Rank 1 : false
2026-02-10 23:20:40,032 [INFO] ADCParametersView:116 -                Rank 1 : false
2026-02-10 23:20:40,034 [INFO] ADCParametersView:116 -                Rank 1 : false
2026-02-10 23:20:40,034 [INFO] ADCParametersView:116 -                Rank 1 : false
2026-02-10 23:20:40,034 [INFO] ADCParametersView:116 -                Rank 1 : false
2026-02-10 23:20:40,034 [INFO] ADCParametersView:116 -                Rank 1 : false
2026-02-10 23:20:40,034 [INFO] ADCParametersView:116 -                Rank 1 : false
2026-02-10 23:20:40,034 [INFO] ADCParametersView:116 -                Rank 1 : false
2026-02-10 23:20:40,034 [INFO] ADCParametersView:116 -                Rank 1 : false
2026-02-10 23:20:40,034 [INFO] ADCParametersView:116 -                Rank 1 : false
2026-02-10 23:20:40,034 [INFO] ADCParametersView:116 -                Rank 1 : false
2026-02-10 23:20:40,034 [INFO] ADCParametersView:116 -                Rank 1 : false
2026-02-10 23:20:40,034 [INFO] ADCParametersView:116 -                Rank 1 : false
2026-02-10 23:20:40,034 [INFO] ADCParametersView:116 -                Rank 1 : false
2026-02-10 23:20:40,034 [INFO] ADCParametersView:116 -                Rank 1 : false
2026-02-10 23:20:40,034 [INFO] ADCParametersView:116 -                Rank 1 : false
2026-02-10 23:20:40,034 [INFO] ADCParametersView:116 -                Rank 1 : false
2026-02-10 23:20:40,034 [INFO] ADCParametersView:116 -                Rank 1 : false
2026-02-10 23:20:40,034 [INFO] ADCParametersView:116 -                Rank 1 : false
2026-02-10 23:20:40,034 [INFO] ADCParametersView:116 -                Rank 1 : false
2026-02-10 23:20:40,034 [INFO] ADCParametersView:116 -                Rank 1 : false
2026-02-10 23:20:40,034 [INFO] ADCParametersView:116 -                Rank 1 : false
2026-02-10 23:20:40,104 [INFO] ADCParametersView:116 -                Rank 1 : false
2026-02-10 23:20:40,184 [INFO] ADCParametersView:116 -                Rank 1 : false
2026-02-10 23:20:40,184 [INFO] ADCParametersView:116 -                Rank 1 : false
2026-02-10 23:20:40,184 [INFO] ADCParametersView:116 -                Rank 1 : false
2026-02-10 23:20:40,184 [INFO] ADCParametersView:116 -                Rank 1 : false
2026-02-10 23:20:40,184 [INFO] ADCParametersView:116 -                Rank 1 : false
2026-02-10 23:20:40,184 [INFO] ADCParametersView:116 -                Rank 1 : false
2026-02-10 23:20:40,184 [INFO] ADCParametersView:116 -                Rank 1 : false
2026-02-10 23:20:40,184 [INFO] ADCParametersView:116 -                Rank 1 : false
2026-02-10 23:20:40,184 [INFO] ADCParametersView:116 -                Rank 1 : false
2026-02-10 23:20:40,184 [INFO] ADCParametersView:116 -                Rank 1 : false
2026-02-10 23:20:40,184 [INFO] ADCParametersView:116 -                Rank 1 : false
2026-02-10 23:20:40,184 [INFO] ADCParametersView:116 -                Rank 1 : false
2026-02-10 23:20:40,184 [INFO] ADCParametersView:116 -                Rank 1 : false
2026-02-10 23:20:40,184 [INFO] ADCParametersView:116 -                Rank 1 : false
2026-02-10 23:20:40,184 [INFO] ADCParametersView:116 -                Rank 1 : false
2026-02-10 23:20:40,184 [INFO] ADCParametersView:116 -                Rank 1 : false
2026-02-10 23:20:40,184 [INFO] ADCParametersView:116 -                Rank 1 : false
2026-02-10 23:20:40,184 [INFO] ADCParametersView:116 -                Rank 1 : false
2026-02-10 23:20:40,184 [INFO] ADCParametersView:116 -                Rank 1 : false
2026-02-10 23:20:40,184 [INFO] ADCParametersView:116 -                Rank 1 : false
2026-02-10 23:20:40,184 [INFO] ADCParametersView:116 -                Rank 1 : false
2026-02-10 23:20:40,248 [INFO] ADCParametersView:116 -                Rank 1 : false
2026-02-10 23:20:40,760 [INFO] ADCParametersView:116 -                Rank 1 : false
2026-02-10 23:20:40,760 [INFO] ADCParametersView:116 -                Rank 1 : false
2026-02-10 23:20:40,760 [INFO] ADCParametersView:116 -                Rank 1 : false
2026-02-10 23:20:40,760 [INFO] ADCParametersView:116 -                Rank 1 : false
2026-02-10 23:20:40,760 [INFO] ADCParametersView:116 -                Rank 1 : false
2026-02-10 23:20:40,760 [INFO] ADCParametersView:116 -                Rank 1 : false
2026-02-10 23:20:40,760 [INFO] ADCParametersView:116 -                Rank 1 : false
2026-02-10 23:20:40,760 [INFO] ADCParametersView:116 -                Rank 1 : false
2026-02-10 23:20:40,760 [INFO] ADCParametersView:116 -                Rank 1 : false
2026-02-10 23:20:40,760 [INFO] ADCParametersView:116 -                Rank 1 : false
2026-02-10 23:20:40,760 [INFO] ADCParametersView:116 -                Rank 1 : false
2026-02-10 23:20:40,760 [INFO] ADCParametersView:116 -                Rank 1 : false
2026-02-10 23:20:40,760 [INFO] ADCParametersView:116 -                Rank 1 : false
2026-02-10 23:20:40,760 [INFO] ADCParametersView:116 -                Rank 1 : false
2026-02-10 23:20:40,760 [INFO] ADCParametersView:116 -                Rank 1 : false
2026-02-10 23:20:40,760 [INFO] ADCParametersView:116 -                Rank 1 : false
2026-02-10 23:20:40,760 [INFO] ADCParametersView:116 -                Rank 1 : false
2026-02-10 23:20:40,760 [INFO] ADCParametersView:116 -                Rank 1 : false
2026-02-10 23:20:40,760 [INFO] ADCParametersView:116 -                Rank 1 : false
2026-02-10 23:20:40,764 [INFO] ADCParametersView:116 -                Rank 1 : false
2026-02-10 23:20:40,764 [INFO] ADCParametersView:116 -                Rank 1 : false
2026-02-10 23:20:40,831 [INFO] ADCParametersView:116 -                Rank 1 : false
2026-02-10 23:20:40,917 [INFO] ADCParametersView:116 -                Rank 1 : false
2026-02-10 23:20:40,917 [INFO] ADCParametersView:116 -                Rank 1 : false
2026-02-10 23:20:40,918 [INFO] ADCParametersView:116 -                Rank 1 : false
2026-02-10 23:20:40,918 [INFO] ADCParametersView:116 -                Rank 1 : false
2026-02-10 23:20:40,918 [INFO] ADCParametersView:116 -                Rank 1 : false
2026-02-10 23:20:40,918 [INFO] ADCParametersView:116 -                Rank 1 : false
2026-02-10 23:20:40,918 [INFO] ADCParametersView:116 -                Rank 1 : false
2026-02-10 23:20:40,918 [INFO] ADCParametersView:116 -                Rank 1 : false
2026-02-10 23:20:40,918 [INFO] ADCParametersView:116 -                Rank 1 : false
2026-02-10 23:20:40,918 [INFO] ADCParametersView:116 -                Rank 1 : false
2026-02-10 23:20:40,918 [INFO] ADCParametersView:116 -                Rank 1 : false
2026-02-10 23:20:40,918 [INFO] ADCParametersView:116 -                Rank 1 : false
2026-02-10 23:20:40,918 [INFO] ADCParametersView:116 -                Rank 1 : false
2026-02-10 23:20:40,918 [INFO] ADCParametersView:116 -                Rank 1 : false
2026-02-10 23:20:40,918 [INFO] ADCParametersView:116 -                Rank 1 : false
2026-02-10 23:20:40,918 [INFO] ADCParametersView:116 -                Rank 1 : false
2026-02-10 23:20:40,918 [INFO] ADCParametersView:116 -                Rank 1 : false
2026-02-10 23:20:40,918 [INFO] ADCParametersView:116 -                Rank 1 : false
2026-02-10 23:20:40,918 [INFO] ADCParametersView:116 -                Rank 1 : false
2026-02-10 23:20:40,918 [INFO] ADCParametersView:116 -                Rank 1 : false
2026-02-10 23:20:40,918 [INFO] ADCParametersView:116 -                Rank 1 : false
2026-02-10 23:20:40,988 [INFO] ADCParametersView:116 -                Rank 1 : false
2026-02-10 23:20:43,653 [INFO] NvicIntPanel:101 - NVIC parent = com.st.microxplorer.plugins.ip.nvic.MultiNvicIntPanel[,0,0,0x0,invalid,layout=javax.swing.BoxLayout,alignmentX=0.0,alignmentY=0.0,border=,flags=9,maximumSize=,minimumSize=,preferredSize=]
2026-02-10 23:20:43,717 [INFO] ADCParametersView:116 -                Rank 1 : false
2026-02-10 23:20:43,717 [INFO] ADCParametersView:116 -                Rank 1 : false
2026-02-10 23:20:43,717 [INFO] ADCParametersView:116 -                Rank 1 : false
2026-02-10 23:20:43,717 [INFO] ADCParametersView:116 -                Rank 1 : false
2026-02-10 23:20:43,717 [INFO] ADCParametersView:116 -                Rank 1 : false
2026-02-10 23:20:43,717 [INFO] ADCParametersView:116 -                Rank 1 : false
2026-02-10 23:20:43,717 [INFO] ADCParametersView:116 -                Rank 1 : false
2026-02-10 23:20:43,717 [INFO] ADCParametersView:116 -                Rank 1 : false
2026-02-10 23:20:43,717 [INFO] ADCParametersView:116 -                Rank 1 : false
2026-02-10 23:20:43,717 [INFO] ADCParametersView:116 -                Rank 1 : false
2026-02-10 23:20:43,717 [INFO] ADCParametersView:116 -                Rank 1 : false
2026-02-10 23:20:43,717 [INFO] ADCParametersView:116 -                Rank 1 : false
2026-02-10 23:20:43,717 [INFO] ADCParametersView:116 -                Rank 1 : false
2026-02-10 23:20:43,717 [INFO] ADCParametersView:116 -                Rank 1 : false
2026-02-10 23:20:43,717 [INFO] ADCParametersView:116 -                Rank 1 : false
2026-02-10 23:20:43,717 [INFO] ADCParametersView:116 -                Rank 1 : false
2026-02-10 23:20:43,717 [INFO] ADCParametersView:116 -                Rank 1 : false
2026-02-10 23:20:43,718 [INFO] ADCParametersView:116 -                Rank 1 : false
2026-02-10 23:20:43,718 [INFO] ADCParametersView:116 -                Rank 1 : false
2026-02-10 23:20:43,718 [INFO] ADCParametersView:116 -                Rank 1 : false
2026-02-10 23:20:43,718 [INFO] ADCParametersView:116 -                Rank 1 : false
2026-02-10 23:20:43,787 [INFO] ADCParametersView:116 -                Rank 1 : false
2026-02-10 23:20:43,871 [INFO] ADCParametersView:116 -                Rank 1 : false
2026-02-10 23:20:43,872 [INFO] ADCParametersView:116 -                Rank 1 : false
2026-02-10 23:20:43,872 [INFO] ADCParametersView:116 -                Rank 1 : false
2026-02-10 23:20:43,872 [INFO] ADCParametersView:116 -                Rank 1 : false
2026-02-10 23:20:43,872 [INFO] ADCParametersView:116 -                Rank 1 : false
2026-02-10 23:20:43,872 [INFO] ADCParametersView:116 -                Rank 1 : false
2026-02-10 23:20:43,872 [INFO] ADCParametersView:116 -                Rank 1 : false
2026-02-10 23:20:43,872 [INFO] ADCParametersView:116 -                Rank 1 : false
2026-02-10 23:20:43,872 [INFO] ADCParametersView:116 -                Rank 1 : false
2026-02-10 23:20:43,872 [INFO] ADCParametersView:116 -                Rank 1 : false
2026-02-10 23:20:43,872 [INFO] ADCParametersView:116 -                Rank 1 : false
2026-02-10 23:20:43,872 [INFO] ADCParametersView:116 -                Rank 1 : false
2026-02-10 23:20:43,872 [INFO] ADCParametersView:116 -                Rank 1 : false
2026-02-10 23:20:43,872 [INFO] ADCParametersView:116 -                Rank 1 : false
2026-02-10 23:20:43,872 [INFO] ADCParametersView:116 -                Rank 1 : false
2026-02-10 23:20:43,872 [INFO] ADCParametersView:116 -                Rank 1 : false
2026-02-10 23:20:43,872 [INFO] ADCParametersView:116 -                Rank 1 : false
2026-02-10 23:20:43,872 [INFO] ADCParametersView:116 -                Rank 1 : false
2026-02-10 23:20:43,872 [INFO] ADCParametersView:116 -                Rank 1 : false
2026-02-10 23:20:43,872 [INFO] ADCParametersView:116 -                Rank 1 : false
2026-02-10 23:20:43,872 [INFO] ADCParametersView:116 -                Rank 1 : false
2026-02-10 23:20:43,963 [INFO] ADCParametersView:116 -                Rank 1 : false
2026-02-10 23:20:44,174 [INFO] ADCParametersView:116 -                Rank 1 : false
2026-02-10 23:20:44,174 [INFO] ADCParametersView:116 -                Rank 1 : false
2026-02-10 23:20:44,174 [INFO] ADCParametersView:116 -                Rank 1 : false
2026-02-10 23:20:44,174 [INFO] ADCParametersView:116 -                Rank 1 : false
2026-02-10 23:20:44,174 [INFO] ADCParametersView:116 -                Rank 1 : false
2026-02-10 23:20:44,174 [INFO] ADCParametersView:116 -                Rank 1 : false
2026-02-10 23:20:44,174 [INFO] ADCParametersView:116 -                Rank 1 : false
2026-02-10 23:20:44,174 [INFO] ADCParametersView:116 -                Rank 1 : false
2026-02-10 23:20:44,174 [INFO] ADCParametersView:116 -                Rank 1 : false
2026-02-10 23:20:44,174 [INFO] ADCParametersView:116 -                Rank 1 : false
2026-02-10 23:20:44,174 [INFO] ADCParametersView:116 -                Rank 1 : false
2026-02-10 23:20:44,174 [INFO] ADCParametersView:116 -                Rank 1 : false
2026-02-10 23:20:44,174 [INFO] ADCParametersView:116 -                Rank 1 : false
2026-02-10 23:20:44,174 [INFO] ADCParametersView:116 -                Rank 1 : false
2026-02-10 23:20:44,175 [INFO] ADCParametersView:116 -                Rank 1 : false
2026-02-10 23:20:44,175 [INFO] ADCParametersView:116 -                Rank 1 : false
2026-02-10 23:20:44,175 [INFO] ADCParametersView:116 -                Rank 1 : false
2026-02-10 23:20:44,175 [INFO] ADCParametersView:116 -                Rank 1 : false
2026-02-10 23:20:44,175 [INFO] ADCParametersView:116 -                Rank 1 : false
2026-02-10 23:20:44,175 [INFO] ADCParametersView:116 -                Rank 1 : false
2026-02-10 23:20:44,175 [INFO] ADCParametersView:116 -                Rank 1 : false
2026-02-10 23:20:44,239 [INFO] ADCParametersView:116 -                Rank 1 : false
2026-02-10 23:20:44,313 [INFO] ADCParametersView:116 -                Rank 1 : false
2026-02-10 23:20:44,313 [INFO] ADCParametersView:116 -                Rank 1 : false
2026-02-10 23:20:44,314 [INFO] ADCParametersView:116 -                Rank 1 : false
2026-02-10 23:20:44,314 [INFO] ADCParametersView:116 -                Rank 1 : false
2026-02-10 23:20:44,314 [INFO] ADCParametersView:116 -                Rank 1 : false
2026-02-10 23:20:44,314 [INFO] ADCParametersView:116 -                Rank 1 : false
2026-02-10 23:20:44,314 [INFO] ADCParametersView:116 -                Rank 1 : false
2026-02-10 23:20:44,314 [INFO] ADCParametersView:116 -                Rank 1 : false
2026-02-10 23:20:44,314 [INFO] ADCParametersView:116 -                Rank 1 : false
2026-02-10 23:20:44,314 [INFO] ADCParametersView:116 -                Rank 1 : false
2026-02-10 23:20:44,314 [INFO] ADCParametersView:116 -                Rank 1 : false
2026-02-10 23:20:44,314 [INFO] ADCParametersView:116 -                Rank 1 : false
2026-02-10 23:20:44,314 [INFO] ADCParametersView:116 -                Rank 1 : false
2026-02-10 23:20:44,314 [INFO] ADCParametersView:116 -                Rank 1 : false
2026-02-10 23:20:44,314 [INFO] ADCParametersView:116 -                Rank 1 : false
2026-02-10 23:20:44,314 [INFO] ADCParametersView:116 -                Rank 1 : false
2026-02-10 23:20:44,314 [INFO] ADCParametersView:116 -                Rank 1 : false
2026-02-10 23:20:44,314 [INFO] ADCParametersView:116 -                Rank 1 : false
2026-02-10 23:20:44,314 [INFO] ADCParametersView:116 -                Rank 1 : false
2026-02-10 23:20:44,314 [INFO] ADCParametersView:116 -                Rank 1 : false
2026-02-10 23:20:44,314 [INFO] ADCParametersView:116 -                Rank 1 : false
2026-02-10 23:20:44,379 [INFO] ADCParametersView:116 -                Rank 1 : false
2026-02-10 23:20:47,897 [INFO] ADCParametersView:116 -                Rank 1 : false
2026-02-10 23:20:47,897 [INFO] ADCParametersView:116 -                Rank 1 : false
2026-02-10 23:20:47,897 [INFO] ADCParametersView:116 -                Rank 1 : false
2026-02-10 23:20:47,897 [INFO] ADCParametersView:116 -                Rank 1 : false
2026-02-10 23:20:47,898 [INFO] ADCParametersView:116 -                Rank 1 : false
2026-02-10 23:20:47,898 [INFO] ADCParametersView:116 -                Rank 1 : false
2026-02-10 23:20:47,898 [INFO] ADCParametersView:116 -                Rank 1 : false
2026-02-10 23:20:47,898 [INFO] ADCParametersView:116 -                Rank 1 : false
2026-02-10 23:20:47,898 [INFO] ADCParametersView:116 -                Rank 1 : false
2026-02-10 23:20:47,898 [INFO] ADCParametersView:116 -                Rank 1 : false
2026-02-10 23:20:47,898 [INFO] ADCParametersView:116 -                Rank 1 : false
2026-02-10 23:20:47,898 [INFO] ADCParametersView:116 -                Rank 1 : false
2026-02-10 23:20:47,898 [INFO] ADCParametersView:116 -                Rank 1 : false
2026-02-10 23:20:47,898 [INFO] ADCParametersView:116 -                Rank 1 : false
2026-02-10 23:20:47,898 [INFO] ADCParametersView:116 -                Rank 1 : false
2026-02-10 23:20:47,898 [INFO] ADCParametersView:116 -                Rank 1 : false
2026-02-10 23:20:47,898 [INFO] ADCParametersView:116 -                Rank 1 : false
2026-02-10 23:20:47,898 [INFO] ADCParametersView:116 -                Rank 1 : false
2026-02-10 23:20:47,898 [INFO] ADCParametersView:116 -                Rank 1 : false
2026-02-10 23:20:47,898 [INFO] ADCParametersView:116 -                Rank 1 : false
2026-02-10 23:20:47,898 [INFO] ADCParametersView:116 -                Rank 1 : false
2026-02-10 23:20:47,903 [INFO] ADCParametersView:116 -                Rank 1 : false
2026-02-10 23:20:47,917 [INFO] ADCParametersView:116 -                Rank 1 : false
2026-02-10 23:20:47,918 [INFO] ADCParametersView:116 -                Rank 1 : false
2026-02-10 23:20:47,918 [INFO] ADCParametersView:116 -                Rank 1 : false
2026-02-10 23:20:47,918 [INFO] ADCParametersView:116 -                Rank 1 : false
2026-02-10 23:20:47,918 [INFO] ADCParametersView:116 -                Rank 1 : false
2026-02-10 23:20:47,918 [INFO] ADCParametersView:116 -                Rank 1 : false
2026-02-10 23:20:47,918 [INFO] ADCParametersView:116 -                Rank 1 : false
2026-02-10 23:20:47,918 [INFO] ADCParametersView:116 -                Rank 1 : false
2026-02-10 23:20:47,918 [INFO] ADCParametersView:116 -                Rank 1 : false
2026-02-10 23:20:47,918 [INFO] ADCParametersView:116 -                Rank 1 : false
2026-02-10 23:20:47,918 [INFO] ADCParametersView:116 -                Rank 1 : false
2026-02-10 23:20:47,918 [INFO] ADCParametersView:116 -                Rank 1 : false
2026-02-10 23:20:47,918 [INFO] ADCParametersView:116 -                Rank 1 : false
2026-02-10 23:20:47,918 [INFO] ADCParametersView:116 -                Rank 1 : false
2026-02-10 23:20:47,918 [INFO] ADCParametersView:116 -                Rank 1 : false
2026-02-10 23:20:47,918 [INFO] ADCParametersView:116 -                Rank 1 : false
2026-02-10 23:20:47,918 [INFO] ADCParametersView:116 -                Rank 1 : false
2026-02-10 23:20:47,918 [INFO] ADCParametersView:116 -                Rank 1 : false
2026-02-10 23:20:47,918 [INFO] ADCParametersView:116 -                Rank 1 : false
2026-02-10 23:20:47,918 [INFO] ADCParametersView:116 -                Rank 1 : false
2026-02-10 23:20:47,918 [INFO] ADCParametersView:116 -                Rank 1 : false
2026-02-10 23:20:47,923 [INFO] ADCParametersView:116 -                Rank 1 : false
2026-02-10 23:20:47,992 [INFO] ADCParametersView:116 -                Rank 1 : false
2026-02-10 23:20:47,992 [INFO] ADCParametersView:116 -                Rank 1 : false
2026-02-10 23:20:47,992 [INFO] ADCParametersView:116 -                Rank 1 : false
2026-02-10 23:20:47,992 [INFO] ADCParametersView:116 -                Rank 1 : false
2026-02-10 23:20:47,992 [INFO] ADCParametersView:116 -                Rank 1 : false
2026-02-10 23:20:47,992 [INFO] ADCParametersView:116 -                Rank 1 : false
2026-02-10 23:20:47,992 [INFO] ADCParametersView:116 -                Rank 1 : false
2026-02-10 23:20:47,992 [INFO] ADCParametersView:116 -                Rank 1 : false
2026-02-10 23:20:47,992 [INFO] ADCParametersView:116 -                Rank 1 : false
2026-02-10 23:20:47,992 [INFO] ADCParametersView:116 -                Rank 1 : false
2026-02-10 23:20:47,992 [INFO] ADCParametersView:116 -                Rank 1 : false
2026-02-10 23:20:47,993 [INFO] ADCParametersView:116 -                Rank 1 : false
2026-02-10 23:20:47,993 [INFO] ADCParametersView:116 -                Rank 1 : false
2026-02-10 23:20:47,993 [INFO] ADCParametersView:116 -                Rank 1 : false
2026-02-10 23:20:47,993 [INFO] ADCParametersView:116 -                Rank 1 : false
2026-02-10 23:20:47,993 [INFO] ADCParametersView:116 -                Rank 1 : false
2026-02-10 23:20:47,993 [INFO] ADCParametersView:116 -                Rank 1 : false
2026-02-10 23:20:47,993 [INFO] ADCParametersView:116 -                Rank 1 : false
2026-02-10 23:20:47,993 [INFO] ADCParametersView:116 -                Rank 1 : false
2026-02-10 23:20:47,993 [INFO] ADCParametersView:116 -                Rank 1 : false
2026-02-10 23:20:47,993 [INFO] ADCParametersView:116 -                Rank 1 : false
2026-02-10 23:20:48,065 [INFO] ADCParametersView:116 -                Rank 1 : false
2026-02-10 23:20:48,151 [INFO] ADCParametersView:116 -                Rank 1 : false
2026-02-10 23:20:48,152 [INFO] ADCParametersView:116 -                Rank 1 : false
2026-02-10 23:20:48,152 [INFO] ADCParametersView:116 -                Rank 1 : false
2026-02-10 23:20:48,152 [INFO] ADCParametersView:116 -                Rank 1 : false
2026-02-10 23:20:48,153 [INFO] ADCParametersView:116 -                Rank 1 : false
2026-02-10 23:20:48,153 [INFO] ADCParametersView:116 -                Rank 1 : false
2026-02-10 23:20:48,153 [INFO] ADCParametersView:116 -                Rank 1 : false
2026-02-10 23:20:48,153 [INFO] ADCParametersView:116 -                Rank 1 : false
2026-02-10 23:20:48,153 [INFO] ADCParametersView:116 -                Rank 1 : false
2026-02-10 23:20:48,153 [INFO] ADCParametersView:116 -                Rank 1 : false
2026-02-10 23:20:48,153 [INFO] ADCParametersView:116 -                Rank 1 : false
2026-02-10 23:20:48,153 [INFO] ADCParametersView:116 -                Rank 1 : false
2026-02-10 23:20:48,153 [INFO] ADCParametersView:116 -                Rank 1 : false
2026-02-10 23:20:48,153 [INFO] ADCParametersView:116 -                Rank 1 : false
2026-02-10 23:20:48,153 [INFO] ADCParametersView:116 -                Rank 1 : false
2026-02-10 23:20:48,153 [INFO] ADCParametersView:116 -                Rank 1 : false
2026-02-10 23:20:48,153 [INFO] ADCParametersView:116 -                Rank 1 : false
2026-02-10 23:20:48,153 [INFO] ADCParametersView:116 -                Rank 1 : false
2026-02-10 23:20:48,153 [INFO] ADCParametersView:116 -                Rank 1 : false
2026-02-10 23:20:48,153 [INFO] ADCParametersView:116 -                Rank 1 : false
2026-02-10 23:20:48,153 [INFO] ADCParametersView:116 -                Rank 1 : false
2026-02-10 23:20:48,239 [INFO] ADCParametersView:116 -                Rank 1 : false
2026-02-10 23:20:48,441 [INFO] ADCParametersView:116 -                Rank 1 : false
2026-02-10 23:20:48,442 [INFO] ADCParametersView:116 -                Rank 1 : false
2026-02-10 23:20:48,442 [INFO] ADCParametersView:116 -                Rank 1 : false
2026-02-10 23:20:48,442 [INFO] ADCParametersView:116 -                Rank 1 : false
2026-02-10 23:20:48,442 [INFO] ADCParametersView:116 -                Rank 1 : false
2026-02-10 23:20:48,442 [INFO] ADCParametersView:116 -                Rank 1 : false
2026-02-10 23:20:48,442 [INFO] ADCParametersView:116 -                Rank 1 : false
2026-02-10 23:20:48,442 [INFO] ADCParametersView:116 -                Rank 1 : false
2026-02-10 23:20:48,442 [INFO] ADCParametersView:116 -                Rank 1 : false
2026-02-10 23:20:48,442 [INFO] ADCParametersView:116 -                Rank 1 : false
2026-02-10 23:20:48,442 [INFO] ADCParametersView:116 -                Rank 1 : false
2026-02-10 23:20:48,442 [INFO] ADCParametersView:116 -                Rank 1 : false
2026-02-10 23:20:48,442 [INFO] ADCParametersView:116 -                Rank 1 : false
2026-02-10 23:20:48,442 [INFO] ADCParametersView:116 -                Rank 1 : false
2026-02-10 23:20:48,442 [INFO] ADCParametersView:116 -                Rank 1 : false
2026-02-10 23:20:48,442 [INFO] ADCParametersView:116 -                Rank 1 : false
2026-02-10 23:20:48,442 [INFO] ADCParametersView:116 -                Rank 1 : false
2026-02-10 23:20:48,442 [INFO] ADCParametersView:116 -                Rank 1 : false
2026-02-10 23:20:48,442 [INFO] ADCParametersView:116 -                Rank 1 : false
2026-02-10 23:20:48,442 [INFO] ADCParametersView:116 -                Rank 1 : false
2026-02-10 23:20:48,442 [INFO] ADCParametersView:116 -                Rank 1 : false
2026-02-10 23:20:48,525 [INFO] ADCParametersView:116 -                Rank 1 : false
2026-02-10 23:20:48,611 [INFO] ADCParametersView:116 -                Rank 1 : false
2026-02-10 23:20:48,611 [INFO] ADCParametersView:116 -                Rank 1 : false
2026-02-10 23:20:48,611 [INFO] ADCParametersView:116 -                Rank 1 : false
2026-02-10 23:20:48,611 [INFO] ADCParametersView:116 -                Rank 1 : false
2026-02-10 23:20:48,611 [INFO] ADCParametersView:116 -                Rank 1 : false
2026-02-10 23:20:48,611 [INFO] ADCParametersView:116 -                Rank 1 : false
2026-02-10 23:20:48,612 [INFO] ADCParametersView:116 -                Rank 1 : false
2026-02-10 23:20:48,612 [INFO] ADCParametersView:116 -                Rank 1 : false
2026-02-10 23:20:48,612 [INFO] ADCParametersView:116 -                Rank 1 : false
2026-02-10 23:20:48,612 [INFO] ADCParametersView:116 -                Rank 1 : false
2026-02-10 23:20:48,612 [INFO] ADCParametersView:116 -                Rank 1 : false
2026-02-10 23:20:48,612 [INFO] ADCParametersView:116 -                Rank 1 : false
2026-02-10 23:20:48,612 [INFO] ADCParametersView:116 -                Rank 1 : false
2026-02-10 23:20:48,612 [INFO] ADCParametersView:116 -                Rank 1 : false
2026-02-10 23:20:48,612 [INFO] ADCParametersView:116 -                Rank 1 : false
2026-02-10 23:20:48,612 [INFO] ADCParametersView:116 -                Rank 1 : false
2026-02-10 23:20:48,612 [INFO] ADCParametersView:116 -                Rank 1 : false
2026-02-10 23:20:48,612 [INFO] ADCParametersView:116 -                Rank 1 : false
2026-02-10 23:20:48,612 [INFO] ADCParametersView:116 -                Rank 1 : false
2026-02-10 23:20:48,612 [INFO] ADCParametersView:116 -                Rank 1 : false
2026-02-10 23:20:48,612 [INFO] ADCParametersView:116 -                Rank 1 : false
2026-02-10 23:20:48,702 [INFO] ADCParametersView:116 -                Rank 1 : false
2026-02-10 23:21:28,153 [INFO] ADCParametersView:116 -                Rank 1 : false
2026-02-10 23:21:28,154 [INFO] ADCParametersView:116 -                Rank 1 : false
2026-02-10 23:21:28,154 [INFO] ADCParametersView:116 -                Rank 1 : false
2026-02-10 23:21:28,154 [INFO] ADCParametersView:116 -                Rank 1 : false
2026-02-10 23:21:28,154 [INFO] ADCParametersView:116 -                Rank 1 : false
2026-02-10 23:21:28,154 [INFO] ADCParametersView:116 -                Rank 1 : false
2026-02-10 23:21:28,155 [INFO] ADCParametersView:116 -                Rank 1 : false
2026-02-10 23:21:28,155 [INFO] ADCParametersView:116 -                Rank 1 : false
2026-02-10 23:21:28,155 [INFO] ADCParametersView:116 -                Rank 1 : false
2026-02-10 23:21:28,155 [INFO] ADCParametersView:116 -                Rank 1 : false
2026-02-10 23:21:28,155 [INFO] ADCParametersView:116 -                Rank 1 : false
2026-02-10 23:21:28,155 [INFO] ADCParametersView:116 -                Rank 1 : false
2026-02-10 23:21:28,155 [INFO] ADCParametersView:116 -                Rank 1 : false
2026-02-10 23:21:28,155 [INFO] ADCParametersView:116 -                Rank 1 : false
2026-02-10 23:21:28,155 [INFO] ADCParametersView:116 -                Rank 1 : false
2026-02-10 23:21:28,155 [INFO] ADCParametersView:116 -                Rank 1 : false
2026-02-10 23:21:28,155 [INFO] ADCParametersView:116 -                Rank 1 : false
2026-02-10 23:21:28,155 [INFO] ADCParametersView:116 -                Rank 1 : false
2026-02-10 23:21:28,155 [INFO] ADCParametersView:116 -                Rank 1 : false
2026-02-10 23:21:28,155 [INFO] ADCParametersView:116 -                Rank 1 : false
2026-02-10 23:21:28,155 [INFO] ADCParametersView:116 -                Rank 1 : false
2026-02-10 23:21:28,161 [INFO] ADCParametersView:116 -                Rank 1 : false
2026-02-10 23:21:28,181 [INFO] ADCParametersView:116 -                Rank 1 : false
2026-02-10 23:21:28,181 [INFO] ADCParametersView:116 -                Rank 1 : false
2026-02-10 23:21:28,181 [INFO] ADCParametersView:116 -                Rank 1 : false
2026-02-10 23:21:28,181 [INFO] ADCParametersView:116 -                Rank 1 : false
2026-02-10 23:21:28,181 [INFO] ADCParametersView:116 -                Rank 1 : false
2026-02-10 23:21:28,181 [INFO] ADCParametersView:116 -                Rank 1 : false
2026-02-10 23:21:28,181 [INFO] ADCParametersView:116 -                Rank 1 : false
2026-02-10 23:21:28,181 [INFO] ADCParametersView:116 -                Rank 1 : false
2026-02-10 23:21:28,181 [INFO] ADCParametersView:116 -                Rank 1 : false
2026-02-10 23:21:28,181 [INFO] ADCParametersView:116 -                Rank 1 : false
2026-02-10 23:21:28,181 [INFO] ADCParametersView:116 -                Rank 1 : false
2026-02-10 23:21:28,181 [INFO] ADCParametersView:116 -                Rank 1 : false
2026-02-10 23:21:28,181 [INFO] ADCParametersView:116 -                Rank 1 : false
2026-02-10 23:21:28,181 [INFO] ADCParametersView:116 -                Rank 1 : false
2026-02-10 23:21:28,181 [INFO] ADCParametersView:116 -                Rank 1 : false
2026-02-10 23:21:28,181 [INFO] ADCParametersView:116 -                Rank 1 : false
2026-02-10 23:21:28,181 [INFO] ADCParametersView:116 -                Rank 1 : false
2026-02-10 23:21:28,181 [INFO] ADCParametersView:116 -                Rank 1 : false
2026-02-10 23:21:28,181 [INFO] ADCParametersView:116 -                Rank 1 : false
2026-02-10 23:21:28,181 [INFO] ADCParametersView:116 -                Rank 1 : false
2026-02-10 23:21:28,181 [INFO] ADCParametersView:116 -                Rank 1 : false
2026-02-10 23:21:28,187 [INFO] ADCParametersView:116 -                Rank 1 : false
2026-02-10 23:21:28,252 [INFO] ADCParametersView:116 -                Rank 1 : false
2026-02-10 23:21:28,253 [INFO] ADCParametersView:116 -                Rank 1 : false
2026-02-10 23:21:28,253 [INFO] ADCParametersView:116 -                Rank 1 : false
2026-02-10 23:21:28,253 [INFO] ADCParametersView:116 -                Rank 1 : false
2026-02-10 23:21:28,253 [INFO] ADCParametersView:116 -                Rank 1 : false
2026-02-10 23:21:28,253 [INFO] ADCParametersView:116 -                Rank 1 : false
2026-02-10 23:21:28,253 [INFO] ADCParametersView:116 -                Rank 1 : false
2026-02-10 23:21:28,253 [INFO] ADCParametersView:116 -                Rank 1 : false
2026-02-10 23:21:28,253 [INFO] ADCParametersView:116 -                Rank 1 : false
2026-02-10 23:21:28,253 [INFO] ADCParametersView:116 -                Rank 1 : false
2026-02-10 23:21:28,253 [INFO] ADCParametersView:116 -                Rank 1 : false
2026-02-10 23:21:28,253 [INFO] ADCParametersView:116 -                Rank 1 : false
2026-02-10 23:21:28,253 [INFO] ADCParametersView:116 -                Rank 1 : false
2026-02-10 23:21:28,253 [INFO] ADCParametersView:116 -                Rank 1 : false
2026-02-10 23:21:28,253 [INFO] ADCParametersView:116 -                Rank 1 : false
2026-02-10 23:21:28,253 [INFO] ADCParametersView:116 -                Rank 1 : false
2026-02-10 23:21:28,253 [INFO] ADCParametersView:116 -                Rank 1 : false
2026-02-10 23:21:28,253 [INFO] ADCParametersView:116 -                Rank 1 : false
2026-02-10 23:21:28,253 [INFO] ADCParametersView:116 -                Rank 1 : false
2026-02-10 23:21:28,253 [INFO] ADCParametersView:116 -                Rank 1 : false
2026-02-10 23:21:28,253 [INFO] ADCParametersView:116 -                Rank 1 : false
2026-02-10 23:21:28,316 [INFO] ADCParametersView:116 -                Rank 1 : false
2026-02-10 23:21:28,394 [INFO] ADCParametersView:116 -                Rank 1 : false
2026-02-10 23:21:28,394 [INFO] ADCParametersView:116 -                Rank 1 : false
2026-02-10 23:21:28,394 [INFO] ADCParametersView:116 -                Rank 1 : false
2026-02-10 23:21:28,394 [INFO] ADCParametersView:116 -                Rank 1 : false
2026-02-10 23:21:28,394 [INFO] ADCParametersView:116 -                Rank 1 : false
2026-02-10 23:21:28,394 [INFO] ADCParametersView:116 -                Rank 1 : false
2026-02-10 23:21:28,394 [INFO] ADCParametersView:116 -                Rank 1 : false
2026-02-10 23:21:28,394 [INFO] ADCParametersView:116 -                Rank 1 : false
2026-02-10 23:21:28,394 [INFO] ADCParametersView:116 -                Rank 1 : false
2026-02-10 23:21:28,394 [INFO] ADCParametersView:116 -                Rank 1 : false
2026-02-10 23:21:28,394 [INFO] ADCParametersView:116 -                Rank 1 : false
2026-02-10 23:21:28,394 [INFO] ADCParametersView:116 -                Rank 1 : false
2026-02-10 23:21:28,394 [INFO] ADCParametersView:116 -                Rank 1 : false
2026-02-10 23:21:28,394 [INFO] ADCParametersView:116 -                Rank 1 : false
2026-02-10 23:21:28,394 [INFO] ADCParametersView:116 -                Rank 1 : false
2026-02-10 23:21:28,394 [INFO] ADCParametersView:116 -                Rank 1 : false
2026-02-10 23:21:28,394 [INFO] ADCParametersView:116 -                Rank 1 : false
2026-02-10 23:21:28,394 [INFO] ADCParametersView:116 -                Rank 1 : false
2026-02-10 23:21:28,394 [INFO] ADCParametersView:116 -                Rank 1 : false
2026-02-10 23:21:28,394 [INFO] ADCParametersView:116 -                Rank 1 : false
2026-02-10 23:21:28,394 [INFO] ADCParametersView:116 -                Rank 1 : false
2026-02-10 23:21:28,465 [INFO] ADCParametersView:116 -                Rank 1 : false
2026-02-10 23:21:28,668 [INFO] ADCParametersView:116 -                Rank 1 : false
2026-02-10 23:21:28,668 [INFO] ADCParametersView:116 -                Rank 1 : false
2026-02-10 23:21:28,668 [INFO] ADCParametersView:116 -                Rank 1 : false
2026-02-10 23:21:28,668 [INFO] ADCParametersView:116 -                Rank 1 : false
2026-02-10 23:21:28,668 [INFO] ADCParametersView:116 -                Rank 1 : false
2026-02-10 23:21:28,668 [INFO] ADCParametersView:116 -                Rank 1 : false
2026-02-10 23:21:28,668 [INFO] ADCParametersView:116 -                Rank 1 : false
2026-02-10 23:21:28,668 [INFO] ADCParametersView:116 -                Rank 1 : false
2026-02-10 23:21:28,669 [INFO] ADCParametersView:116 -                Rank 1 : false
2026-02-10 23:21:28,669 [INFO] ADCParametersView:116 -                Rank 1 : false
2026-02-10 23:21:28,669 [INFO] ADCParametersView:116 -                Rank 1 : false
2026-02-10 23:21:28,669 [INFO] ADCParametersView:116 -                Rank 1 : false
2026-02-10 23:21:28,669 [INFO] ADCParametersView:116 -                Rank 1 : false
2026-02-10 23:21:28,669 [INFO] ADCParametersView:116 -                Rank 1 : false
2026-02-10 23:21:28,669 [INFO] ADCParametersView:116 -                Rank 1 : false
2026-02-10 23:21:28,669 [INFO] ADCParametersView:116 -                Rank 1 : false
2026-02-10 23:21:28,669 [INFO] ADCParametersView:116 -                Rank 1 : false
2026-02-10 23:21:28,669 [INFO] ADCParametersView:116 -                Rank 1 : false
2026-02-10 23:21:28,669 [INFO] ADCParametersView:116 -                Rank 1 : false
2026-02-10 23:21:28,669 [INFO] ADCParametersView:116 -                Rank 1 : false
2026-02-10 23:21:28,669 [INFO] ADCParametersView:116 -                Rank 1 : false
2026-02-10 23:21:28,738 [INFO] ADCParametersView:116 -                Rank 1 : false
2026-02-10 23:21:28,815 [INFO] ADCParametersView:116 -                Rank 1 : false
2026-02-10 23:21:28,815 [INFO] ADCParametersView:116 -                Rank 1 : false
2026-02-10 23:21:28,815 [INFO] ADCParametersView:116 -                Rank 1 : false
2026-02-10 23:21:28,815 [INFO] ADCParametersView:116 -                Rank 1 : false
2026-02-10 23:21:28,815 [INFO] ADCParametersView:116 -                Rank 1 : false
2026-02-10 23:21:28,815 [INFO] ADCParametersView:116 -                Rank 1 : false
2026-02-10 23:21:28,815 [INFO] ADCParametersView:116 -                Rank 1 : false
2026-02-10 23:21:28,815 [INFO] ADCParametersView:116 -                Rank 1 : false
2026-02-10 23:21:28,815 [INFO] ADCParametersView:116 -                Rank 1 : false
2026-02-10 23:21:28,815 [INFO] ADCParametersView:116 -                Rank 1 : false
2026-02-10 23:21:28,815 [INFO] ADCParametersView:116 -                Rank 1 : false
2026-02-10 23:21:28,815 [INFO] ADCParametersView:116 -                Rank 1 : false
2026-02-10 23:21:28,815 [INFO] ADCParametersView:116 -                Rank 1 : false
2026-02-10 23:21:28,815 [INFO] ADCParametersView:116 -                Rank 1 : false
2026-02-10 23:21:28,815 [INFO] ADCParametersView:116 -                Rank 1 : false
2026-02-10 23:21:28,815 [INFO] ADCParametersView:116 -                Rank 1 : false
2026-02-10 23:21:28,815 [INFO] ADCParametersView:116 -                Rank 1 : false
2026-02-10 23:21:28,815 [INFO] ADCParametersView:116 -                Rank 1 : false
2026-02-10 23:21:28,815 [INFO] ADCParametersView:116 -                Rank 1 : false
2026-02-10 23:21:28,815 [INFO] ADCParametersView:116 -                Rank 1 : false
2026-02-10 23:21:28,815 [INFO] ADCParametersView:116 -                Rank 1 : false
2026-02-10 23:21:28,915 [INFO] ADCParametersView:116 -                Rank 1 : false
2026-02-10 23:22:54,216 [INFO] ADCParametersView:116 -                Rank 1 : false
2026-02-10 23:22:54,216 [INFO] ADCParametersView:116 -                Rank 1 : false
2026-02-10 23:22:54,216 [INFO] ADCParametersView:116 -                Rank 1 : false
2026-02-10 23:22:54,216 [INFO] ADCParametersView:116 -                Rank 1 : false
2026-02-10 23:22:54,216 [INFO] ADCParametersView:116 -                Rank 1 : false
2026-02-10 23:22:54,216 [INFO] ADCParametersView:116 -                Rank 1 : false
2026-02-10 23:22:54,216 [INFO] ADCParametersView:116 -                Rank 1 : false
2026-02-10 23:22:54,216 [INFO] ADCParametersView:116 -                Rank 1 : false
2026-02-10 23:22:54,216 [INFO] ADCParametersView:116 -                Rank 1 : false
2026-02-10 23:22:54,216 [INFO] ADCParametersView:116 -                Rank 1 : false
2026-02-10 23:22:54,216 [INFO] ADCParametersView:116 -                Rank 1 : false
2026-02-10 23:22:54,217 [INFO] ADCParametersView:116 -                Rank 1 : false
2026-02-10 23:22:54,217 [INFO] ADCParametersView:116 -                Rank 1 : false
2026-02-10 23:22:54,217 [INFO] ADCParametersView:116 -                Rank 1 : false
2026-02-10 23:22:54,217 [INFO] ADCParametersView:116 -                Rank 1 : false
2026-02-10 23:22:54,217 [INFO] ADCParametersView:116 -                Rank 1 : false
2026-02-10 23:22:54,217 [INFO] ADCParametersView:116 -                Rank 1 : false
2026-02-10 23:22:54,217 [INFO] ADCParametersView:116 -                Rank 1 : false
2026-02-10 23:22:54,217 [INFO] ADCParametersView:116 -                Rank 1 : false
2026-02-10 23:22:54,217 [INFO] ADCParametersView:116 -                Rank 1 : false
2026-02-10 23:22:54,217 [INFO] ADCParametersView:116 -                Rank 1 : false
2026-02-10 23:22:54,222 [INFO] ADCParametersView:116 -                Rank 1 : false
2026-02-10 23:22:54,238 [INFO] ADCParametersView:116 -                Rank 1 : false
2026-02-10 23:22:54,238 [INFO] ADCParametersView:116 -                Rank 1 : false
2026-02-10 23:22:54,238 [INFO] ADCParametersView:116 -                Rank 1 : false
2026-02-10 23:22:54,238 [INFO] ADCParametersView:116 -                Rank 1 : false
2026-02-10 23:22:54,238 [INFO] ADCParametersView:116 -                Rank 1 : false
2026-02-10 23:22:54,238 [INFO] ADCParametersView:116 -                Rank 1 : false
2026-02-10 23:22:54,238 [INFO] ADCParametersView:116 -                Rank 1 : false
2026-02-10 23:22:54,238 [INFO] ADCParametersView:116 -                Rank 1 : false
2026-02-10 23:22:54,238 [INFO] ADCParametersView:116 -                Rank 1 : false
2026-02-10 23:22:54,238 [INFO] ADCParametersView:116 -                Rank 1 : false
2026-02-10 23:22:54,238 [INFO] ADCParametersView:116 -                Rank 1 : false
2026-02-10 23:22:54,238 [INFO] ADCParametersView:116 -                Rank 1 : false
2026-02-10 23:22:54,238 [INFO] ADCParametersView:116 -                Rank 1 : false
2026-02-10 23:22:54,238 [INFO] ADCParametersView:116 -                Rank 1 : false
2026-02-10 23:22:54,238 [INFO] ADCParametersView:116 -                Rank 1 : false
2026-02-10 23:22:54,238 [INFO] ADCParametersView:116 -                Rank 1 : false
2026-02-10 23:22:54,238 [INFO] ADCParametersView:116 -                Rank 1 : false
2026-02-10 23:22:54,238 [INFO] ADCParametersView:116 -                Rank 1 : false
2026-02-10 23:22:54,238 [INFO] ADCParametersView:116 -                Rank 1 : false
2026-02-10 23:22:54,239 [INFO] ADCParametersView:116 -                Rank 1 : false
2026-02-10 23:22:54,239 [INFO] ADCParametersView:116 -                Rank 1 : false
2026-02-10 23:22:54,243 [INFO] ADCParametersView:116 -                Rank 1 : false
2026-02-10 23:22:54,304 [INFO] ADCParametersView:116 -                Rank 1 : false
2026-02-10 23:22:54,306 [INFO] ADCParametersView:116 -                Rank 1 : false
2026-02-10 23:22:54,306 [INFO] ADCParametersView:116 -                Rank 1 : false
2026-02-10 23:22:54,306 [INFO] ADCParametersView:116 -                Rank 1 : false
2026-02-10 23:22:54,306 [INFO] ADCParametersView:116 -                Rank 1 : false
2026-02-10 23:22:54,306 [INFO] ADCParametersView:116 -                Rank 1 : false
2026-02-10 23:22:54,306 [INFO] ADCParametersView:116 -                Rank 1 : false
2026-02-10 23:22:54,306 [INFO] ADCParametersView:116 -                Rank 1 : false
2026-02-10 23:22:54,306 [INFO] ADCParametersView:116 -                Rank 1 : false
2026-02-10 23:22:54,306 [INFO] ADCParametersView:116 -                Rank 1 : false
2026-02-10 23:22:54,306 [INFO] ADCParametersView:116 -                Rank 1 : false
2026-02-10 23:22:54,306 [INFO] ADCParametersView:116 -                Rank 1 : false
2026-02-10 23:22:54,306 [INFO] ADCParametersView:116 -                Rank 1 : false
2026-02-10 23:22:54,306 [INFO] ADCParametersView:116 -                Rank 1 : false
2026-02-10 23:22:54,306 [INFO] ADCParametersView:116 -                Rank 1 : false
2026-02-10 23:22:54,306 [INFO] ADCParametersView:116 -                Rank 1 : false
2026-02-10 23:22:54,306 [INFO] ADCParametersView:116 -                Rank 1 : false
2026-02-10 23:22:54,306 [INFO] ADCParametersView:116 -                Rank 1 : false
2026-02-10 23:22:54,306 [INFO] ADCParametersView:116 -                Rank 1 : false
2026-02-10 23:22:54,306 [INFO] ADCParametersView:116 -                Rank 1 : false
2026-02-10 23:22:54,306 [INFO] ADCParametersView:116 -                Rank 1 : false
2026-02-10 23:22:54,372 [INFO] ADCParametersView:116 -                Rank 1 : false
2026-02-10 23:22:54,457 [INFO] ADCParametersView:116 -                Rank 1 : false
2026-02-10 23:22:54,458 [INFO] ADCParametersView:116 -                Rank 1 : false
2026-02-10 23:22:54,458 [INFO] ADCParametersView:116 -                Rank 1 : false
2026-02-10 23:22:54,458 [INFO] ADCParametersView:116 -                Rank 1 : false
2026-02-10 23:22:54,458 [INFO] ADCParametersView:116 -                Rank 1 : false
2026-02-10 23:22:54,458 [INFO] ADCParametersView:116 -                Rank 1 : false
2026-02-10 23:22:54,458 [INFO] ADCParametersView:116 -                Rank 1 : false
2026-02-10 23:22:54,458 [INFO] ADCParametersView:116 -                Rank 1 : false
2026-02-10 23:22:54,458 [INFO] ADCParametersView:116 -                Rank 1 : false
2026-02-10 23:22:54,458 [INFO] ADCParametersView:116 -                Rank 1 : false
2026-02-10 23:22:54,458 [INFO] ADCParametersView:116 -                Rank 1 : false
2026-02-10 23:22:54,458 [INFO] ADCParametersView:116 -                Rank 1 : false
2026-02-10 23:22:54,458 [INFO] ADCParametersView:116 -                Rank 1 : false
2026-02-10 23:22:54,458 [INFO] ADCParametersView:116 -                Rank 1 : false
2026-02-10 23:22:54,458 [INFO] ADCParametersView:116 -                Rank 1 : false
2026-02-10 23:22:54,458 [INFO] ADCParametersView:116 -                Rank 1 : false
2026-02-10 23:22:54,458 [INFO] ADCParametersView:116 -                Rank 1 : false
2026-02-10 23:22:54,458 [INFO] ADCParametersView:116 -                Rank 1 : false
2026-02-10 23:22:54,458 [INFO] ADCParametersView:116 -                Rank 1 : false
2026-02-10 23:22:54,458 [INFO] ADCParametersView:116 -                Rank 1 : false
2026-02-10 23:22:54,458 [INFO] ADCParametersView:116 -                Rank 1 : false
2026-02-10 23:22:54,547 [INFO] ADCParametersView:116 -                Rank 1 : false
2026-02-10 23:22:54,759 [INFO] ADCParametersView:116 -                Rank 1 : false
2026-02-10 23:22:54,759 [INFO] ADCParametersView:116 -                Rank 1 : false
2026-02-10 23:22:54,759 [INFO] ADCParametersView:116 -                Rank 1 : false
2026-02-10 23:22:54,759 [INFO] ADCParametersView:116 -                Rank 1 : false
2026-02-10 23:22:54,759 [INFO] ADCParametersView:116 -                Rank 1 : false
2026-02-10 23:22:54,759 [INFO] ADCParametersView:116 -                Rank 1 : false
2026-02-10 23:22:54,759 [INFO] ADCParametersView:116 -                Rank 1 : false
2026-02-10 23:22:54,759 [INFO] ADCParametersView:116 -                Rank 1 : false
2026-02-10 23:22:54,759 [INFO] ADCParametersView:116 -                Rank 1 : false
2026-02-10 23:22:54,759 [INFO] ADCParametersView:116 -                Rank 1 : false
2026-02-10 23:22:54,759 [INFO] ADCParametersView:116 -                Rank 1 : false
2026-02-10 23:22:54,759 [INFO] ADCParametersView:116 -                Rank 1 : false
2026-02-10 23:22:54,759 [INFO] ADCParametersView:116 -                Rank 1 : false
2026-02-10 23:22:54,760 [INFO] ADCParametersView:116 -                Rank 1 : false
2026-02-10 23:22:54,760 [INFO] ADCParametersView:116 -                Rank 1 : false
2026-02-10 23:22:54,760 [INFO] ADCParametersView:116 -                Rank 1 : false
2026-02-10 23:22:54,760 [INFO] ADCParametersView:116 -                Rank 1 : false
2026-02-10 23:22:54,760 [INFO] ADCParametersView:116 -                Rank 1 : false
2026-02-10 23:22:54,760 [INFO] ADCParametersView:116 -                Rank 1 : false
2026-02-10 23:22:54,760 [INFO] ADCParametersView:116 -                Rank 1 : false
2026-02-10 23:22:54,760 [INFO] ADCParametersView:116 -                Rank 1 : false
2026-02-10 23:22:54,823 [INFO] ADCParametersView:116 -                Rank 1 : false
2026-02-10 23:22:54,896 [INFO] ADCParametersView:116 -                Rank 1 : false
2026-02-10 23:22:54,896 [INFO] ADCParametersView:116 -                Rank 1 : false
2026-02-10 23:22:54,896 [INFO] ADCParametersView:116 -                Rank 1 : false
2026-02-10 23:22:54,896 [INFO] ADCParametersView:116 -                Rank 1 : false
2026-02-10 23:22:54,896 [INFO] ADCParametersView:116 -                Rank 1 : false
2026-02-10 23:22:54,896 [INFO] ADCParametersView:116 -                Rank 1 : false
2026-02-10 23:22:54,896 [INFO] ADCParametersView:116 -                Rank 1 : false
2026-02-10 23:22:54,896 [INFO] ADCParametersView:116 -                Rank 1 : false
2026-02-10 23:22:54,896 [INFO] ADCParametersView:116 -                Rank 1 : false
2026-02-10 23:22:54,896 [INFO] ADCParametersView:116 -                Rank 1 : false
2026-02-10 23:22:54,896 [INFO] ADCParametersView:116 -                Rank 1 : false
2026-02-10 23:22:54,896 [INFO] ADCParametersView:116 -                Rank 1 : false
2026-02-10 23:22:54,896 [INFO] ADCParametersView:116 -                Rank 1 : false
2026-02-10 23:22:54,896 [INFO] ADCParametersView:116 -                Rank 1 : false
2026-02-10 23:22:54,896 [INFO] ADCParametersView:116 -                Rank 1 : false
2026-02-10 23:22:54,896 [INFO] ADCParametersView:116 -                Rank 1 : false
2026-02-10 23:22:54,896 [INFO] ADCParametersView:116 -                Rank 1 : false
2026-02-10 23:22:54,896 [INFO] ADCParametersView:116 -                Rank 1 : false
2026-02-10 23:22:54,896 [INFO] ADCParametersView:116 -                Rank 1 : false
2026-02-10 23:22:54,896 [INFO] ADCParametersView:116 -                Rank 1 : false
2026-02-10 23:22:54,896 [INFO] ADCParametersView:116 -                Rank 1 : false
2026-02-10 23:22:54,959 [INFO] ADCParametersView:116 -                Rank 1 : false
2026-02-10 23:23:22,706 [INFO] ADCParametersView:116 -                Rank 1 : false
2026-02-10 23:23:22,706 [INFO] ADCParametersView:116 -                Rank 1 : false
2026-02-10 23:23:22,706 [INFO] ADCParametersView:116 -                Rank 1 : false
2026-02-10 23:23:22,706 [INFO] ADCParametersView:116 -                Rank 1 : false
2026-02-10 23:23:22,706 [INFO] ADCParametersView:116 -                Rank 1 : false
2026-02-10 23:23:22,706 [INFO] ADCParametersView:116 -                Rank 1 : false
2026-02-10 23:23:22,706 [INFO] ADCParametersView:116 -                Rank 1 : false
2026-02-10 23:23:22,706 [INFO] ADCParametersView:116 -                Rank 1 : false
2026-02-10 23:23:22,706 [INFO] ADCParametersView:116 -                Rank 1 : false
2026-02-10 23:23:22,706 [INFO] ADCParametersView:116 -                Rank 1 : false
2026-02-10 23:23:22,706 [INFO] ADCParametersView:116 -                Rank 1 : false
2026-02-10 23:23:22,706 [INFO] ADCParametersView:116 -                Rank 1 : false
2026-02-10 23:23:22,706 [INFO] ADCParametersView:116 -                Rank 1 : false
2026-02-10 23:23:22,707 [INFO] ADCParametersView:116 -                Rank 1 : false
2026-02-10 23:23:22,707 [INFO] ADCParametersView:116 -                Rank 1 : false
2026-02-10 23:23:22,707 [INFO] ADCParametersView:116 -                Rank 1 : false
2026-02-10 23:23:22,707 [INFO] ADCParametersView:116 -                Rank 1 : false
2026-02-10 23:23:22,707 [INFO] ADCParametersView:116 -                Rank 1 : false
2026-02-10 23:23:22,707 [INFO] ADCParametersView:116 -                Rank 1 : false
2026-02-10 23:23:22,707 [INFO] ADCParametersView:116 -                Rank 1 : false
2026-02-10 23:23:22,707 [INFO] ADCParametersView:116 -                Rank 1 : false
2026-02-10 23:23:22,713 [INFO] ADCParametersView:116 -                Rank 1 : false
2026-02-10 23:23:22,732 [INFO] ADCParametersView:116 -                Rank 1 : false
2026-02-10 23:23:22,733 [INFO] ADCParametersView:116 -                Rank 1 : false
2026-02-10 23:23:22,733 [INFO] ADCParametersView:116 -                Rank 1 : false
2026-02-10 23:23:22,733 [INFO] ADCParametersView:116 -                Rank 1 : false
2026-02-10 23:23:22,733 [INFO] ADCParametersView:116 -                Rank 1 : false
2026-02-10 23:23:22,733 [INFO] ADCParametersView:116 -                Rank 1 : false
2026-02-10 23:23:22,733 [INFO] ADCParametersView:116 -                Rank 1 : false
2026-02-10 23:23:22,733 [INFO] ADCParametersView:116 -                Rank 1 : false
2026-02-10 23:23:22,733 [INFO] ADCParametersView:116 -                Rank 1 : false
2026-02-10 23:23:22,734 [INFO] ADCParametersView:116 -                Rank 1 : false
2026-02-10 23:23:22,734 [INFO] ADCParametersView:116 -                Rank 1 : false
2026-02-10 23:23:22,734 [INFO] ADCParametersView:116 -                Rank 1 : false
2026-02-10 23:23:22,734 [INFO] ADCParametersView:116 -                Rank 1 : false
2026-02-10 23:23:22,734 [INFO] ADCParametersView:116 -                Rank 1 : false
2026-02-10 23:23:22,734 [INFO] ADCParametersView:116 -                Rank 1 : false
2026-02-10 23:23:22,734 [INFO] ADCParametersView:116 -                Rank 1 : false
2026-02-10 23:23:22,734 [INFO] ADCParametersView:116 -                Rank 1 : false
2026-02-10 23:23:22,734 [INFO] ADCParametersView:116 -                Rank 1 : false
2026-02-10 23:23:22,734 [INFO] ADCParametersView:116 -                Rank 1 : false
2026-02-10 23:23:22,734 [INFO] ADCParametersView:116 -                Rank 1 : false
2026-02-10 23:23:22,734 [INFO] ADCParametersView:116 -                Rank 1 : false
2026-02-10 23:23:22,742 [INFO] ADCParametersView:116 -                Rank 1 : false
2026-02-10 23:23:22,830 [INFO] ADCParametersView:116 -                Rank 1 : false
2026-02-10 23:23:22,830 [INFO] ADCParametersView:116 -                Rank 1 : false
2026-02-10 23:23:22,830 [INFO] ADCParametersView:116 -                Rank 1 : false
2026-02-10 23:23:22,830 [INFO] ADCParametersView:116 -                Rank 1 : false
2026-02-10 23:23:22,830 [INFO] ADCParametersView:116 -                Rank 1 : false
2026-02-10 23:23:22,830 [INFO] ADCParametersView:116 -                Rank 1 : false
2026-02-10 23:23:22,830 [INFO] ADCParametersView:116 -                Rank 1 : false
2026-02-10 23:23:22,830 [INFO] ADCParametersView:116 -                Rank 1 : false
2026-02-10 23:23:22,830 [INFO] ADCParametersView:116 -                Rank 1 : false
2026-02-10 23:23:22,830 [INFO] ADCParametersView:116 -                Rank 1 : false
2026-02-10 23:23:22,830 [INFO] ADCParametersView:116 -                Rank 1 : false
2026-02-10 23:23:22,830 [INFO] ADCParametersView:116 -                Rank 1 : false
2026-02-10 23:23:22,830 [INFO] ADCParametersView:116 -                Rank 1 : false
2026-02-10 23:23:22,830 [INFO] ADCParametersView:116 -                Rank 1 : false
2026-02-10 23:23:22,830 [INFO] ADCParametersView:116 -                Rank 1 : false
2026-02-10 23:23:22,830 [INFO] ADCParametersView:116 -                Rank 1 : false
2026-02-10 23:23:22,830 [INFO] ADCParametersView:116 -                Rank 1 : false
2026-02-10 23:23:22,830 [INFO] ADCParametersView:116 -                Rank 1 : false
2026-02-10 23:23:22,830 [INFO] ADCParametersView:116 -                Rank 1 : false
2026-02-10 23:23:22,830 [INFO] ADCParametersView:116 -                Rank 1 : false
2026-02-10 23:23:22,830 [INFO] ADCParametersView:116 -                Rank 1 : false
2026-02-10 23:23:22,898 [INFO] ADCParametersView:116 -                Rank 1 : false
2026-02-10 23:23:22,976 [INFO] ADCParametersView:116 -                Rank 1 : false
2026-02-10 23:23:22,976 [INFO] ADCParametersView:116 -                Rank 1 : false
2026-02-10 23:23:22,976 [INFO] ADCParametersView:116 -                Rank 1 : false
2026-02-10 23:23:22,976 [INFO] ADCParametersView:116 -                Rank 1 : false
2026-02-10 23:23:22,976 [INFO] ADCParametersView:116 -                Rank 1 : false
2026-02-10 23:23:22,976 [INFO] ADCParametersView:116 -                Rank 1 : false
2026-02-10 23:23:22,976 [INFO] ADCParametersView:116 -                Rank 1 : false
2026-02-10 23:23:22,976 [INFO] ADCParametersView:116 -                Rank 1 : false
2026-02-10 23:23:22,976 [INFO] ADCParametersView:116 -                Rank 1 : false
2026-02-10 23:23:22,976 [INFO] ADCParametersView:116 -                Rank 1 : false
2026-02-10 23:23:22,976 [INFO] ADCParametersView:116 -                Rank 1 : false
2026-02-10 23:23:22,976 [INFO] ADCParametersView:116 -                Rank 1 : false
2026-02-10 23:23:22,976 [INFO] ADCParametersView:116 -                Rank 1 : false
2026-02-10 23:23:22,976 [INFO] ADCParametersView:116 -                Rank 1 : false
2026-02-10 23:23:22,976 [INFO] ADCParametersView:116 -                Rank 1 : false
2026-02-10 23:23:22,976 [INFO] ADCParametersView:116 -                Rank 1 : false
2026-02-10 23:23:22,976 [INFO] ADCParametersView:116 -                Rank 1 : false
2026-02-10 23:23:22,976 [INFO] ADCParametersView:116 -                Rank 1 : false
2026-02-10 23:23:22,976 [INFO] ADCParametersView:116 -                Rank 1 : false
2026-02-10 23:23:22,976 [INFO] ADCParametersView:116 -                Rank 1 : false
2026-02-10 23:23:22,976 [INFO] ADCParametersView:116 -                Rank 1 : false
2026-02-10 23:23:23,039 [INFO] ADCParametersView:116 -                Rank 1 : false
2026-02-10 23:23:23,239 [INFO] ADCParametersView:116 -                Rank 1 : false
2026-02-10 23:23:23,239 [INFO] ADCParametersView:116 -                Rank 1 : false
2026-02-10 23:23:23,239 [INFO] ADCParametersView:116 -                Rank 1 : false
2026-02-10 23:23:23,239 [INFO] ADCParametersView:116 -                Rank 1 : false
2026-02-10 23:23:23,240 [INFO] ADCParametersView:116 -                Rank 1 : false
2026-02-10 23:23:23,240 [INFO] ADCParametersView:116 -                Rank 1 : false
2026-02-10 23:23:23,240 [INFO] ADCParametersView:116 -                Rank 1 : false
2026-02-10 23:23:23,240 [INFO] ADCParametersView:116 -                Rank 1 : false
2026-02-10 23:23:23,240 [INFO] ADCParametersView:116 -                Rank 1 : false
2026-02-10 23:23:23,240 [INFO] ADCParametersView:116 -                Rank 1 : false
2026-02-10 23:23:23,240 [INFO] ADCParametersView:116 -                Rank 1 : false
2026-02-10 23:23:23,240 [INFO] ADCParametersView:116 -                Rank 1 : false
2026-02-10 23:23:23,240 [INFO] ADCParametersView:116 -                Rank 1 : false
2026-02-10 23:23:23,240 [INFO] ADCParametersView:116 -                Rank 1 : false
2026-02-10 23:23:23,240 [INFO] ADCParametersView:116 -                Rank 1 : false
2026-02-10 23:23:23,240 [INFO] ADCParametersView:116 -                Rank 1 : false
2026-02-10 23:23:23,240 [INFO] ADCParametersView:116 -                Rank 1 : false
2026-02-10 23:23:23,240 [INFO] ADCParametersView:116 -                Rank 1 : false
2026-02-10 23:23:23,240 [INFO] ADCParametersView:116 -                Rank 1 : false
2026-02-10 23:23:23,240 [INFO] ADCParametersView:116 -                Rank 1 : false
2026-02-10 23:23:23,240 [INFO] ADCParametersView:116 -                Rank 1 : false
2026-02-10 23:23:23,303 [INFO] ADCParametersView:116 -                Rank 1 : false
2026-02-10 23:23:23,380 [INFO] ADCParametersView:116 -                Rank 1 : false
2026-02-10 23:23:23,381 [INFO] ADCParametersView:116 -                Rank 1 : false
2026-02-10 23:23:23,381 [INFO] ADCParametersView:116 -                Rank 1 : false
2026-02-10 23:23:23,381 [INFO] ADCParametersView:116 -                Rank 1 : false
2026-02-10 23:23:23,381 [INFO] ADCParametersView:116 -                Rank 1 : false
2026-02-10 23:23:23,381 [INFO] ADCParametersView:116 -                Rank 1 : false
2026-02-10 23:23:23,381 [INFO] ADCParametersView:116 -                Rank 1 : false
2026-02-10 23:23:23,381 [INFO] ADCParametersView:116 -                Rank 1 : false
2026-02-10 23:23:23,381 [INFO] ADCParametersView:116 -                Rank 1 : false
2026-02-10 23:23:23,381 [INFO] ADCParametersView:116 -                Rank 1 : false
2026-02-10 23:23:23,381 [INFO] ADCParametersView:116 -                Rank 1 : false
2026-02-10 23:23:23,381 [INFO] ADCParametersView:116 -                Rank 1 : false
2026-02-10 23:23:23,381 [INFO] ADCParametersView:116 -                Rank 1 : false
2026-02-10 23:23:23,381 [INFO] ADCParametersView:116 -                Rank 1 : false
2026-02-10 23:23:23,381 [INFO] ADCParametersView:116 -                Rank 1 : false
2026-02-10 23:23:23,381 [INFO] ADCParametersView:116 -                Rank 1 : false
2026-02-10 23:23:23,381 [INFO] ADCParametersView:116 -                Rank 1 : false
2026-02-10 23:23:23,381 [INFO] ADCParametersView:116 -                Rank 1 : false
2026-02-10 23:23:23,381 [INFO] ADCParametersView:116 -                Rank 1 : false
2026-02-10 23:23:23,381 [INFO] ADCParametersView:116 -                Rank 1 : false
2026-02-10 23:23:23,381 [INFO] ADCParametersView:116 -                Rank 1 : false
2026-02-10 23:23:23,459 [INFO] ADCParametersView:116 -                Rank 1 : false
2026-02-10 23:24:15,462 [INFO] ADCParametersView:116 -                Rank 1 : false
2026-02-10 23:24:15,462 [INFO] ADCParametersView:116 -                Rank 1 : false
2026-02-10 23:24:15,462 [INFO] ADCParametersView:116 -                Rank 1 : false
2026-02-10 23:24:15,462 [INFO] ADCParametersView:116 -                Rank 1 : false
2026-02-10 23:24:15,462 [INFO] ADCParametersView:116 -                Rank 1 : false
2026-02-10 23:24:15,462 [INFO] ADCParametersView:116 -                Rank 1 : false
2026-02-10 23:24:15,462 [INFO] ADCParametersView:116 -                Rank 1 : false
2026-02-10 23:24:15,462 [INFO] ADCParametersView:116 -                Rank 1 : false
2026-02-10 23:24:15,462 [INFO] ADCParametersView:116 -                Rank 1 : false
2026-02-10 23:24:15,462 [INFO] ADCParametersView:116 -                Rank 1 : false
2026-02-10 23:24:15,462 [INFO] ADCParametersView:116 -                Rank 1 : false
2026-02-10 23:24:15,462 [INFO] ADCParametersView:116 -                Rank 1 : false
2026-02-10 23:24:15,462 [INFO] ADCParametersView:116 -                Rank 1 : false
2026-02-10 23:24:15,462 [INFO] ADCParametersView:116 -                Rank 1 : false
2026-02-10 23:24:15,462 [INFO] ADCParametersView:116 -                Rank 1 : false
2026-02-10 23:24:15,462 [INFO] ADCParametersView:116 -                Rank 1 : false
2026-02-10 23:24:15,462 [INFO] ADCParametersView:116 -                Rank 1 : false
2026-02-10 23:24:15,462 [INFO] ADCParametersView:116 -                Rank 1 : false
2026-02-10 23:24:15,463 [INFO] ADCParametersView:116 -                Rank 1 : false
2026-02-10 23:24:15,463 [INFO] ADCParametersView:116 -                Rank 1 : false
2026-02-10 23:24:15,463 [INFO] ADCParametersView:116 -                Rank 1 : false
2026-02-10 23:24:15,538 [INFO] ADCParametersView:116 -                Rank 1 : false
2026-02-10 23:24:15,640 [INFO] ADCParametersView:116 -                Rank 1 : false
2026-02-10 23:24:15,641 [INFO] ADCParametersView:116 -                Rank 1 : false
2026-02-10 23:24:15,641 [INFO] ADCParametersView:116 -                Rank 1 : false
2026-02-10 23:24:15,641 [INFO] ADCParametersView:116 -                Rank 1 : false
2026-02-10 23:24:15,641 [INFO] ADCParametersView:116 -                Rank 1 : false
2026-02-10 23:24:15,641 [INFO] ADCParametersView:116 -                Rank 1 : false
2026-02-10 23:24:15,641 [INFO] ADCParametersView:116 -                Rank 1 : false
2026-02-10 23:24:15,641 [INFO] ADCParametersView:116 -                Rank 1 : false
2026-02-10 23:24:15,641 [INFO] ADCParametersView:116 -                Rank 1 : false
2026-02-10 23:24:15,641 [INFO] ADCParametersView:116 -                Rank 1 : false
2026-02-10 23:24:15,641 [INFO] ADCParametersView:116 -                Rank 1 : false
2026-02-10 23:24:15,641 [INFO] ADCParametersView:116 -                Rank 1 : false
2026-02-10 23:24:15,641 [INFO] ADCParametersView:116 -                Rank 1 : false
2026-02-10 23:24:15,641 [INFO] ADCParametersView:116 -                Rank 1 : false
2026-02-10 23:24:15,641 [INFO] ADCParametersView:116 -                Rank 1 : false
2026-02-10 23:24:15,641 [INFO] ADCParametersView:116 -                Rank 1 : false
2026-02-10 23:24:15,641 [INFO] ADCParametersView:116 -                Rank 1 : false
2026-02-10 23:24:15,641 [INFO] ADCParametersView:116 -                Rank 1 : false
2026-02-10 23:24:15,641 [INFO] ADCParametersView:116 -                Rank 1 : false
2026-02-10 23:24:15,641 [INFO] ADCParametersView:116 -                Rank 1 : false
2026-02-10 23:24:15,641 [INFO] ADCParametersView:116 -                Rank 1 : false
2026-02-10 23:24:15,708 [INFO] ADCParametersView:116 -                Rank 1 : false
2026-02-10 23:24:16,168 [INFO] ADCParametersView:116 -                Rank 1 : false
2026-02-10 23:24:16,168 [INFO] ADCParametersView:116 -                Rank 1 : false
2026-02-10 23:24:16,168 [INFO] ADCParametersView:116 -                Rank 1 : false
2026-02-10 23:24:16,168 [INFO] ADCParametersView:116 -                Rank 1 : false
2026-02-10 23:24:16,168 [INFO] ADCParametersView:116 -                Rank 1 : false
2026-02-10 23:24:16,168 [INFO] ADCParametersView:116 -                Rank 1 : false
2026-02-10 23:24:16,168 [INFO] ADCParametersView:116 -                Rank 1 : false
2026-02-10 23:24:16,168 [INFO] ADCParametersView:116 -                Rank 1 : false
2026-02-10 23:24:16,168 [INFO] ADCParametersView:116 -                Rank 1 : false
2026-02-10 23:24:16,168 [INFO] ADCParametersView:116 -                Rank 1 : false
2026-02-10 23:24:16,168 [INFO] ADCParametersView:116 -                Rank 1 : false
2026-02-10 23:24:16,168 [INFO] ADCParametersView:116 -                Rank 1 : false
2026-02-10 23:24:16,168 [INFO] ADCParametersView:116 -                Rank 1 : false
2026-02-10 23:24:16,168 [INFO] ADCParametersView:116 -                Rank 1 : false
2026-02-10 23:24:16,168 [INFO] ADCParametersView:116 -                Rank 1 : false
2026-02-10 23:24:16,168 [INFO] ADCParametersView:116 -                Rank 1 : false
2026-02-10 23:24:16,168 [INFO] ADCParametersView:116 -                Rank 1 : false
2026-02-10 23:24:16,168 [INFO] ADCParametersView:116 -                Rank 1 : false
2026-02-10 23:24:16,168 [INFO] ADCParametersView:116 -                Rank 1 : false
2026-02-10 23:24:16,169 [INFO] ADCParametersView:116 -                Rank 1 : false
2026-02-10 23:24:16,169 [INFO] ADCParametersView:116 -                Rank 1 : false
2026-02-10 23:24:16,236 [INFO] ADCParametersView:116 -                Rank 1 : false
2026-02-10 23:24:16,317 [INFO] ADCParametersView:116 -                Rank 1 : false
2026-02-10 23:24:16,317 [INFO] ADCParametersView:116 -                Rank 1 : false
2026-02-10 23:24:16,317 [INFO] ADCParametersView:116 -                Rank 1 : false
2026-02-10 23:24:16,317 [INFO] ADCParametersView:116 -                Rank 1 : false
2026-02-10 23:24:16,317 [INFO] ADCParametersView:116 -                Rank 1 : false
2026-02-10 23:24:16,317 [INFO] ADCParametersView:116 -                Rank 1 : false
2026-02-10 23:24:16,317 [INFO] ADCParametersView:116 -                Rank 1 : false
2026-02-10 23:24:16,317 [INFO] ADCParametersView:116 -                Rank 1 : false
2026-02-10 23:24:16,317 [INFO] ADCParametersView:116 -                Rank 1 : false
2026-02-10 23:24:16,317 [INFO] ADCParametersView:116 -                Rank 1 : false
2026-02-10 23:24:16,317 [INFO] ADCParametersView:116 -                Rank 1 : false
2026-02-10 23:24:16,317 [INFO] ADCParametersView:116 -                Rank 1 : false
2026-02-10 23:24:16,317 [INFO] ADCParametersView:116 -                Rank 1 : false
2026-02-10 23:24:16,318 [INFO] ADCParametersView:116 -                Rank 1 : false
2026-02-10 23:24:16,318 [INFO] ADCParametersView:116 -                Rank 1 : false
2026-02-10 23:24:16,318 [INFO] ADCParametersView:116 -                Rank 1 : false
2026-02-10 23:24:16,318 [INFO] ADCParametersView:116 -                Rank 1 : false
2026-02-10 23:24:16,318 [INFO] ADCParametersView:116 -                Rank 1 : false
2026-02-10 23:24:16,318 [INFO] ADCParametersView:116 -                Rank 1 : false
2026-02-10 23:24:16,318 [INFO] ADCParametersView:116 -                Rank 1 : false
2026-02-10 23:24:16,318 [INFO] ADCParametersView:116 -                Rank 1 : false
2026-02-10 23:24:16,405 [INFO] ADCParametersView:116 -                Rank 1 : false
2026-02-10 23:24:40,205 [INFO] ADCParametersView:116 -                Rank 1 : false
2026-02-10 23:24:40,206 [INFO] ADCParametersView:116 -                Rank 1 : false
2026-02-10 23:24:40,206 [INFO] ADCParametersView:116 -                Rank 1 : false
2026-02-10 23:24:40,206 [INFO] ADCParametersView:116 -                Rank 1 : false
2026-02-10 23:24:40,206 [INFO] ADCParametersView:116 -                Rank 1 : false
2026-02-10 23:24:40,206 [INFO] ADCParametersView:116 -                Rank 1 : false
2026-02-10 23:24:40,206 [INFO] ADCParametersView:116 -                Rank 1 : false
2026-02-10 23:24:40,206 [INFO] ADCParametersView:116 -                Rank 1 : false
2026-02-10 23:24:40,206 [INFO] ADCParametersView:116 -                Rank 1 : false
2026-02-10 23:24:40,206 [INFO] ADCParametersView:116 -                Rank 1 : false
2026-02-10 23:24:40,206 [INFO] ADCParametersView:116 -                Rank 1 : false
2026-02-10 23:24:40,206 [INFO] ADCParametersView:116 -                Rank 1 : false
2026-02-10 23:24:40,206 [INFO] ADCParametersView:116 -                Rank 1 : false
2026-02-10 23:24:40,206 [INFO] ADCParametersView:116 -                Rank 1 : false
2026-02-10 23:24:40,206 [INFO] ADCParametersView:116 -                Rank 1 : false
2026-02-10 23:24:40,206 [INFO] ADCParametersView:116 -                Rank 1 : false
2026-02-10 23:24:40,206 [INFO] ADCParametersView:116 -                Rank 1 : false
2026-02-10 23:24:40,206 [INFO] ADCParametersView:116 -                Rank 1 : false
2026-02-10 23:24:40,206 [INFO] ADCParametersView:116 -                Rank 1 : false
2026-02-10 23:24:40,206 [INFO] ADCParametersView:116 -                Rank 1 : false
2026-02-10 23:24:40,206 [INFO] ADCParametersView:116 -                Rank 1 : false
2026-02-10 23:24:40,294 [INFO] ADCParametersView:116 -                Rank 1 : false
2026-02-10 23:24:40,372 [INFO] ADCParametersView:116 -                Rank 1 : false
2026-02-10 23:24:40,372 [INFO] ADCParametersView:116 -                Rank 1 : false
2026-02-10 23:24:40,372 [INFO] ADCParametersView:116 -                Rank 1 : false
2026-02-10 23:24:40,372 [INFO] ADCParametersView:116 -                Rank 1 : false
2026-02-10 23:24:40,372 [INFO] ADCParametersView:116 -                Rank 1 : false
2026-02-10 23:24:40,372 [INFO] ADCParametersView:116 -                Rank 1 : false
2026-02-10 23:24:40,372 [INFO] ADCParametersView:116 -                Rank 1 : false
2026-02-10 23:24:40,372 [INFO] ADCParametersView:116 -                Rank 1 : false
2026-02-10 23:24:40,372 [INFO] ADCParametersView:116 -                Rank 1 : false
2026-02-10 23:24:40,372 [INFO] ADCParametersView:116 -                Rank 1 : false
2026-02-10 23:24:40,372 [INFO] ADCParametersView:116 -                Rank 1 : false
2026-02-10 23:24:40,372 [INFO] ADCParametersView:116 -                Rank 1 : false
2026-02-10 23:24:40,372 [INFO] ADCParametersView:116 -                Rank 1 : false
2026-02-10 23:24:40,372 [INFO] ADCParametersView:116 -                Rank 1 : false
2026-02-10 23:24:40,372 [INFO] ADCParametersView:116 -                Rank 1 : false
2026-02-10 23:24:40,372 [INFO] ADCParametersView:116 -                Rank 1 : false
2026-02-10 23:24:40,372 [INFO] ADCParametersView:116 -                Rank 1 : false
2026-02-10 23:24:40,372 [INFO] ADCParametersView:116 -                Rank 1 : false
2026-02-10 23:24:40,372 [INFO] ADCParametersView:116 -                Rank 1 : false
2026-02-10 23:24:40,372 [INFO] ADCParametersView:116 -                Rank 1 : false
2026-02-10 23:24:40,372 [INFO] ADCParametersView:116 -                Rank 1 : false
2026-02-10 23:24:40,435 [INFO] ADCParametersView:116 -                Rank 1 : false
2026-02-10 23:24:40,944 [INFO] ADCParametersView:116 -                Rank 1 : false
2026-02-10 23:24:40,945 [INFO] ADCParametersView:116 -                Rank 1 : false
2026-02-10 23:24:40,945 [INFO] ADCParametersView:116 -                Rank 1 : false
2026-02-10 23:24:40,945 [INFO] ADCParametersView:116 -                Rank 1 : false
2026-02-10 23:24:40,945 [INFO] ADCParametersView:116 -                Rank 1 : false
2026-02-10 23:24:40,945 [INFO] ADCParametersView:116 -                Rank 1 : false
2026-02-10 23:24:40,945 [INFO] ADCParametersView:116 -                Rank 1 : false
2026-02-10 23:24:40,945 [INFO] ADCParametersView:116 -                Rank 1 : false
2026-02-10 23:24:40,945 [INFO] ADCParametersView:116 -                Rank 1 : false
2026-02-10 23:24:40,945 [INFO] ADCParametersView:116 -                Rank 1 : false
2026-02-10 23:24:40,945 [INFO] ADCParametersView:116 -                Rank 1 : false
2026-02-10 23:24:40,945 [INFO] ADCParametersView:116 -                Rank 1 : false
2026-02-10 23:24:40,945 [INFO] ADCParametersView:116 -                Rank 1 : false
2026-02-10 23:24:40,945 [INFO] ADCParametersView:116 -                Rank 1 : false
2026-02-10 23:24:40,945 [INFO] ADCParametersView:116 -                Rank 1 : false
2026-02-10 23:24:40,945 [INFO] ADCParametersView:116 -                Rank 1 : false
2026-02-10 23:24:40,945 [INFO] ADCParametersView:116 -                Rank 1 : false
2026-02-10 23:24:40,945 [INFO] ADCParametersView:116 -                Rank 1 : false
2026-02-10 23:24:40,945 [INFO] ADCParametersView:116 -                Rank 1 : false
2026-02-10 23:24:40,945 [INFO] ADCParametersView:116 -                Rank 1 : false
2026-02-10 23:24:40,945 [INFO] ADCParametersView:116 -                Rank 1 : false
2026-02-10 23:24:41,007 [INFO] ADCParametersView:116 -                Rank 1 : false
2026-02-10 23:24:41,079 [INFO] ADCParametersView:116 -                Rank 1 : false
2026-02-10 23:24:41,080 [INFO] ADCParametersView:116 -                Rank 1 : false
2026-02-10 23:24:41,080 [INFO] ADCParametersView:116 -                Rank 1 : false
2026-02-10 23:24:41,080 [INFO] ADCParametersView:116 -                Rank 1 : false
2026-02-10 23:24:41,080 [INFO] ADCParametersView:116 -                Rank 1 : false
2026-02-10 23:24:41,080 [INFO] ADCParametersView:116 -                Rank 1 : false
2026-02-10 23:24:41,080 [INFO] ADCParametersView:116 -                Rank 1 : false
2026-02-10 23:24:41,080 [INFO] ADCParametersView:116 -                Rank 1 : false
2026-02-10 23:24:41,080 [INFO] ADCParametersView:116 -                Rank 1 : false
2026-02-10 23:24:41,080 [INFO] ADCParametersView:116 -                Rank 1 : false
2026-02-10 23:24:41,080 [INFO] ADCParametersView:116 -                Rank 1 : false
2026-02-10 23:24:41,080 [INFO] ADCParametersView:116 -                Rank 1 : false
2026-02-10 23:24:41,080 [INFO] ADCParametersView:116 -                Rank 1 : false
2026-02-10 23:24:41,080 [INFO] ADCParametersView:116 -                Rank 1 : false
2026-02-10 23:24:41,080 [INFO] ADCParametersView:116 -                Rank 1 : false
2026-02-10 23:24:41,080 [INFO] ADCParametersView:116 -                Rank 1 : false
2026-02-10 23:24:41,080 [INFO] ADCParametersView:116 -                Rank 1 : false
2026-02-10 23:24:41,080 [INFO] ADCParametersView:116 -                Rank 1 : false
2026-02-10 23:24:41,080 [INFO] ADCParametersView:116 -                Rank 1 : false
2026-02-10 23:24:41,080 [INFO] ADCParametersView:116 -                Rank 1 : false
2026-02-10 23:24:41,080 [INFO] ADCParametersView:116 -                Rank 1 : false
2026-02-10 23:24:41,142 [INFO] ADCParametersView:116 -                Rank 1 : false
2026-02-10 23:24:44,107 [INFO] ADCParametersView:116 -                Rank 1 : false
2026-02-10 23:24:44,107 [INFO] ADCParametersView:116 -                Rank 1 : false
2026-02-10 23:24:44,107 [INFO] ADCParametersView:116 -                Rank 1 : false
2026-02-10 23:24:44,107 [INFO] ADCParametersView:116 -                Rank 1 : false
2026-02-10 23:24:44,108 [INFO] ADCParametersView:116 -                Rank 1 : false
2026-02-10 23:24:44,108 [INFO] ADCParametersView:116 -                Rank 1 : false
2026-02-10 23:24:44,108 [INFO] ADCParametersView:116 -                Rank 1 : false
2026-02-10 23:24:44,108 [INFO] ADCParametersView:116 -                Rank 1 : false
2026-02-10 23:24:44,108 [INFO] ADCParametersView:116 -                Rank 1 : false
2026-02-10 23:24:44,108 [INFO] ADCParametersView:116 -                Rank 1 : false
2026-02-10 23:24:44,108 [INFO] ADCParametersView:116 -                Rank 1 : false
2026-02-10 23:24:44,108 [INFO] ADCParametersView:116 -                Rank 1 : false
2026-02-10 23:24:44,108 [INFO] ADCParametersView:116 -                Rank 1 : false
2026-02-10 23:24:44,108 [INFO] ADCParametersView:116 -                Rank 1 : false
2026-02-10 23:24:44,108 [INFO] ADCParametersView:116 -                Rank 1 : false
2026-02-10 23:24:44,108 [INFO] ADCParametersView:116 -                Rank 1 : false
2026-02-10 23:24:44,108 [INFO] ADCParametersView:116 -                Rank 1 : false
2026-02-10 23:24:44,108 [INFO] ADCParametersView:116 -                Rank 1 : false
2026-02-10 23:24:44,108 [INFO] ADCParametersView:116 -                Rank 1 : false
2026-02-10 23:24:44,108 [INFO] ADCParametersView:116 -                Rank 1 : false
2026-02-10 23:24:44,108 [INFO] ADCParametersView:116 -                Rank 1 : false
2026-02-10 23:24:44,204 [INFO] ADCParametersView:116 -                Rank 1 : false
2026-02-10 23:24:44,284 [INFO] ADCParametersView:116 -                Rank 1 : false
2026-02-10 23:24:44,287 [INFO] ADCParametersView:116 -                Rank 1 : false
2026-02-10 23:24:44,287 [INFO] ADCParametersView:116 -                Rank 1 : false
2026-02-10 23:24:44,287 [INFO] ADCParametersView:116 -                Rank 1 : false
2026-02-10 23:24:44,287 [INFO] ADCParametersView:116 -                Rank 1 : false
2026-02-10 23:24:44,287 [INFO] ADCParametersView:116 -                Rank 1 : false
2026-02-10 23:24:44,287 [INFO] ADCParametersView:116 -                Rank 1 : false
2026-02-10 23:24:44,287 [INFO] ADCParametersView:116 -                Rank 1 : false
2026-02-10 23:24:44,287 [INFO] ADCParametersView:116 -                Rank 1 : false
2026-02-10 23:24:44,287 [INFO] ADCParametersView:116 -                Rank 1 : false
2026-02-10 23:24:44,287 [INFO] ADCParametersView:116 -                Rank 1 : false
2026-02-10 23:24:44,287 [INFO] ADCParametersView:116 -                Rank 1 : false
2026-02-10 23:24:44,288 [INFO] ADCParametersView:116 -                Rank 1 : false
2026-02-10 23:24:44,288 [INFO] ADCParametersView:116 -                Rank 1 : false
2026-02-10 23:24:44,288 [INFO] ADCParametersView:116 -                Rank 1 : false
2026-02-10 23:24:44,288 [INFO] ADCParametersView:116 -                Rank 1 : false
2026-02-10 23:24:44,288 [INFO] ADCParametersView:116 -                Rank 1 : false
2026-02-10 23:24:44,288 [INFO] ADCParametersView:116 -                Rank 1 : false
2026-02-10 23:24:44,288 [INFO] ADCParametersView:116 -                Rank 1 : false
2026-02-10 23:24:44,288 [INFO] ADCParametersView:116 -                Rank 1 : false
2026-02-10 23:24:44,288 [INFO] ADCParametersView:116 -                Rank 1 : false
2026-02-10 23:24:44,347 [INFO] ADCParametersView:116 -                Rank 1 : false
2026-02-10 23:24:44,882 [INFO] ADCParametersView:116 -                Rank 1 : false
2026-02-10 23:24:44,882 [INFO] ADCParametersView:116 -                Rank 1 : false
2026-02-10 23:24:44,882 [INFO] ADCParametersView:116 -                Rank 1 : false
2026-02-10 23:24:44,882 [INFO] ADCParametersView:116 -                Rank 1 : false
2026-02-10 23:24:44,882 [INFO] ADCParametersView:116 -                Rank 1 : false
2026-02-10 23:24:44,882 [INFO] ADCParametersView:116 -                Rank 1 : false
2026-02-10 23:24:44,882 [INFO] ADCParametersView:116 -                Rank 1 : false
2026-02-10 23:24:44,882 [INFO] ADCParametersView:116 -                Rank 1 : false
2026-02-10 23:24:44,882 [INFO] ADCParametersView:116 -                Rank 1 : false
2026-02-10 23:24:44,882 [INFO] ADCParametersView:116 -                Rank 1 : false
2026-02-10 23:24:44,882 [INFO] ADCParametersView:116 -                Rank 1 : false
2026-02-10 23:24:44,882 [INFO] ADCParametersView:116 -                Rank 1 : false
2026-02-10 23:24:44,882 [INFO] ADCParametersView:116 -                Rank 1 : false
2026-02-10 23:24:44,882 [INFO] ADCParametersView:116 -                Rank 1 : false
2026-02-10 23:24:44,882 [INFO] ADCParametersView:116 -                Rank 1 : false
2026-02-10 23:24:44,882 [INFO] ADCParametersView:116 -                Rank 1 : false
2026-02-10 23:24:44,883 [INFO] ADCParametersView:116 -                Rank 1 : false
2026-02-10 23:24:44,883 [INFO] ADCParametersView:116 -                Rank 1 : false
2026-02-10 23:24:44,883 [INFO] ADCParametersView:116 -                Rank 1 : false
2026-02-10 23:24:44,883 [INFO] ADCParametersView:116 -                Rank 1 : false
2026-02-10 23:24:44,883 [INFO] ADCParametersView:116 -                Rank 1 : false
2026-02-10 23:24:44,942 [INFO] ADCParametersView:116 -                Rank 1 : false
2026-02-10 23:24:45,018 [INFO] ADCParametersView:116 -                Rank 1 : false
2026-02-10 23:24:45,018 [INFO] ADCParametersView:116 -                Rank 1 : false
2026-02-10 23:24:45,018 [INFO] ADCParametersView:116 -                Rank 1 : false
2026-02-10 23:24:45,018 [INFO] ADCParametersView:116 -                Rank 1 : false
2026-02-10 23:24:45,018 [INFO] ADCParametersView:116 -                Rank 1 : false
2026-02-10 23:24:45,018 [INFO] ADCParametersView:116 -                Rank 1 : false
2026-02-10 23:24:45,018 [INFO] ADCParametersView:116 -                Rank 1 : false
2026-02-10 23:24:45,018 [INFO] ADCParametersView:116 -                Rank 1 : false
2026-02-10 23:24:45,018 [INFO] ADCParametersView:116 -                Rank 1 : false
2026-02-10 23:24:45,018 [INFO] ADCParametersView:116 -                Rank 1 : false
2026-02-10 23:24:45,018 [INFO] ADCParametersView:116 -                Rank 1 : false
2026-02-10 23:24:45,018 [INFO] ADCParametersView:116 -                Rank 1 : false
2026-02-10 23:24:45,018 [INFO] ADCParametersView:116 -                Rank 1 : false
2026-02-10 23:24:45,018 [INFO] ADCParametersView:116 -                Rank 1 : false
2026-02-10 23:24:45,018 [INFO] ADCParametersView:116 -                Rank 1 : false
2026-02-10 23:24:45,018 [INFO] ADCParametersView:116 -                Rank 1 : false
2026-02-10 23:24:45,018 [INFO] ADCParametersView:116 -                Rank 1 : false
2026-02-10 23:24:45,018 [INFO] ADCParametersView:116 -                Rank 1 : false
2026-02-10 23:24:45,018 [INFO] ADCParametersView:116 -                Rank 1 : false
2026-02-10 23:24:45,018 [INFO] ADCParametersView:116 -                Rank 1 : false
2026-02-10 23:24:45,018 [INFO] ADCParametersView:116 -                Rank 1 : false
2026-02-10 23:24:45,077 [INFO] ADCParametersView:116 -                Rank 1 : false
2026-02-10 23:24:48,748 [INFO] Gpio:277 - dependency for GPIO [ADC1, DEBUG, RCC, SPI1, TIM3, UART4, UART8, USART3, USB_OTG_FS]
2026-02-10 23:25:22,389 [INFO] Gpio:277 - dependency for GPIO [ADC1, DEBUG, RCC, SPI1, TIM3, UART4, UART8, USART3, USB_OTG_FS]
2026-02-10 23:25:22,952 [INFO] Gpio:277 - dependency for GPIO [ADC1, DEBUG, RCC, SPI1, TIM3, UART4, UART8, USART3, USB_OTG_FS]
2026-02-10 23:25:26,511 [INFO] Gpio:277 - dependency for GPIO [ADC1, DEBUG, RCC, SPI1, TIM3, UART4, UART8, USART3, USB_OTG_FS]
2026-02-10 23:25:27,064 [INFO] Gpio:277 - dependency for GPIO [ADC1, DEBUG, RCC, SPI1, TIM3, UART4, UART8, USART3, USB_OTG_FS]
2026-02-10 23:25:36,507 [INFO] Gpio:277 - dependency for GPIO [ADC1, DEBUG, RCC, SPI1, TIM3, UART4, UART8, USART3, USB_OTG_FS]
2026-02-10 23:25:37,078 [INFO] Gpio:277 - dependency for GPIO [ADC1, DEBUG, RCC, SPI1, TIM3, UART4, UART8, USART3, USB_OTG_FS]
2026-02-10 23:25:40,944 [INFO] Gpio:277 - dependency for GPIO [ADC1, DEBUG, RCC, SPI1, TIM3, UART4, UART8, USART3, USB_OTG_FS]
2026-02-10 23:25:41,513 [INFO] Gpio:277 - dependency for GPIO [ADC1, DEBUG, RCC, SPI1, TIM3, UART4, UART8, USART3, USB_OTG_FS]
2026-02-10 23:26:15,205 [INFO] Gpio:277 - dependency for GPIO [ADC1, DEBUG, RCC, SPI1, TIM3, UART4, UART8, USART3, USB_OTG_FS]
2026-02-10 23:26:52,129 [INFO] UtilMem:75 - End SaveConfig() Used Memory: 878692560 Bytes (1073741824)
2026-02-10 23:26:55,097 [INFO] UtilMem:75 - End SaveConfig() Used Memory: 788937272 Bytes (1073741824)
2026-02-10 23:26:57,286 [INFO] UtilMem:75 - End SaveConfig() Used Memory: 847619768 Bytes (1073741824)
2026-02-10 23:26:57,569 [INFO] ProjectBuilder:2320 - IP not ready for code generation: Clock
2026-02-10 23:27:03,317 [INFO] BlockDiagram:2766 - set Specific Code input for plugin: SPI
2026-02-10 23:27:03,317 [INFO] BlockDiagram:2766 - set Specific Code input for plugin: RCC
2026-02-10 23:27:03,317 [INFO] BlockDiagram:2766 - set Specific Code input for plugin: USART
2026-02-10 23:27:03,317 [INFO] BlockDiagram:2766 - set Specific Code input for plugin: FATFS
2026-02-10 23:27:03,317 [INFO] BlockDiagram:2766 - set Specific Code input for plugin: MEMORYMAP
2026-02-10 23:27:03,317 [INFO] BlockDiagram:2766 - set Specific Code input for plugin: TIM1_8H7
2026-02-10 23:27:03,317 [INFO] BlockDiagram:2766 - set Specific Code input for plugin: TIM1_8H7
2026-02-10 23:27:03,317 [INFO] BlockDiagram:2766 - set Specific Code input for plugin: SYS
2026-02-10 23:27:03,317 [INFO] BlockDiagram:2766 - set Specific Code input for plugin: ADC
2026-02-10 23:27:03,317 [INFO] BlockDiagram:2766 - set Specific Code input for plugin: USB_OTG_FS
2026-02-10 23:27:03,317 [INFO] BlockDiagram:2766 - set Specific Code input for plugin: NVIC
2026-02-10 23:27:03,317 [INFO] BlockDiagram:2766 - set Specific Code input for plugin: CORTEX_M7
2026-02-10 23:27:03,317 [INFO] BlockDiagram:2766 - set Specific Code input for plugin: UART
2026-02-10 23:27:03,317 [INFO] BlockDiagram:2766 - set Specific Code input for plugin: UART
2026-02-10 23:27:03,317 [INFO] BlockDiagram:2766 - set Specific Code input for plugin: DEBUG
2026-02-10 23:27:03,318 [INFO] BlockDiagram:2766 - set Specific Code input for plugin: GPIO
2026-02-10 23:27:03,319 [INFO] CodeGenerator:807 - code generatio: config db path: C:\ST\STM32CubeIDE_1.16.0\STM32CubeIDE\plugins\com.st.stm32cube.common.mx_6.12.0.202406281431\\db\
2026-02-10 23:27:03,559 [INFO] CodeEngine:255 - oldGeneratedFile, C:\Users\brady\repos\UCI-Rocket-Project-Solids\flight-code\MXTmpFiles\license.tmp_save
2026-02-10 23:27:03,769 [INFO] CodeEngine:279 - Generated code: C:\Users\brady\repos\UCI-Rocket-Project-Solids\flight-code\MXTmpFiles\license.tmp
2026-02-10 23:27:03,914 [INFO] CodeEngine:255 - oldGeneratedFile, C:\Users\brady\repos\UCI-Rocket-Project-Solids\flight-code\MXTmpFiles\gpio.tmp_save
2026-02-10 23:27:04,037 [INFO] CodeEngine:279 - Generated code: C:\Users\brady\repos\UCI-Rocket-Project-Solids\flight-code\MXTmpFiles\gpio.tmp
2026-02-10 23:27:04,317 [WARN] IPConfigManager:98 - WARNING: Missing Config File for DEBUG ip!!
2026-02-10 23:27:04,523 [WARN] IPConfigManager:98 - WARNING: Missing Config File for MEMORYMAP ip!!
2026-02-10 23:27:05,256 [INFO] Middleware:1439 - No code input for Bsp Dependency
2026-02-10 23:27:05,278 [INFO] CodeEngine:255 - oldGeneratedFile, C:\Users\brady\repos\UCI-Rocket-Project-Solids\flight-code\MXTmpFiles\fatfs_HalInit.tmp_save
2026-02-10 23:27:05,329 [INFO] CodeEngine:279 - Generated code: C:\Users\brady\repos\UCI-Rocket-Project-Solids\flight-code\MXTmpFiles\fatfs_HalInit.tmp
2026-02-10 23:27:05,338 [INFO] CodeEngine:255 - oldGeneratedFile, C:\Users\brady\repos\UCI-Rocket-Project-Solids\flight-code\MXTmpFiles\fatfs_vars.tmp_save
2026-02-10 23:27:05,390 [INFO] CodeEngine:279 - Generated code: C:\Users\brady\repos\UCI-Rocket-Project-Solids\flight-code\MXTmpFiles\fatfs_vars.tmp
2026-02-10 23:27:05,400 [INFO] CodeEngine:255 - oldGeneratedFile, C:\Users\brady\repos\UCI-Rocket-Project-Solids\flight-code\MXTmpFiles\fatfs_ext_vars.tmp_save
2026-02-10 23:27:05,451 [INFO] CodeEngine:279 - Generated code: C:\Users\brady\repos\UCI-Rocket-Project-Solids\flight-code\MXTmpFiles\fatfs_ext_vars.tmp
2026-02-10 23:27:05,461 [INFO] CodeEngine:255 - oldGeneratedFile, C:\Users\brady\repos\UCI-Rocket-Project-Solids\flight-code\MXTmpFiles\fatfs_inc.tmp_save
2026-02-10 23:27:05,509 [INFO] CodeEngine:279 - Generated code: C:\Users\brady\repos\UCI-Rocket-Project-Solids\flight-code\MXTmpFiles\fatfs_inc.tmp
2026-02-10 23:27:05,525 [INFO] CodeEngine:255 - oldGeneratedFile, C:\Users\brady\repos\UCI-Rocket-Project-Solids\flight-code\MXTmpFiles\cortex.tmp_save
2026-02-10 23:27:05,600 [INFO] CodeEngine:279 - Generated code: C:\Users\brady\repos\UCI-Rocket-Project-Solids\flight-code\MXTmpFiles\cortex.tmp
2026-02-10 23:27:05,606 [INFO] Middleware:1439 - No code input for Bsp Dependency
2026-02-10 23:27:05,612 [INFO] CodeEngine:255 - oldGeneratedFile, C:\Users\brady\repos\UCI-Rocket-Project-Solids\flight-code\MXTmpFiles\fatfs_HalInit.tmp_save
2026-02-10 23:27:05,657 [INFO] CodeEngine:279 - Generated code: C:\Users\brady\repos\UCI-Rocket-Project-Solids\flight-code\MXTmpFiles\fatfs_HalInit.tmp
2026-02-10 23:27:05,662 [INFO] CodeEngine:255 - oldGeneratedFile, C:\Users\brady\repos\UCI-Rocket-Project-Solids\flight-code\MXTmpFiles\fatfs_vars.tmp_save
2026-02-10 23:27:05,694 [INFO] CodeEngine:279 - Generated code: C:\Users\brady\repos\UCI-Rocket-Project-Solids\flight-code\MXTmpFiles\fatfs_vars.tmp
2026-02-10 23:27:05,697 [INFO] CodeEngine:255 - oldGeneratedFile, C:\Users\brady\repos\UCI-Rocket-Project-Solids\flight-code\MXTmpFiles\fatfs_ext_vars.tmp_save
2026-02-10 23:27:05,730 [INFO] CodeEngine:279 - Generated code: C:\Users\brady\repos\UCI-Rocket-Project-Solids\flight-code\MXTmpFiles\fatfs_ext_vars.tmp
2026-02-10 23:27:05,733 [INFO] CodeEngine:255 - oldGeneratedFile, C:\Users\brady\repos\UCI-Rocket-Project-Solids\flight-code\MXTmpFiles\fatfs_inc.tmp_save
2026-02-10 23:27:05,765 [INFO] CodeEngine:279 - Generated code: C:\Users\brady\repos\UCI-Rocket-Project-Solids\flight-code\MXTmpFiles\fatfs_inc.tmp
2026-02-10 23:27:05,791 [INFO] CodeEngine:255 - oldGeneratedFile, C:\Users\brady\repos\UCI-Rocket-Project-Solids\flight-code\FATFS\Target\ffconf.h_save
2026-02-10 23:27:05,857 [INFO] CodeEngine:279 - Generated code: C:\Users\brady\repos\UCI-Rocket-Project-Solids\flight-code\FATFS\Target\ffconf.h
2026-02-10 23:27:05,885 [INFO] CodeEngine:255 - oldGeneratedFile, C:\Users\brady\repos\UCI-Rocket-Project-Solids\flight-code\FATFS\Target\user_diskio.c_save
2026-02-10 23:27:05,944 [INFO] CodeEngine:279 - Generated code: C:\Users\brady\repos\UCI-Rocket-Project-Solids\flight-code\FATFS\Target\user_diskio.c
2026-02-10 23:27:05,972 [INFO] CodeEngine:255 - oldGeneratedFile, C:\Users\brady\repos\UCI-Rocket-Project-Solids\flight-code\FATFS\Target\user_diskio.h_save
2026-02-10 23:27:06,017 [INFO] CodeEngine:279 - Generated code: C:\Users\brady\repos\UCI-Rocket-Project-Solids\flight-code\FATFS\Target\user_diskio.h
2026-02-10 23:27:06,033 [INFO] CodeEngine:255 - oldGeneratedFile, C:\Users\brady\repos\UCI-Rocket-Project-Solids\flight-code\FATFS\App\fatfs.c_save
2026-02-10 23:27:06,083 [INFO] CodeEngine:279 - Generated code: C:\Users\brady\repos\UCI-Rocket-Project-Solids\flight-code\FATFS\App\fatfs.c
2026-02-10 23:27:06,097 [INFO] CodeEngine:255 - oldGeneratedFile, C:\Users\brady\repos\UCI-Rocket-Project-Solids\flight-code\FATFS\App\fatfs.h_save
2026-02-10 23:27:06,148 [INFO] CodeEngine:279 - Generated code: C:\Users\brady\repos\UCI-Rocket-Project-Solids\flight-code\FATFS\App\fatfs.h
2026-02-10 23:27:06,192 [INFO] CodeEngine:255 - oldGeneratedFile, C:\Users\brady\repos\UCI-Rocket-Project-Solids\flight-code\Core\Src\stm32h7xx_it.c_save
2026-02-10 23:27:06,273 [INFO] CodeEngine:279 - Generated code: C:\Users\brady\repos\UCI-Rocket-Project-Solids\flight-code\Core\Src\stm32h7xx_it.c
2026-02-10 23:27:06,301 [INFO] CodeEngine:255 - oldGeneratedFile, C:\Users\brady\repos\UCI-Rocket-Project-Solids\flight-code\Core\Inc\stm32h7xx_it.h_save
2026-02-10 23:27:06,354 [INFO] CodeEngine:279 - Generated code: C:\Users\brady\repos\UCI-Rocket-Project-Solids\flight-code\Core\Inc\stm32h7xx_it.h
2026-02-10 23:27:06,502 [INFO] CodeEngine:255 - oldGeneratedFile, C:\Users\brady\repos\UCI-Rocket-Project-Solids\flight-code\Core\Src\stm32h7xx_hal_msp.c_save
2026-02-10 23:27:06,629 [INFO] CodeEngine:279 - Generated code: C:\Users\brady\repos\UCI-Rocket-Project-Solids\flight-code\Core\Src\stm32h7xx_hal_msp.c
2026-02-10 23:27:06,657 [INFO] CodeEngine:255 - oldGeneratedFile, C:\Users\brady\repos\UCI-Rocket-Project-Solids\flight-code\MXTmpFiles\system.tmp_save
2026-02-10 23:27:06,706 [INFO] CodeEngine:279 - Generated code: C:\Users\brady\repos\UCI-Rocket-Project-Solids\flight-code\MXTmpFiles\system.tmp
2026-02-10 23:27:06,733 [INFO] CodeEngine:311 - oldGeneratedFile, C:\Users\brady\repos\UCI-Rocket-Project-Solids\flight-code\Core\Inc\stm32h7xx_hal_conf.h_save
2026-02-10 23:27:06,795 [INFO] CodeEngine:335 - Generated code: C:\Users\brady\repos\UCI-Rocket-Project-Solids\flight-code\Core\Inc\stm32h7xx_hal_conf.h
2026-02-10 23:27:06,833 [WARN] IPConfigManager:3554 - IP not found : TIM
2026-02-10 23:27:06,833 [WARN] IPConfigManager:3554 - IP not found : USB_OTG
2026-02-10 23:27:06,834 [WARN] CodeGenerator:4002 - IP not found : null
2026-02-10 23:27:06,834 [WARN] CodeGenerator:4002 - IP not found : null
2026-02-10 23:27:06,858 [INFO] CodeEngine:255 - oldGeneratedFile, C:\Users\brady\repos\UCI-Rocket-Project-Solids\flight-code\Core\Inc\main.h_save
2026-02-10 23:27:06,935 [INFO] CodeEngine:279 - Generated code: C:\Users\brady\repos\UCI-Rocket-Project-Solids\flight-code\Core\Inc\main.h
2026-02-10 23:27:06,957 [INFO] CodeEngine:255 - oldGeneratedFile, C:\Users\brady\repos\UCI-Rocket-Project-Solids\flight-code\Core\Src\main.c_save
2026-02-10 23:27:07,089 [INFO] CodeEngine:279 - Generated code: C:\Users\brady\repos\UCI-Rocket-Project-Solids\flight-code\Core\Src\main.c
2026-02-10 23:27:07,441 [INFO] ProjectBuilder:3249 - Time for Copy HAL[1] : 233mS.
2026-02-10 23:27:07,448 [INFO] ProjectBuilder:4828 - Project Generator version: 4.4.0-B60
2026-02-10 23:27:07,498 [INFO] ConfigFileManager:1531 - The Die is : DIE450
2026-02-10 23:27:07,511 [INFO] ApiDbMcu:508 - Load IP Config File for FREERTOS
2026-02-10 23:27:07,520 [INFO] ApiDbMcu:508 - Load IP Config File for LIBJPEG
2026-02-10 23:27:07,532 [INFO] ApiDbMcu:508 - Load IP Config File for LWIP
2026-02-10 23:27:07,544 [INFO] ApiDbMcu:508 - Load IP Config File for MBEDTLS
2026-02-10 23:27:07,556 [INFO] ApiDbMcu:508 - Load IP Config File for USB_DEVICE
2026-02-10 23:27:07,566 [INFO] ApiDbMcu:508 - Load IP Config File for USB_HOST
2026-02-10 23:27:08,071 [INFO] LogOutputStream:77 - [STDOUT_REDIRECT] 
2026-02-10 23:27:09,690 [INFO] ProjectBuilder:5097 - Time for Generating toolchain IDE Files: 2241mS.
2026-02-10 23:27:09,690 [INFO] ProjectBuilder:3107 - Time for Copy CMSIS : 0mS.
2026-02-10 23:27:09,695 [INFO] ProjectBuilder:3107 - Time for Copy CMSIS : 0mS.
2026-02-10 23:27:22,579 [ERROR] LogOutputStream:75 - [STDERR_REDIRECT] Exception in thread "AWT-EventQueue-0" java.lang.ClassCastException: class sun.awt.windows.WEmbeddedFrame cannot be cast to class javax.swing.JFrame (sun.awt.windows.WEmbeddedFrame and javax.swing.JFrame are in module java.desktop of loader 'bootstrap')
2026-02-10 23:27:22,581 [ERROR] LogOutputStream:75 - [STDERR_REDIRECT] 	at com.st.microxplorer.plugins.clock.ClockConfigurationView.activatePlugin(ClockConfigurationView.java:425)
2026-02-10 23:27:22,582 [ERROR] LogOutputStream:75 - [STDERR_REDIRECT] 	at com.st.microxplorer.maingui.MainPanel$1.stateChanged(MainPanel.java:374)
2026-02-10 23:27:22,583 [ERROR] LogOutputStream:75 - [STDERR_REDIRECT] 	at java.desktop/javax.swing.JTabbedPane.fireStateChanged(JTabbedPane.java:444)
2026-02-10 23:27:22,584 [ERROR] LogOutputStream:75 - [STDERR_REDIRECT] 	at java.desktop/javax.swing.JTabbedPane$ModelListener.stateChanged(JTabbedPane.java:295)
2026-02-10 23:27:22,586 [ERROR] LogOutputStream:75 - [STDERR_REDIRECT] 	at java.desktop/javax.swing.DefaultSingleSelectionModel.fireStateChanged(DefaultSingleSelectionModel.java:148)
2026-02-10 23:27:22,587 [ERROR] LogOutputStream:75 - [STDERR_REDIRECT] 	at java.desktop/javax.swing.DefaultSingleSelectionModel.setSelectedIndex(DefaultSingleSelectionModel.java:79)
2026-02-10 23:27:22,588 [ERROR] LogOutputStream:75 - [STDERR_REDIRECT] 	at java.desktop/javax.swing.JTabbedPane.setSelectedIndexImpl(JTabbedPane.java:648)
2026-02-10 23:27:22,589 [ERROR] LogOutputStream:75 - [STDERR_REDIRECT] 	at java.desktop/javax.swing.JTabbedPane.setSelectedIndex(JTabbedPane.java:623)
2026-02-10 23:27:22,589 [ERROR] LogOutputStream:75 - [STDERR_REDIRECT] 	at java.desktop/javax.swing.plaf.basic.BasicTabbedPaneUI$Handler.mousePressed(BasicTabbedPaneUI.java:4101)
2026-02-10 23:27:22,590 [ERROR] LogOutputStream:75 - [STDERR_REDIRECT] 	at java.desktop/java.awt.Component.processMouseEvent(Component.java:6623)
2026-02-10 23:27:22,590 [ERROR] LogOutputStream:75 - [STDERR_REDIRECT] 	at java.desktop/javax.swing.JComponent.processMouseEvent(JComponent.java:3389)
2026-02-10 23:27:22,591 [ERROR] LogOutputStream:75 - [STDERR_REDIRECT] 	at java.desktop/java.awt.Component.processEvent(Component.java:6391)
2026-02-10 23:27:22,591 [ERROR] LogOutputStream:75 - [STDERR_REDIRECT] 	at java.desktop/java.awt.Container.processEvent(Container.java:2266)
2026-02-10 23:27:22,592 [ERROR] LogOutputStream:75 - [STDERR_REDIRECT] 	at java.desktop/java.awt.Component.dispatchEventImpl(Component.java:5001)
2026-02-10 23:27:22,592 [ERROR] LogOutputStream:75 - [STDERR_REDIRECT] 	at java.desktop/java.awt.Container.dispatchEventImpl(Container.java:2324)
2026-02-10 23:27:22,593 [ERROR] LogOutputStream:75 - [STDERR_REDIRECT] 	at java.desktop/java.awt.Component.dispatchEvent(Component.java:4833)
2026-02-10 23:27:22,594 [ERROR] LogOutputStream:75 - [STDERR_REDIRECT] 	at java.desktop/java.awt.LightweightDispatcher.retargetMouseEvent(Container.java:4948)
2026-02-10 23:27:22,594 [ERROR] LogOutputStream:75 - [STDERR_REDIRECT] 	at java.desktop/java.awt.LightweightDispatcher.processMouseEvent(Container.java:4572)
2026-02-10 23:27:22,595 [ERROR] LogOutputStream:75 - [STDERR_REDIRECT] 	at java.desktop/java.awt.LightweightDispatcher.dispatchEvent(Container.java:4516)
2026-02-10 23:27:22,595 [ERROR] LogOutputStream:75 - [STDERR_REDIRECT] 	at java.desktop/java.awt.Container.dispatchEventImpl(Container.java:2310)
2026-02-10 23:27:22,596 [ERROR] LogOutputStream:75 - [STDERR_REDIRECT] 	at java.desktop/java.awt.Component.dispatchEvent(Component.java:4833)
2026-02-10 23:27:22,597 [ERROR] LogOutputStream:75 - [STDERR_REDIRECT] 	at java.desktop/java.awt.EventQueue.dispatchEventImpl(EventQueue.java:775)
2026-02-10 23:27:22,598 [ERROR] LogOutputStream:75 - [STDERR_REDIRECT] 	at java.desktop/java.awt.EventQueue$4.run(EventQueue.java:720)
2026-02-10 23:27:22,599 [ERROR] LogOutputStream:75 - [STDERR_REDIRECT] 	at java.desktop/java.awt.EventQueue$4.run(EventQueue.java:714)
2026-02-10 23:27:22,600 [ERROR] LogOutputStream:75 - [STDERR_REDIRECT] 	at java.base/java.security.AccessController.doPrivileged(AccessController.java:399)
2026-02-10 23:27:22,600 [ERROR] LogOutputStream:75 - [STDERR_REDIRECT] 	at java.base/java.security.ProtectionDomain$JavaSecurityAccessImpl.doIntersectionPrivilege(ProtectionDomain.java:86)
2026-02-10 23:27:22,601 [ERROR] LogOutputStream:75 - [STDERR_REDIRECT] 	at java.base/java.security.ProtectionDomain$JavaSecurityAccessImpl.doIntersectionPrivilege(ProtectionDomain.java:97)
2026-02-10 23:27:22,602 [ERROR] LogOutputStream:75 - [STDERR_REDIRECT] 	at java.desktop/java.awt.EventQueue$5.run(EventQueue.java:747)
2026-02-10 23:27:22,602 [ERROR] LogOutputStream:75 - [STDERR_REDIRECT] 	at java.desktop/java.awt.EventQueue$5.run(EventQueue.java:745)
2026-02-10 23:27:22,603 [ERROR] LogOutputStream:75 - [STDERR_REDIRECT] 	at java.base/java.security.AccessController.doPrivileged(AccessController.java:399)
2026-02-10 23:27:22,604 [ERROR] LogOutputStream:75 - [STDERR_REDIRECT] 	at java.base/java.security.ProtectionDomain$JavaSecurityAccessImpl.doIntersectionPrivilege(ProtectionDomain.java:86)
2026-02-10 23:27:22,604 [ERROR] LogOutputStream:75 - [STDERR_REDIRECT] 	at java.desktop/java.awt.EventQueue.dispatchEvent(EventQueue.java:744)
2026-02-10 23:27:22,605 [ERROR] LogOutputStream:75 - [STDERR_REDIRECT] 	at java.desktop/java.awt.EventDispatchThread.pumpOneEventForFilters(EventDispatchThread.java:203)
2026-02-10 23:27:22,606 [ERROR] LogOutputStream:75 - [STDERR_REDIRECT] 	at java.desktop/java.awt.EventDispatchThread.pumpEventsForFilter(EventDispatchThread.java:124)
2026-02-10 23:27:22,606 [ERROR] LogOutputStream:75 - [STDERR_REDIRECT] 	at java.desktop/java.awt.EventDispatchThread.pumpEventsForHierarchy(EventDispatchThread.java:113)
2026-02-10 23:27:22,607 [ERROR] LogOutputStream:75 - [STDERR_REDIRECT] 	at java.desktop/java.awt.EventDispatchThread.pumpEvents(EventDispatchThread.java:109)
2026-02-10 23:27:22,608 [ERROR] LogOutputStream:75 - [STDERR_REDIRECT] 	at java.desktop/java.awt.EventDispatchThread.pumpEvents(EventDispatchThread.java:101)
2026-02-10 23:27:22,608 [ERROR] LogOutputStream:75 - [STDERR_REDIRECT] 	at java.desktop/java.awt.EventDispatchThread.run(EventDispatchThread.java:90)
2026-02-10 23:28:50,939 [INFO] WebApp:189 - Connection lost
2026-02-10 23:28:51,085 [INFO] WebApp:186 - Connection restablished
2026-02-10 23:30:29,767 [INFO] UtilMem:75 - End SaveConfig() Used Memory: 830867536 Bytes (1073741824)
2026-02-10 23:30:33,392 [INFO] UtilMem:75 - End SaveConfig() Used Memory: 844825776 Bytes (1073741824)
2026-02-10 23:30:36,879 [INFO] UtilMem:75 - End SaveConfig() Used Memory: 858517568 Bytes (1073741824)
2026-02-10 23:30:37,103 [INFO] BlockDiagram:2766 - set Specific Code input for plugin: SPI
2026-02-10 23:30:37,103 [INFO] BlockDiagram:2766 - set Specific Code input for plugin: RCC
2026-02-10 23:30:37,103 [INFO] BlockDiagram:2766 - set Specific Code input for plugin: USART
2026-02-10 23:30:37,103 [INFO] BlockDiagram:2766 - set Specific Code input for plugin: FATFS
2026-02-10 23:30:37,103 [INFO] BlockDiagram:2766 - set Specific Code input for plugin: MEMORYMAP
2026-02-10 23:30:37,103 [INFO] BlockDiagram:2766 - set Specific Code input for plugin: TIM1_8H7
2026-02-10 23:30:37,103 [INFO] BlockDiagram:2766 - set Specific Code input for plugin: TIM1_8H7
2026-02-10 23:30:37,103 [INFO] BlockDiagram:2766 - set Specific Code input for plugin: SYS
2026-02-10 23:30:37,103 [INFO] BlockDiagram:2766 - set Specific Code input for plugin: ADC
2026-02-10 23:30:37,103 [INFO] BlockDiagram:2766 - set Specific Code input for plugin: USB_OTG_FS
2026-02-10 23:30:37,103 [INFO] BlockDiagram:2766 - set Specific Code input for plugin: NVIC
2026-02-10 23:30:37,103 [INFO] BlockDiagram:2766 - set Specific Code input for plugin: CORTEX_M7
2026-02-10 23:30:37,103 [INFO] BlockDiagram:2766 - set Specific Code input for plugin: UART
2026-02-10 23:30:37,103 [INFO] BlockDiagram:2766 - set Specific Code input for plugin: UART
2026-02-10 23:30:37,103 [INFO] BlockDiagram:2766 - set Specific Code input for plugin: DEBUG
2026-02-10 23:30:37,104 [INFO] BlockDiagram:2766 - set Specific Code input for plugin: GPIO
2026-02-10 23:30:37,105 [INFO] CodeGenerator:807 - code generatio: config db path: C:\ST\STM32CubeIDE_1.16.0\STM32CubeIDE\plugins\com.st.stm32cube.common.mx_6.12.0.202406281431\\db\
2026-02-10 23:30:37,234 [INFO] CodeEngine:255 - oldGeneratedFile, C:\Users\brady\repos\UCI-Rocket-Project-Solids\flight-code\MXTmpFiles\license.tmp_save
2026-02-10 23:30:37,299 [INFO] CodeEngine:279 - Generated code: C:\Users\brady\repos\UCI-Rocket-Project-Solids\flight-code\MXTmpFiles\license.tmp
2026-02-10 23:30:37,373 [INFO] CodeEngine:255 - oldGeneratedFile, C:\Users\brady\repos\UCI-Rocket-Project-Solids\flight-code\MXTmpFiles\gpio.tmp_save
2026-02-10 23:30:37,433 [INFO] CodeEngine:279 - Generated code: C:\Users\brady\repos\UCI-Rocket-Project-Solids\flight-code\MXTmpFiles\gpio.tmp
2026-02-10 23:30:37,574 [WARN] IPConfigManager:98 - WARNING: Missing Config File for DEBUG ip!!
2026-02-10 23:30:37,711 [WARN] IPConfigManager:98 - WARNING: Missing Config File for MEMORYMAP ip!!
2026-02-10 23:30:38,465 [INFO] Middleware:1439 - No code input for Bsp Dependency
2026-02-10 23:30:38,471 [INFO] CodeEngine:255 - oldGeneratedFile, C:\Users\brady\repos\UCI-Rocket-Project-Solids\flight-code\MXTmpFiles\fatfs_HalInit.tmp_save
2026-02-10 23:30:38,548 [INFO] CodeEngine:279 - Generated code: C:\Users\brady\repos\UCI-Rocket-Project-Solids\flight-code\MXTmpFiles\fatfs_HalInit.tmp
2026-02-10 23:30:38,552 [INFO] CodeEngine:255 - oldGeneratedFile, C:\Users\brady\repos\UCI-Rocket-Project-Solids\flight-code\MXTmpFiles\fatfs_vars.tmp_save
2026-02-10 23:30:38,597 [INFO] CodeEngine:279 - Generated code: C:\Users\brady\repos\UCI-Rocket-Project-Solids\flight-code\MXTmpFiles\fatfs_vars.tmp
2026-02-10 23:30:38,600 [INFO] CodeEngine:255 - oldGeneratedFile, C:\Users\brady\repos\UCI-Rocket-Project-Solids\flight-code\MXTmpFiles\fatfs_ext_vars.tmp_save
2026-02-10 23:30:38,642 [INFO] CodeEngine:279 - Generated code: C:\Users\brady\repos\UCI-Rocket-Project-Solids\flight-code\MXTmpFiles\fatfs_ext_vars.tmp
2026-02-10 23:30:38,645 [INFO] CodeEngine:255 - oldGeneratedFile, C:\Users\brady\repos\UCI-Rocket-Project-Solids\flight-code\MXTmpFiles\fatfs_inc.tmp_save
2026-02-10 23:30:38,685 [INFO] CodeEngine:279 - Generated code: C:\Users\brady\repos\UCI-Rocket-Project-Solids\flight-code\MXTmpFiles\fatfs_inc.tmp
2026-02-10 23:30:38,692 [INFO] CodeEngine:255 - oldGeneratedFile, C:\Users\brady\repos\UCI-Rocket-Project-Solids\flight-code\MXTmpFiles\cortex.tmp_save
2026-02-10 23:30:38,750 [INFO] CodeEngine:279 - Generated code: C:\Users\brady\repos\UCI-Rocket-Project-Solids\flight-code\MXTmpFiles\cortex.tmp
2026-02-10 23:30:38,755 [INFO] Middleware:1439 - No code input for Bsp Dependency
2026-02-10 23:30:38,762 [INFO] CodeEngine:255 - oldGeneratedFile, C:\Users\brady\repos\UCI-Rocket-Project-Solids\flight-code\MXTmpFiles\fatfs_HalInit.tmp_save
2026-02-10 23:30:38,815 [INFO] CodeEngine:279 - Generated code: C:\Users\brady\repos\UCI-Rocket-Project-Solids\flight-code\MXTmpFiles\fatfs_HalInit.tmp
2026-02-10 23:30:38,819 [INFO] CodeEngine:255 - oldGeneratedFile, C:\Users\brady\repos\UCI-Rocket-Project-Solids\flight-code\MXTmpFiles\fatfs_vars.tmp_save
2026-02-10 23:30:38,858 [INFO] CodeEngine:279 - Generated code: C:\Users\brady\repos\UCI-Rocket-Project-Solids\flight-code\MXTmpFiles\fatfs_vars.tmp
2026-02-10 23:30:38,862 [INFO] CodeEngine:255 - oldGeneratedFile, C:\Users\brady\repos\UCI-Rocket-Project-Solids\flight-code\MXTmpFiles\fatfs_ext_vars.tmp_save
2026-02-10 23:30:38,900 [INFO] CodeEngine:279 - Generated code: C:\Users\brady\repos\UCI-Rocket-Project-Solids\flight-code\MXTmpFiles\fatfs_ext_vars.tmp
2026-02-10 23:30:38,904 [INFO] CodeEngine:255 - oldGeneratedFile, C:\Users\brady\repos\UCI-Rocket-Project-Solids\flight-code\MXTmpFiles\fatfs_inc.tmp_save
2026-02-10 23:30:38,940 [INFO] CodeEngine:279 - Generated code: C:\Users\brady\repos\UCI-Rocket-Project-Solids\flight-code\MXTmpFiles\fatfs_inc.tmp
2026-02-10 23:30:38,954 [INFO] CodeEngine:255 - oldGeneratedFile, C:\Users\brady\repos\UCI-Rocket-Project-Solids\flight-code\FATFS\Target\ffconf.h_save
2026-02-10 23:30:39,028 [INFO] CodeEngine:279 - Generated code: C:\Users\brady\repos\UCI-Rocket-Project-Solids\flight-code\FATFS\Target\ffconf.h
2026-02-10 23:30:39,033 [INFO] CodeEngine:255 - oldGeneratedFile, C:\Users\brady\repos\UCI-Rocket-Project-Solids\flight-code\FATFS\Target\user_diskio.c_save
2026-02-10 23:30:39,079 [INFO] CodeEngine:279 - Generated code: C:\Users\brady\repos\UCI-Rocket-Project-Solids\flight-code\FATFS\Target\user_diskio.c
2026-02-10 23:30:39,083 [INFO] CodeEngine:255 - oldGeneratedFile, C:\Users\brady\repos\UCI-Rocket-Project-Solids\flight-code\FATFS\Target\user_diskio.h_save
2026-02-10 23:30:39,119 [INFO] CodeEngine:279 - Generated code: C:\Users\brady\repos\UCI-Rocket-Project-Solids\flight-code\FATFS\Target\user_diskio.h
2026-02-10 23:30:39,123 [INFO] CodeEngine:255 - oldGeneratedFile, C:\Users\brady\repos\UCI-Rocket-Project-Solids\flight-code\FATFS\App\fatfs.c_save
2026-02-10 23:30:39,166 [INFO] CodeEngine:279 - Generated code: C:\Users\brady\repos\UCI-Rocket-Project-Solids\flight-code\FATFS\App\fatfs.c
2026-02-10 23:30:39,170 [INFO] CodeEngine:255 - oldGeneratedFile, C:\Users\brady\repos\UCI-Rocket-Project-Solids\flight-code\FATFS\App\fatfs.h_save
2026-02-10 23:30:39,208 [INFO] CodeEngine:279 - Generated code: C:\Users\brady\repos\UCI-Rocket-Project-Solids\flight-code\FATFS\App\fatfs.h
2026-02-10 23:30:39,233 [INFO] CodeEngine:255 - oldGeneratedFile, C:\Users\brady\repos\UCI-Rocket-Project-Solids\flight-code\Core\Src\stm32h7xx_it.c_save
2026-02-10 23:30:39,293 [INFO] CodeEngine:279 - Generated code: C:\Users\brady\repos\UCI-Rocket-Project-Solids\flight-code\Core\Src\stm32h7xx_it.c
2026-02-10 23:30:39,297 [INFO] CodeEngine:255 - oldGeneratedFile, C:\Users\brady\repos\UCI-Rocket-Project-Solids\flight-code\Core\Inc\stm32h7xx_it.h_save
2026-02-10 23:30:39,339 [INFO] CodeEngine:279 - Generated code: C:\Users\brady\repos\UCI-Rocket-Project-Solids\flight-code\Core\Inc\stm32h7xx_it.h
2026-02-10 23:30:39,468 [INFO] CodeEngine:255 - oldGeneratedFile, C:\Users\brady\repos\UCI-Rocket-Project-Solids\flight-code\Core\Src\stm32h7xx_hal_msp.c_save
2026-02-10 23:30:39,574 [INFO] CodeEngine:279 - Generated code: C:\Users\brady\repos\UCI-Rocket-Project-Solids\flight-code\Core\Src\stm32h7xx_hal_msp.c
2026-02-10 23:30:39,586 [INFO] CodeEngine:255 - oldGeneratedFile, C:\Users\brady\repos\UCI-Rocket-Project-Solids\flight-code\MXTmpFiles\system.tmp_save
2026-02-10 23:30:39,623 [INFO] CodeEngine:279 - Generated code: C:\Users\brady\repos\UCI-Rocket-Project-Solids\flight-code\MXTmpFiles\system.tmp
2026-02-10 23:30:39,641 [INFO] CodeEngine:311 - oldGeneratedFile, C:\Users\brady\repos\UCI-Rocket-Project-Solids\flight-code\Core\Inc\stm32h7xx_hal_conf.h_save
2026-02-10 23:30:39,713 [INFO] CodeEngine:335 - Generated code: C:\Users\brady\repos\UCI-Rocket-Project-Solids\flight-code\Core\Inc\stm32h7xx_hal_conf.h
2026-02-10 23:30:39,744 [WARN] IPConfigManager:3554 - IP not found : TIM
2026-02-10 23:30:39,745 [WARN] IPConfigManager:3554 - IP not found : USB_OTG
2026-02-10 23:30:39,745 [WARN] CodeGenerator:4002 - IP not found : null
2026-02-10 23:30:39,745 [WARN] CodeGenerator:4002 - IP not found : null
2026-02-10 23:30:39,763 [INFO] CodeEngine:255 - oldGeneratedFile, C:\Users\brady\repos\UCI-Rocket-Project-Solids\flight-code\Core\Inc\main.h_save
2026-02-10 23:30:39,819 [INFO] CodeEngine:279 - Generated code: C:\Users\brady\repos\UCI-Rocket-Project-Solids\flight-code\Core\Inc\main.h
2026-02-10 23:30:39,834 [INFO] CodeEngine:255 - oldGeneratedFile, C:\Users\brady\repos\UCI-Rocket-Project-Solids\flight-code\Core\Src\main.c_save
2026-02-10 23:30:39,946 [INFO] CodeEngine:279 - Generated code: C:\Users\brady\repos\UCI-Rocket-Project-Solids\flight-code\Core\Src\main.c
2026-02-10 23:30:40,305 [INFO] ProjectBuilder:3249 - Time for Copy HAL[1] : 256mS.
2026-02-10 23:30:40,311 [INFO] ProjectBuilder:4828 - Project Generator version: 4.4.0-B60
2026-02-10 23:30:40,367 [INFO] ConfigFileManager:1531 - The Die is : DIE450
2026-02-10 23:30:41,256 [INFO] ProjectBuilder:5097 - Time for Generating toolchain IDE Files: 945mS.
2026-02-10 23:30:41,258 [INFO] ProjectBuilder:3107 - Time for Copy CMSIS : 1mS.
2026-02-10 23:30:41,265 [INFO] ProjectBuilder:3107 - Time for Copy CMSIS : 1mS.
2026-02-10 23:31:54,951 [INFO] WebApp:189 - Connection lost
2026-02-10 23:31:55,083 [INFO] WebApp:186 - Connection restablished
2026-02-10 23:49:52,737 [INFO] Gpio:277 - dependency for GPIO [ADC1, DEBUG, RCC, SPI1, TIM3, TIM4, UART4, UART8, USART3, USB_OTG_FS]
2026-02-10 23:50:02,934 [INFO] WebApp:189 - Connection lost
2026-02-10 23:50:03,052 [INFO] WebApp:186 - Connection restablished
2026-02-10 23:50:20,341 [INFO] UtilMem:75 - End SaveConfig() Used Memory: 879820344 Bytes (1073741824)
2026-02-10 23:50:20,394 [INFO] UtilMem:75 - End SaveConfig() Used Memory: 906009616 Bytes (1073741824)
2026-02-10 23:50:20,813 [INFO] UtilMem:75 - End SaveConfig() Used Memory: 837576472 Bytes (1073741824)
2026-02-10 23:50:20,941 [INFO] BlockDiagram:2766 - set Specific Code input for plugin: SPI
2026-02-10 23:50:20,941 [INFO] BlockDiagram:2766 - set Specific Code input for plugin: RCC
2026-02-10 23:50:20,941 [INFO] BlockDiagram:2766 - set Specific Code input for plugin: USART
2026-02-10 23:50:20,941 [INFO] BlockDiagram:2766 - set Specific Code input for plugin: FATFS
2026-02-10 23:50:20,941 [INFO] BlockDiagram:2766 - set Specific Code input for plugin: MEMORYMAP
2026-02-10 23:50:20,941 [INFO] BlockDiagram:2766 - set Specific Code input for plugin: TIM1_8H7
2026-02-10 23:50:20,941 [INFO] BlockDiagram:2766 - set Specific Code input for plugin: TIM1_8H7
2026-02-10 23:50:20,941 [INFO] BlockDiagram:2766 - set Specific Code input for plugin: SYS
2026-02-10 23:50:20,941 [INFO] BlockDiagram:2766 - set Specific Code input for plugin: ADC
2026-02-10 23:50:20,941 [INFO] BlockDiagram:2766 - set Specific Code input for plugin: USB_OTG_FS
2026-02-10 23:50:20,941 [INFO] BlockDiagram:2766 - set Specific Code input for plugin: NVIC
2026-02-10 23:50:20,941 [INFO] BlockDiagram:2766 - set Specific Code input for plugin: CORTEX_M7
2026-02-10 23:50:20,941 [INFO] BlockDiagram:2766 - set Specific Code input for plugin: UART
2026-02-10 23:50:20,941 [INFO] BlockDiagram:2766 - set Specific Code input for plugin: UART
2026-02-10 23:50:20,941 [INFO] BlockDiagram:2766 - set Specific Code input for plugin: DEBUG
2026-02-10 23:50:20,941 [INFO] BlockDiagram:2766 - set Specific Code input for plugin: GPIO
2026-02-10 23:50:20,942 [INFO] CodeGenerator:807 - code generatio: config db path: C:\ST\STM32CubeIDE_1.16.0\STM32CubeIDE\plugins\com.st.stm32cube.common.mx_6.12.0.202406281431\\db\
2026-02-10 23:50:21,028 [INFO] CodeEngine:255 - oldGeneratedFile, C:\Users\brady\repos\UCI-Rocket-Project-Solids\flight-code\MXTmpFiles\license.tmp_save
2026-02-10 23:50:21,110 [INFO] CodeEngine:279 - Generated code: C:\Users\brady\repos\UCI-Rocket-Project-Solids\flight-code\MXTmpFiles\license.tmp
2026-02-10 23:50:21,213 [INFO] CodeEngine:255 - oldGeneratedFile, C:\Users\brady\repos\UCI-Rocket-Project-Solids\flight-code\MXTmpFiles\gpio.tmp_save
2026-02-10 23:50:21,286 [INFO] CodeEngine:279 - Generated code: C:\Users\brady\repos\UCI-Rocket-Project-Solids\flight-code\MXTmpFiles\gpio.tmp
2026-02-10 23:50:21,422 [WARN] IPConfigManager:98 - WARNING: Missing Config File for DEBUG ip!!
2026-02-10 23:50:21,525 [WARN] IPConfigManager:98 - WARNING: Missing Config File for MEMORYMAP ip!!
2026-02-10 23:50:22,096 [INFO] Middleware:1439 - No code input for Bsp Dependency
2026-02-10 23:50:22,101 [INFO] CodeEngine:255 - oldGeneratedFile, C:\Users\brady\repos\UCI-Rocket-Project-Solids\flight-code\MXTmpFiles\fatfs_HalInit.tmp_save
2026-02-10 23:50:22,160 [INFO] CodeEngine:279 - Generated code: C:\Users\brady\repos\UCI-Rocket-Project-Solids\flight-code\MXTmpFiles\fatfs_HalInit.tmp
2026-02-10 23:50:22,163 [INFO] CodeEngine:255 - oldGeneratedFile, C:\Users\brady\repos\UCI-Rocket-Project-Solids\flight-code\MXTmpFiles\fatfs_vars.tmp_save
2026-02-10 23:50:22,193 [INFO] CodeEngine:279 - Generated code: C:\Users\brady\repos\UCI-Rocket-Project-Solids\flight-code\MXTmpFiles\fatfs_vars.tmp
2026-02-10 23:50:22,195 [INFO] CodeEngine:255 - oldGeneratedFile, C:\Users\brady\repos\UCI-Rocket-Project-Solids\flight-code\MXTmpFiles\fatfs_ext_vars.tmp_save
2026-02-10 23:50:22,235 [INFO] CodeEngine:279 - Generated code: C:\Users\brady\repos\UCI-Rocket-Project-Solids\flight-code\MXTmpFiles\fatfs_ext_vars.tmp
2026-02-10 23:50:22,237 [INFO] CodeEngine:255 - oldGeneratedFile, C:\Users\brady\repos\UCI-Rocket-Project-Solids\flight-code\MXTmpFiles\fatfs_inc.tmp_save
2026-02-10 23:50:22,270 [INFO] CodeEngine:279 - Generated code: C:\Users\brady\repos\UCI-Rocket-Project-Solids\flight-code\MXTmpFiles\fatfs_inc.tmp
2026-02-10 23:50:22,275 [INFO] CodeEngine:255 - oldGeneratedFile, C:\Users\brady\repos\UCI-Rocket-Project-Solids\flight-code\MXTmpFiles\cortex.tmp_save
2026-02-10 23:50:22,322 [INFO] CodeEngine:279 - Generated code: C:\Users\brady\repos\UCI-Rocket-Project-Solids\flight-code\MXTmpFiles\cortex.tmp
2026-02-10 23:50:22,326 [INFO] Middleware:1439 - No code input for Bsp Dependency
2026-02-10 23:50:22,331 [INFO] CodeEngine:255 - oldGeneratedFile, C:\Users\brady\repos\UCI-Rocket-Project-Solids\flight-code\MXTmpFiles\fatfs_HalInit.tmp_save
2026-02-10 23:50:22,376 [INFO] CodeEngine:279 - Generated code: C:\Users\brady\repos\UCI-Rocket-Project-Solids\flight-code\MXTmpFiles\fatfs_HalInit.tmp
2026-02-10 23:50:22,379 [INFO] CodeEngine:255 - oldGeneratedFile, C:\Users\brady\repos\UCI-Rocket-Project-Solids\flight-code\MXTmpFiles\fatfs_vars.tmp_save
2026-02-10 23:50:22,409 [INFO] CodeEngine:279 - Generated code: C:\Users\brady\repos\UCI-Rocket-Project-Solids\flight-code\MXTmpFiles\fatfs_vars.tmp
2026-02-10 23:50:22,413 [INFO] CodeEngine:255 - oldGeneratedFile, C:\Users\brady\repos\UCI-Rocket-Project-Solids\flight-code\MXTmpFiles\fatfs_ext_vars.tmp_save
2026-02-10 23:50:22,444 [INFO] CodeEngine:279 - Generated code: C:\Users\brady\repos\UCI-Rocket-Project-Solids\flight-code\MXTmpFiles\fatfs_ext_vars.tmp
2026-02-10 23:50:22,448 [INFO] CodeEngine:255 - oldGeneratedFile, C:\Users\brady\repos\UCI-Rocket-Project-Solids\flight-code\MXTmpFiles\fatfs_inc.tmp_save
2026-02-10 23:50:22,478 [INFO] CodeEngine:279 - Generated code: C:\Users\brady\repos\UCI-Rocket-Project-Solids\flight-code\MXTmpFiles\fatfs_inc.tmp
2026-02-10 23:50:22,489 [INFO] CodeEngine:255 - oldGeneratedFile, C:\Users\brady\repos\UCI-Rocket-Project-Solids\flight-code\FATFS\Target\ffconf.h_save
2026-02-10 23:50:22,565 [INFO] CodeEngine:279 - Generated code: C:\Users\brady\repos\UCI-Rocket-Project-Solids\flight-code\FATFS\Target\ffconf.h
2026-02-10 23:50:22,570 [INFO] CodeEngine:255 - oldGeneratedFile, C:\Users\brady\repos\UCI-Rocket-Project-Solids\flight-code\FATFS\Target\user_diskio.c_save
2026-02-10 23:50:22,606 [INFO] CodeEngine:279 - Generated code: C:\Users\brady\repos\UCI-Rocket-Project-Solids\flight-code\FATFS\Target\user_diskio.c
2026-02-10 23:50:22,610 [INFO] CodeEngine:255 - oldGeneratedFile, C:\Users\brady\repos\UCI-Rocket-Project-Solids\flight-code\FATFS\Target\user_diskio.h_save
2026-02-10 23:50:22,642 [INFO] CodeEngine:279 - Generated code: C:\Users\brady\repos\UCI-Rocket-Project-Solids\flight-code\FATFS\Target\user_diskio.h
2026-02-10 23:50:22,645 [INFO] CodeEngine:255 - oldGeneratedFile, C:\Users\brady\repos\UCI-Rocket-Project-Solids\flight-code\FATFS\App\fatfs.c_save
2026-02-10 23:50:22,678 [INFO] CodeEngine:279 - Generated code: C:\Users\brady\repos\UCI-Rocket-Project-Solids\flight-code\FATFS\App\fatfs.c
2026-02-10 23:50:22,681 [INFO] CodeEngine:255 - oldGeneratedFile, C:\Users\brady\repos\UCI-Rocket-Project-Solids\flight-code\FATFS\App\fatfs.h_save
2026-02-10 23:50:22,715 [INFO] CodeEngine:279 - Generated code: C:\Users\brady\repos\UCI-Rocket-Project-Solids\flight-code\FATFS\App\fatfs.h
2026-02-10 23:50:22,743 [INFO] CodeEngine:255 - oldGeneratedFile, C:\Users\brady\repos\UCI-Rocket-Project-Solids\flight-code\Core\Src\stm32h7xx_it.c_save
2026-02-10 23:50:22,844 [INFO] CodeEngine:279 - Generated code: C:\Users\brady\repos\UCI-Rocket-Project-Solids\flight-code\Core\Src\stm32h7xx_it.c
2026-02-10 23:50:22,848 [INFO] CodeEngine:255 - oldGeneratedFile, C:\Users\brady\repos\UCI-Rocket-Project-Solids\flight-code\Core\Inc\stm32h7xx_it.h_save
2026-02-10 23:50:22,903 [INFO] CodeEngine:279 - Generated code: C:\Users\brady\repos\UCI-Rocket-Project-Solids\flight-code\Core\Inc\stm32h7xx_it.h
2026-02-10 23:50:23,024 [INFO] CodeEngine:255 - oldGeneratedFile, C:\Users\brady\repos\UCI-Rocket-Project-Solids\flight-code\Core\Src\stm32h7xx_hal_msp.c_save
2026-02-10 23:50:23,121 [INFO] CodeEngine:279 - Generated code: C:\Users\brady\repos\UCI-Rocket-Project-Solids\flight-code\Core\Src\stm32h7xx_hal_msp.c
2026-02-10 23:50:23,130 [INFO] CodeEngine:255 - oldGeneratedFile, C:\Users\brady\repos\UCI-Rocket-Project-Solids\flight-code\MXTmpFiles\system.tmp_save
2026-02-10 23:50:23,161 [INFO] CodeEngine:279 - Generated code: C:\Users\brady\repos\UCI-Rocket-Project-Solids\flight-code\MXTmpFiles\system.tmp
2026-02-10 23:50:23,174 [INFO] CodeEngine:311 - oldGeneratedFile, C:\Users\brady\repos\UCI-Rocket-Project-Solids\flight-code\Core\Inc\stm32h7xx_hal_conf.h_save
2026-02-10 23:50:23,231 [INFO] CodeEngine:335 - Generated code: C:\Users\brady\repos\UCI-Rocket-Project-Solids\flight-code\Core\Inc\stm32h7xx_hal_conf.h
2026-02-10 23:50:23,255 [WARN] IPConfigManager:3554 - IP not found : TIM
2026-02-10 23:50:23,255 [WARN] IPConfigManager:3554 - IP not found : USB_OTG
2026-02-10 23:50:23,256 [WARN] CodeGenerator:4002 - IP not found : null
2026-02-10 23:50:23,256 [WARN] CodeGenerator:4002 - IP not found : null
2026-02-10 23:50:23,269 [INFO] CodeEngine:255 - oldGeneratedFile, C:\Users\brady\repos\UCI-Rocket-Project-Solids\flight-code\Core\Inc\main.h_save
2026-02-10 23:50:23,343 [INFO] CodeEngine:279 - Generated code: C:\Users\brady\repos\UCI-Rocket-Project-Solids\flight-code\Core\Inc\main.h
2026-02-10 23:50:23,360 [INFO] CodeEngine:255 - oldGeneratedFile, C:\Users\brady\repos\UCI-Rocket-Project-Solids\flight-code\Core\Src\main.c_save
2026-02-10 23:50:23,453 [INFO] CodeEngine:279 - Generated code: C:\Users\brady\repos\UCI-Rocket-Project-Solids\flight-code\Core\Src\main.c
2026-02-10 23:50:23,664 [INFO] ProjectBuilder:3249 - Time for Copy HAL[1] : 138mS.
2026-02-10 23:50:23,668 [INFO] ProjectBuilder:4828 - Project Generator version: 4.4.0-B60
2026-02-10 23:50:23,704 [INFO] ConfigFileManager:1531 - The Die is : DIE450
2026-02-10 23:50:24,449 [INFO] ProjectBuilder:5097 - Time for Generating toolchain IDE Files: 781mS.
2026-02-10 23:50:24,450 [INFO] ProjectBuilder:3107 - Time for Copy CMSIS : 0mS.
2026-02-10 23:50:24,454 [INFO] ProjectBuilder:3107 - Time for Copy CMSIS : 0mS.
2026-02-10 23:50:57,835 [INFO] ADCParametersView:116 -                Rank 1 : false
2026-02-10 23:50:57,835 [INFO] ADCParametersView:116 -                Rank 1 : false
2026-02-10 23:50:57,835 [INFO] ADCParametersView:116 -                Rank 1 : false
2026-02-10 23:50:57,835 [INFO] ADCParametersView:116 -                Rank 1 : false
2026-02-10 23:50:57,835 [INFO] ADCParametersView:116 -                Rank 1 : false
2026-02-10 23:50:57,835 [INFO] ADCParametersView:116 -                Rank 1 : false
2026-02-10 23:50:57,835 [INFO] ADCParametersView:116 -                Rank 1 : false
2026-02-10 23:50:57,835 [INFO] ADCParametersView:116 -                Rank 1 : false
2026-02-10 23:50:57,835 [INFO] ADCParametersView:116 -                Rank 1 : false
2026-02-10 23:50:57,835 [INFO] ADCParametersView:116 -                Rank 1 : false
2026-02-10 23:50:57,835 [INFO] ADCParametersView:116 -                Rank 1 : false
2026-02-10 23:50:57,835 [INFO] ADCParametersView:116 -                Rank 1 : false
2026-02-10 23:50:57,835 [INFO] ADCParametersView:116 -                Rank 1 : false
2026-02-10 23:50:57,835 [INFO] ADCParametersView:116 -                Rank 1 : false
2026-02-10 23:50:57,835 [INFO] ADCParametersView:116 -                Rank 1 : false
2026-02-10 23:50:57,835 [INFO] ADCParametersView:116 -                Rank 1 : false
2026-02-10 23:50:57,835 [INFO] ADCParametersView:116 -                Rank 1 : false
2026-02-10 23:50:57,835 [INFO] ADCParametersView:116 -                Rank 1 : false
2026-02-10 23:50:57,835 [INFO] ADCParametersView:116 -                Rank 1 : false
2026-02-10 23:50:57,835 [INFO] ADCParametersView:116 -                Rank 1 : false
2026-02-10 23:50:57,835 [INFO] ADCParametersView:116 -                Rank 1 : false
2026-02-10 23:50:57,903 [INFO] ADCParametersView:116 -                Rank 1 : false
2026-02-10 23:50:57,976 [INFO] ADCParametersView:116 -                Rank 1 : false
2026-02-10 23:50:57,977 [INFO] ADCParametersView:116 -                Rank 1 : false
2026-02-10 23:50:57,977 [INFO] ADCParametersView:116 -                Rank 1 : false
2026-02-10 23:50:57,977 [INFO] ADCParametersView:116 -                Rank 1 : false
2026-02-10 23:50:57,977 [INFO] ADCParametersView:116 -                Rank 1 : false
2026-02-10 23:50:57,977 [INFO] ADCParametersView:116 -                Rank 1 : false
2026-02-10 23:50:57,977 [INFO] ADCParametersView:116 -                Rank 1 : false
2026-02-10 23:50:57,977 [INFO] ADCParametersView:116 -                Rank 1 : false
2026-02-10 23:50:57,977 [INFO] ADCParametersView:116 -                Rank 1 : false
2026-02-10 23:50:57,977 [INFO] ADCParametersView:116 -                Rank 1 : false
2026-02-10 23:50:57,977 [INFO] ADCParametersView:116 -                Rank 1 : false
2026-02-10 23:50:57,977 [INFO] ADCParametersView:116 -                Rank 1 : false
2026-02-10 23:50:57,977 [INFO] ADCParametersView:116 -                Rank 1 : false
2026-02-10 23:50:57,977 [INFO] ADCParametersView:116 -                Rank 1 : false
2026-02-10 23:50:57,977 [INFO] ADCParametersView:116 -                Rank 1 : false
2026-02-10 23:50:57,977 [INFO] ADCParametersView:116 -                Rank 1 : false
2026-02-10 23:50:57,977 [INFO] ADCParametersView:116 -                Rank 1 : false
2026-02-10 23:50:57,977 [INFO] ADCParametersView:116 -                Rank 1 : false
2026-02-10 23:50:57,977 [INFO] ADCParametersView:116 -                Rank 1 : false
2026-02-10 23:50:57,977 [INFO] ADCParametersView:116 -                Rank 1 : false
2026-02-10 23:50:57,977 [INFO] ADCParametersView:116 -                Rank 1 : false
2026-02-10 23:50:58,045 [INFO] ADCParametersView:116 -                Rank 1 : false
2026-02-10 23:51:02,413 [INFO] WebApp:189 - Connection lost
2026-02-10 23:51:02,530 [INFO] WebApp:186 - Connection restablished
