2026-01-22 11:05:17,072 [INFO] Activator:176 - 


2026-01-22 11:05:17,103 [INFO] Activator:177 - !SESSION log4j initialized
2026-01-22 11:05:29,540 [INFO] LogOutputStream:77 - [STDOUT_REDIRECT] 
2026-01-22 11:05:31,434 [INFO] ApplicationProperties:184 - Using Application install path: C:\ST\STM32CubeIDE_1.16.0\STM32CubeIDE\plugins\com.st.stm32cube.common.mx_6.12.0.202406281431
2026-01-22 11:05:31,446 [INFO] DbMcusXml:78 - Set database path to: C:\ST\STM32CubeIDE_1.16.0\STM32CubeIDE\plugins\com.st.stm32cube.common.mx_6.12.0.202406281431\\db\/mcu/
2026-01-22 11:05:31,446 [INFO] ApiDb:274 - Set plugin database path to: C:\ST\STM32CubeIDE_1.16.0\STM32CubeIDE\plugins\com.st.stm32cube.common.mx_6.12.0.202406281431\\db\/plugins/boardmanager/
2026-01-22 11:05:31,446 [WARN] ApiDb:259 - Overriding images path with different value:  => C:\ST\STM32CubeIDE_1.16.0\STM32CubeIDE\plugins\com.st.stm32cube.common.mx_6.12.0.202406281431\\db\/plugins/mcufinder/images/
2026-01-22 11:05:31,460 [INFO] ApiDb:250 - Set database path to: C:\Users\brady\.stmcufinder\plugins\mcufinder//mcu/
2026-01-22 11:05:31,461 [INFO] DbMcusAds:125 - Set database path to: C:\Users\brady\.stmcufinder\plugins\mcufinder//mcu/
2026-01-22 11:05:31,463 [INFO] CrossReferenceDbSqlite:203 - Set database path to: C:\Users\brady\.stmcufinder\plugins\mcufinder//mcu/cs/
2026-01-22 11:05:31,546 [INFO] RulesReader:64 - Compatibility file has been processed (297 Rules)
2026-01-22 11:05:31,614 [INFO] DbMcusXml:78 - Set database path to: C:\ST\STM32CubeIDE_1.16.0\STM32CubeIDE\plugins\com.st.stm32cube.common.mx_6.12.0.202406281431\\db\/mcu/
2026-01-22 11:05:31,614 [INFO] ApiDb:274 - Set plugin database path to: C:\ST\STM32CubeIDE_1.16.0\STM32CubeIDE\plugins\com.st.stm32cube.common.mx_6.12.0.202406281431\\db\/plugins/boardmanager/
2026-01-22 11:05:31,614 [INFO] ApiDb:261 - Set plugin images path to: C:\ST\STM32CubeIDE_1.16.0\STM32CubeIDE\plugins\com.st.stm32cube.common.mx_6.12.0.202406281431\\db\/plugins/mcufinder/images/
2026-01-22 11:05:31,614 [WARN] DbFile:41 - Overriding database path with different value: C:\Users\brady\.stmcufinder\plugins\mcufinder/ => C:\Users\brady\.stmcufinder\plugins\mcufinder
2026-01-22 11:05:31,614 [INFO] ApiDb:250 - Set database path to: C:\Users\brady\.stmcufinder\plugins\mcufinder//mcu/
2026-01-22 11:05:31,614 [WARN] DbFile:41 - Overriding database path with different value: C:\Users\brady\.stmcufinder\plugins\mcufinder/ => C:\Users\brady\.stmcufinder\plugins\mcufinder
2026-01-22 11:05:31,614 [INFO] DbMcusAds:125 - Set database path to: C:\Users\brady\.stmcufinder\plugins\mcufinder//mcu/
2026-01-22 11:05:31,614 [WARN] DbFile:41 - Overriding database path with different value: C:\Users\brady\.stmcufinder\plugins\mcufinder/ => C:\Users\brady\.stmcufinder\plugins\mcufinder
2026-01-22 11:05:31,614 [WARN] DbFile:41 - Overriding database path with different value: C:\Users\brady\.stmcufinder\plugins\mcufinder/ => C:\Users\brady\.stmcufinder\plugins\mcufinder
2026-01-22 11:05:31,614 [INFO] CrossReferenceDbSqlite:203 - Set database path to: C:\Users\brady\.stmcufinder\plugins\mcufinder//mcu/cs/
2026-01-22 11:05:31,674 [INFO] MainPanel:268 - HeapMemory: 268435456
2026-01-22 11:05:31,753 [INFO] DbMcusXml:78 - Set database path to: C:\ST\STM32CubeIDE_1.16.0\STM32CubeIDE\plugins\com.st.stm32cube.common.mx_6.12.0.202406281431\\db\/mcu/
2026-01-22 11:05:31,753 [INFO] ApiDb:274 - Set plugin database path to: C:\ST\STM32CubeIDE_1.16.0\STM32CubeIDE\plugins\com.st.stm32cube.common.mx_6.12.0.202406281431\\db\/plugins/boardmanager/
2026-01-22 11:05:31,753 [INFO] ApiDb:261 - Set plugin images path to: C:\ST\STM32CubeIDE_1.16.0\STM32CubeIDE\plugins\com.st.stm32cube.common.mx_6.12.0.202406281431\\db\/plugins/mcufinder/images/
2026-01-22 11:05:31,753 [WARN] DbFile:41 - Overriding database path with different value: C:\Users\brady\.stmcufinder\plugins\mcufinder/ => C:\Users\brady\.stmcufinder\plugins\mcufinder
2026-01-22 11:05:31,753 [INFO] ApiDb:250 - Set database path to: C:\Users\brady\.stmcufinder\plugins\mcufinder//mcu/
2026-01-22 11:05:31,753 [WARN] DbFile:41 - Overriding database path with different value: C:\Users\brady\.stmcufinder\plugins\mcufinder/ => C:\Users\brady\.stmcufinder\plugins\mcufinder
2026-01-22 11:05:31,753 [INFO] DbMcusAds:125 - Set database path to: C:\Users\brady\.stmcufinder\plugins\mcufinder//mcu/
2026-01-22 11:05:31,754 [WARN] DbFile:41 - Overriding database path with different value: C:\Users\brady\.stmcufinder\plugins\mcufinder/ => C:\Users\brady\.stmcufinder\plugins\mcufinder
2026-01-22 11:05:31,754 [WARN] DbFile:41 - Overriding database path with different value: C:\Users\brady\.stmcufinder\plugins\mcufinder/ => C:\Users\brady\.stmcufinder\plugins\mcufinder
2026-01-22 11:05:31,754 [INFO] CrossReferenceDbSqlite:203 - Set database path to: C:\Users\brady\.stmcufinder\plugins\mcufinder//mcu/cs/
2026-01-22 11:05:31,766 [INFO] ApplicationProperties:184 - Using Application install path: C:\ST\STM32CubeIDE_1.16.0\STM32CubeIDE\plugins\com.st.stm32cube.common.mx_6.12.0.202406281431
2026-01-22 11:05:31,767 [INFO] PluginManage:196 - Search for loadable plugins [exclusion list=, ]
2026-01-22 11:05:31,768 [INFO] PluginManage:310 - Check plugin analytics
2026-01-22 11:05:31,886 [INFO] AnalyticsPlugin:253 - Accepted Software Licenses: STM32CubeMX.6.12.1
2026-01-22 11:05:31,886 [INFO] AnalyticsPlugin:255 - Accepted CMSIS Pack Licenses: 
2026-01-22 11:05:31,886 [INFO] AnalyticsPlugin:257 - Accepted Firmware Licenses: FW.F4.1.28.0,FW.H7.1.11.0
2026-01-22 11:05:31,889 [INFO] PluginManage:359 - Loaded plugin analytics (category:tool,tabindex:-1)
2026-01-22 11:05:31,889 [INFO] PluginManage:310 - Check plugin cadmodel
2026-01-22 11:05:31,905 [INFO] CADModel:105 - Init CAD model plugin
2026-01-22 11:05:31,906 [INFO] PluginManage:359 - Loaded plugin cadmodel (category:power,tabindex:5)
2026-01-22 11:05:31,906 [INFO] PluginManage:310 - Check plugin clock
2026-01-22 11:05:31,923 [INFO] PluginManage:359 - Loaded plugin clock (category:base,tabindex:2)
2026-01-22 11:05:31,924 [INFO] PluginManage:310 - Check plugin ddr
2026-01-22 11:05:31,926 [INFO] PluginManage:359 - Loaded plugin ddr (category:tool,tabindex:6)
2026-01-22 11:05:31,926 [INFO] PluginManage:310 - Check plugin filemanager
2026-01-22 11:05:32,028 [INFO] PluginManage:359 - Loaded plugin filemanager (category:base,tabindex:10)
2026-01-22 11:05:32,028 [INFO] PluginManage:310 - Check plugin ipmanager
2026-01-22 11:05:32,034 [INFO] PluginManage:359 - Loaded plugin ipmanager (category:base,tabindex:5)
2026-01-22 11:05:32,034 [INFO] PluginManage:310 - Check plugin lpbam
2026-01-22 11:05:32,050 [INFO] PluginManage:359 - Loaded plugin lpbam (category:base,tabindex:0)
2026-01-22 11:05:32,050 [INFO] PluginManage:310 - Check plugin memorymap
2026-01-22 11:05:32,070 [INFO] PluginManage:359 - Loaded plugin memorymap (category:base,tabindex:4)
2026-01-22 11:05:32,070 [INFO] PluginManage:310 - Check plugin pinoutandconfiguration
2026-01-22 11:05:32,088 [INFO] PluginManage:359 - Loaded plugin pinoutandconfiguration (category:base,tabindex:1)
2026-01-22 11:05:32,088 [INFO] PluginManage:310 - Check plugin pinoutconfig
2026-01-22 11:05:32,158 [WARN] SupportedApi:132 - Cannot load RTOS API schema: s4s-elt-must-match.1: The content of 'definitions' must match (annotation?, (simpleType | complexType)?, (unique | key | keyref)*)). A problem was found starting at: attribute.
2026-01-22 11:05:32,248 [INFO] PluginManage:359 - Loaded plugin pinoutconfig (category:base,tabindex:0)
2026-01-22 11:05:32,248 [INFO] PluginManage:310 - Check plugin power
2026-01-22 11:05:32,266 [INFO] PluginManage:359 - Loaded plugin power (category:power,tabindex:4)
2026-01-22 11:05:32,267 [INFO] PluginManage:310 - Check plugin projectmanager
2026-01-22 11:05:32,277 [INFO] PluginManage:359 - Loaded plugin projectmanager (category:projectmanager,tabindex:4)
2026-01-22 11:05:32,277 [INFO] PluginManage:310 - Check plugin rif
2026-01-22 11:05:32,291 [INFO] PluginManage:359 - Loaded plugin rif (category:base,tabindex:3)
2026-01-22 11:05:32,291 [INFO] PluginManage:310 - Check plugin thirdparty
2026-01-22 11:05:32,543 [INFO] PluginManage:359 - Loaded plugin thirdparty (category:base,tabindex:-1)
2026-01-22 11:05:32,543 [WARN] IntegrityCheckThread:84 - waiting for thirdparty lock release [integrity check]
2026-01-22 11:05:32,544 [INFO] IntegrityCheckThread:86 - entering critical section [integrity check]
2026-01-22 11:05:32,544 [INFO] PluginManage:310 - Check plugin tools
2026-01-22 11:05:32,544 [INFO] ThirdPartyUpdaterWithRetryManager:70 - Updater plugin not ready yet. [1/15]
2026-01-22 11:05:32,579 [INFO] PluginManage:359 - Loaded plugin tools (category:base,tabindex:7)
2026-01-22 11:05:32,580 [INFO] PluginManage:310 - Check plugin tutovideos
2026-01-22 11:05:32,721 [INFO] PluginManage:359 - Loaded plugin tutovideos (category:base,tabindex:-1)
2026-01-22 11:05:32,722 [INFO] PluginManage:310 - Check plugin updater
2026-01-22 11:05:32,734 [INFO] PluginManage:359 - Loaded plugin updater (category:base,tabindex:12)
2026-01-22 11:05:32,734 [INFO] PluginManage:310 - Check plugin userauth
2026-01-22 11:05:32,739 [INFO] UserAuth:113 - Init User Auth plugin
2026-01-22 11:05:32,739 [INFO] PluginManage:359 - Loaded plugin userauth (category:base,tabindex:14)
2026-01-22 11:05:32,739 [INFO] PluginManage:283 - PluginManage : Loaded plugins [18]
2026-01-22 11:05:32,892 [INFO] PinOutPanel:1561 - setPackage(No Configuration,No Configuration)
2026-01-22 11:05:32,955 [INFO] CADModel:165 - CPN selected for project level
2026-01-22 11:05:32,955 [INFO] CADModel:114 - Register for checkConnection events
2026-01-22 11:05:32,983 [INFO] IPUIPlugin:80 - create IPUIPlugin
2026-01-22 11:05:32,983 [INFO] PluginManager:220 - loadIPPluginJar : add adc
2026-01-22 11:05:33,018 [INFO] IPUIPlugin:80 - create IPUIPlugin
2026-01-22 11:05:33,019 [INFO] PluginManager:220 - loadIPPluginJar : add aes
2026-01-22 11:05:33,054 [INFO] IPUIPlugin:80 - create IPUIPlugin
2026-01-22 11:05:33,054 [INFO] PluginManager:220 - loadIPPluginJar : add can
2026-01-22 11:05:33,077 [INFO] IPUIPlugin:80 - create IPUIPlugin
2026-01-22 11:05:33,077 [INFO] PluginManager:220 - loadIPPluginJar : add comp
2026-01-22 11:05:33,107 [INFO] IPUIPlugin:80 - create IPUIPlugin
2026-01-22 11:05:33,107 [INFO] PluginManager:220 - loadIPPluginJar : add cryp
2026-01-22 11:05:33,121 [INFO] IPUIPlugin:80 - create IPUIPlugin
2026-01-22 11:05:33,121 [INFO] PluginManager:220 - loadIPPluginJar : add ddr_ctrl_phy
2026-01-22 11:05:33,150 [INFO] IPUIPlugin:80 - create IPUIPlugin
2026-01-22 11:05:33,150 [INFO] PluginManager:220 - loadIPPluginJar : add dfsdm
2026-01-22 11:05:33,163 [INFO] IPUIPlugin:80 - create IPUIPlugin
2026-01-22 11:05:33,164 [INFO] PluginManager:220 - loadIPPluginJar : add dma
2026-01-22 11:05:33,203 [INFO] IPUIPlugin:80 - create IPUIPlugin
2026-01-22 11:05:33,203 [INFO] PluginManager:220 - loadIPPluginJar : add dma3
2026-01-22 11:05:33,245 [INFO] IPUIPlugin:80 - create IPUIPlugin
2026-01-22 11:05:33,245 [INFO] PluginManager:220 - loadIPPluginJar : add extmemmanager
2026-01-22 11:05:33,264 [INFO] IPUIPlugin:80 - create IPUIPlugin
2026-01-22 11:05:33,264 [INFO] PluginManager:220 - loadIPPluginJar : add fatfs
2026-01-22 11:05:33,303 [INFO] IPUIPlugin:80 - create IPUIPlugin
2026-01-22 11:05:33,303 [INFO] PluginManager:220 - loadIPPluginJar : add fmc
2026-01-22 11:05:33,316 [INFO] IPUIPlugin:80 - create IPUIPlugin
2026-01-22 11:05:33,316 [INFO] PluginManager:220 - loadIPPluginJar : add freertos
2026-01-22 11:05:33,334 [INFO] IPUIPlugin:80 - create IPUIPlugin
2026-01-22 11:05:33,334 [INFO] PluginManager:220 - loadIPPluginJar : add genericplugin
2026-01-22 11:05:33,418 [INFO] IPUIPlugin:80 - create IPUIPlugin
2026-01-22 11:05:33,418 [INFO] PluginManager:220 - loadIPPluginJar : add gfxmmu
2026-01-22 11:05:33,553 [INFO] IPUIPlugin:80 - create IPUIPlugin
2026-01-22 11:05:33,553 [INFO] PluginManager:220 - loadIPPluginJar : add gic
2026-01-22 11:05:33,577 [INFO] IPUIPlugin:80 - create IPUIPlugin
2026-01-22 11:05:33,577 [INFO] PluginManager:220 - loadIPPluginJar : add gpio
2026-01-22 11:05:33,661 [INFO] IPUIPlugin:80 - create IPUIPlugin
2026-01-22 11:05:33,661 [INFO] PluginManager:220 - loadIPPluginJar : add gtzc
2026-01-22 11:05:33,702 [INFO] IPUIPlugin:80 - create IPUIPlugin
2026-01-22 11:05:33,702 [INFO] PluginManager:220 - loadIPPluginJar : add hash
2026-01-22 11:05:33,748 [INFO] IPUIPlugin:80 - create IPUIPlugin
2026-01-22 11:05:33,748 [INFO] PluginManager:220 - loadIPPluginJar : add i2c
2026-01-22 11:05:33,783 [INFO] IPUIPlugin:80 - create IPUIPlugin
2026-01-22 11:05:33,784 [INFO] PluginManager:220 - loadIPPluginJar : add i2s
2026-01-22 11:05:33,816 [INFO] IPUIPlugin:80 - create IPUIPlugin
2026-01-22 11:05:33,817 [INFO] PluginManager:220 - loadIPPluginJar : add i3c
2026-01-22 11:05:33,909 [INFO] IPUIPlugin:80 - create IPUIPlugin
2026-01-22 11:05:33,909 [INFO] PluginManager:220 - loadIPPluginJar : add ipddr
2026-01-22 11:05:33,997 [INFO] IPUIPlugin:80 - create IPUIPlugin
2026-01-22 11:05:33,997 [INFO] PluginManager:220 - loadIPPluginJar : add linkedlist
2026-01-22 11:05:34,031 [INFO] IPUIPlugin:80 - create IPUIPlugin
2026-01-22 11:05:34,031 [INFO] PluginManager:220 - loadIPPluginJar : add lorawan
2026-01-22 11:05:34,066 [INFO] IPUIPlugin:80 - create IPUIPlugin
2026-01-22 11:05:34,066 [INFO] PluginManager:220 - loadIPPluginJar : add ltdc
2026-01-22 11:05:34,080 [INFO] IPUIPlugin:80 - create IPUIPlugin
2026-01-22 11:05:34,080 [INFO] PluginManager:220 - loadIPPluginJar : add mdma
2026-01-22 11:05:34,093 [INFO] IPUIPlugin:80 - create IPUIPlugin
2026-01-22 11:05:34,093 [INFO] PluginManager:220 - loadIPPluginJar : add nvic
2026-01-22 11:05:34,126 [INFO] IPUIPlugin:80 - create IPUIPlugin
2026-01-22 11:05:34,126 [INFO] PluginManager:220 - loadIPPluginJar : add opamp
2026-01-22 11:05:34,180 [INFO] IPUIPlugin:80 - create IPUIPlugin
2026-01-22 11:05:34,180 [INFO] PluginManager:220 - loadIPPluginJar : add openamp
2026-01-22 11:05:34,220 [INFO] IPUIPlugin:80 - create IPUIPlugin
2026-01-22 11:05:34,221 [INFO] PluginManager:220 - loadIPPluginJar : add pdm2pcm
2026-01-22 11:05:34,234 [INFO] IPUIPlugin:80 - create IPUIPlugin
2026-01-22 11:05:34,235 [INFO] PluginManager:220 - loadIPPluginJar : add plateformsettings
2026-01-22 11:05:34,260 [INFO] IPUIPlugin:80 - create IPUIPlugin
2026-01-22 11:05:34,260 [INFO] PluginManager:220 - loadIPPluginJar : add quadspi
2026-01-22 11:05:34,285 [INFO] IPUIPlugin:80 - create IPUIPlugin
2026-01-22 11:05:34,285 [INFO] PluginManager:220 - loadIPPluginJar : add radio
2026-01-22 11:05:34,300 [INFO] IPUIPlugin:80 - create IPUIPlugin
2026-01-22 11:05:34,300 [INFO] PluginManager:220 - loadIPPluginJar : add resmgrutility
2026-01-22 11:05:34,341 [INFO] IPUIPlugin:80 - create IPUIPlugin
2026-01-22 11:05:34,341 [INFO] PluginManager:220 - loadIPPluginJar : add sai
2026-01-22 11:05:34,376 [INFO] IPUIPlugin:80 - create IPUIPlugin
2026-01-22 11:05:34,376 [INFO] PluginManager:220 - loadIPPluginJar : add spi
2026-01-22 11:05:34,432 [INFO] IPUIPlugin:80 - create IPUIPlugin
2026-01-22 11:05:34,432 [INFO] PluginManager:220 - loadIPPluginJar : add stm32_wpan
2026-01-22 11:05:34,456 [INFO] IPUIPlugin:80 - create IPUIPlugin
2026-01-22 11:05:34,456 [INFO] PluginManager:220 - loadIPPluginJar : add tim
2026-01-22 11:05:34,508 [INFO] IPUIPlugin:80 - create IPUIPlugin
2026-01-22 11:05:34,508 [INFO] PluginManager:220 - loadIPPluginJar : add touchsensing
2026-01-22 11:05:34,531 [INFO] IPUIPlugin:80 - create IPUIPlugin
2026-01-22 11:05:34,531 [INFO] PluginManager:220 - loadIPPluginJar : add tracer_emb
2026-01-22 11:05:34,556 [INFO] IPUIPlugin:80 - create IPUIPlugin
2026-01-22 11:05:34,556 [INFO] PluginManager:220 - loadIPPluginJar : add ts
2026-01-22 11:05:34,580 [INFO] IPUIPlugin:80 - create IPUIPlugin
2026-01-22 11:05:34,580 [INFO] PluginManager:220 - loadIPPluginJar : add tsc
2026-01-22 11:05:34,602 [INFO] IPUIPlugin:80 - create IPUIPlugin
2026-01-22 11:05:34,602 [INFO] PluginManager:220 - loadIPPluginJar : add ucpd
2026-01-22 11:05:34,643 [INFO] IPUIPlugin:80 - create IPUIPlugin
2026-01-22 11:05:34,643 [INFO] PluginManager:220 - loadIPPluginJar : add usart
2026-01-22 11:05:34,678 [INFO] IPUIPlugin:80 - create IPUIPlugin
2026-01-22 11:05:34,678 [INFO] PluginManager:220 - loadIPPluginJar : add usbx
2026-01-22 11:05:34,783 [INFO] CADModel:165 - CPN selected for project level
2026-01-22 11:05:34,784 [INFO] CADModel:114 - Register for checkConnection events
2026-01-22 11:05:34,784 [FATAL] Updater:334 - Updater called before beeing initialized
2026-01-22 11:05:34,784 [ERROR] CADModel:125 - Updater not yet initialized, retry later 
2026-01-22 11:05:34,885 [INFO] CADModel:165 - CPN selected for project level
2026-01-22 11:05:34,885 [INFO] CADModel:114 - Register for checkConnection events
2026-01-22 11:05:34,885 [FATAL] Updater:334 - Updater called before beeing initialized
2026-01-22 11:05:34,885 [ERROR] CADModel:125 - Updater not yet initialized, retry later 
2026-01-22 11:05:34,888 [FATAL] Updater:334 - Updater called before beeing initialized
2026-01-22 11:05:34,963 [FATAL] Updater:334 - Updater called before beeing initialized
2026-01-22 11:05:34,974 [INFO] DbMcusAds:53 - JSON generation date=Mon Dec 15 15:11:46 PST 2025 (1765840306612)
2026-01-22 11:05:34,974 [FATAL] Updater:334 - Updater called before beeing initialized
2026-01-22 11:05:34,999 [WARN] DetailPanel:346 - Failed to get advertising image, set to default
2026-01-22 11:05:35,074 [FATAL] Updater:334 - Updater called before beeing initialized
2026-01-22 11:05:35,076 [FATAL] Updater:334 - Updater called before beeing initialized
2026-01-22 11:05:35,076 [FATAL] Updater:334 - Updater called before beeing initialized
2026-01-22 11:05:35,076 [WARN] DetailPanel:346 - Failed to get advertising image, set to default
2026-01-22 11:05:35,077 [FATAL] Updater:334 - Updater called before beeing initialized
2026-01-22 11:05:35,123 [ERROR] Updater:1164 - MainUpdater not yet initialized. External WinMGr cannot be set.
2026-01-22 11:05:35,132 [INFO] Updater:1100 - Updater Version found : 6.12.0
2026-01-22 11:05:35,142 [INFO] ApplicationProperties:184 - Using Application install path: C:\ST\STM32CubeIDE_1.16.0\STM32CubeIDE\plugins\com.st.stm32cube.common.mx_6.12.0.202406281431
2026-01-22 11:05:35,545 [INFO] ThirdPartyUpdaterWithRetryManager:70 - Updater plugin not ready yet. [2/15]
2026-01-22 11:05:36,727 [ERROR] LogOutputStream:75 - [STDERR_REDIRECT] Jan 22, 2026 11:05:36 AM java.util.prefs.WindowsPreferences <init>
2026-01-22 11:05:36,728 [ERROR] LogOutputStream:75 - [STDERR_REDIRECT] WARNING: Could not open/create prefs root node Software\JavaSoft\Prefs at root 0xffffffff80000002. Windows RegCreateKeyEx(...) returned error code 5.
2026-01-22 11:05:36,728 [ERROR] LogOutputStream:75 - [STDERR_REDIRECT] 
2026-01-22 11:05:37,090 [INFO] MainUpdater:2873 - connection check result : 10
2026-01-22 11:05:37,091 [INFO] MainUpdater:3567 - Updater definition file requires update
2026-01-22 11:05:37,091 [INFO] MainUpdater:290 - Updater Check For Update Now.
2026-01-22 11:05:37,091 [INFO] MicroXplorer:498 - Change Database Version : DB.6.0.120
2026-01-22 11:05:37,111 [INFO] McuFinderGlobals:63 - Set McuFinder mode to 2 (CubeIDE integrated)
2026-01-22 11:05:37,111 [INFO] UserAuth:179 - activating auth plugin
2026-01-22 11:05:37,113 [INFO] UserAuth:417 - Internet connection configuration mode: 1
2026-01-22 11:05:37,135 [INFO] JxBrowserEngine:152 - Initiate JxBrowser Engine with user profile folder
2026-01-22 11:05:37,140 [INFO] ServerAccessManage:473 - Download File updaters.zip
2026-01-22 11:05:37,245 [INFO] FileExtend:240 - Unzip File : updaters.zip
2026-01-22 11:05:37,246 [INFO] FileExtend:255 - Standard Zip Deflate
2026-01-22 11:05:37,812 [INFO] ServerAccessManage:473 - Download File PacksControlFlags.xml
2026-01-22 11:05:37,944 [INFO] ServerAccessManage:473 - Download File cubemx.pidx
2026-01-22 11:05:38,494 [INFO] ServerAccessManage:473 - Download File STMicroelectronics.X-CUBE-FREERTOS.pdsc
2026-01-22 11:05:38,546 [WARN] MainUpdater:1194 - Updater busy. Cannot search thirdparties
2026-01-22 11:05:38,546 [INFO] ThirdPartyUpdaterWithRetryManager:96 - Updater plugin is busy. [1/15]
2026-01-22 11:05:39,006 [INFO] ServerAccessManage:473 - Download File STMicroelectronics.X-CUBE-NFC6.pdsc
2026-01-22 11:05:39,261 [INFO] ServerAccessManage:473 - Download File STMicroelectronics.X-CUBE-STSE01.pdsc
2026-01-22 11:05:41,240 [INFO] McuFinderGlobals:63 - Set McuFinder mode to 2 (CubeIDE integrated)
2026-01-22 11:05:41,381 [INFO] WebApp:167 - Instantiating new browser for Auth
2026-01-22 11:05:41,448 [WARN] PopulateThirdPartyThread:106 - Error when creating pack: C:/Users/brady/.stm32cubemx/thirdparties/pdsc/STMicroelectronics.X-CUBE-FREERTOS.pdsc
2026-01-22 11:05:41,510 [WARN] PackLoader:240 - Cannot read IP mode file for STMicroelectronics.X-CUBE-NFC6.3.2.0
2026-01-22 11:05:41,522 [WARN] PackLoader:240 - Cannot read IP mode file for STMicroelectronics.X-CUBE-STSE01.2.0.0
2026-01-22 11:05:41,524 [INFO] PopulateThirdPartyThread:66 - Ending populate Thread
2026-01-22 11:05:41,526 [INFO] ThirdParty:1030 - CMSIS Pack Vendor :STMicroelectronics X-CUBE-STSE01 2.0.0
2026-01-22 11:05:41,526 [INFO] ThirdParty:1030 - CMSIS Pack Vendor :STMicroelectronics X-CUBE-NFC6 3.2.0
2026-01-22 11:05:41,526 [INFO] LoadServerUpdatesThread:375 - End of LoadServerUpdate Thread
2026-01-22 11:05:41,548 [WARN] MainUpdater:1194 - Updater busy. Cannot search thirdparties
2026-01-22 11:05:41,548 [INFO] ThirdPartyUpdaterWithRetryManager:96 - Updater plugin is busy. [2/15]
2026-01-22 11:05:41,608 [INFO] CheckServerUpdateThread:120 - End of CheckServer Thread
2026-01-22 11:05:41,673 [INFO] MainUpdater:2873 - connection check result : 10
2026-01-22 11:05:41,681 [INFO] MainUpdater:2873 - connection check result : 10
2026-01-22 11:05:41,848 [INFO] RulesReader:64 - Compatibility file has been processed (297 Rules)
2026-01-22 11:05:41,855 [INFO] RulesReader:64 - Compatibility file has been processed (297 Rules)
2026-01-22 11:05:41,864 [INFO] MicroXplorer:468 - Change Database Path : 
2026-01-22 11:05:41,864 [INFO] MicroXplorer:498 - Change Database Version : DB.6.0.120
2026-01-22 11:05:41,891 [WARN] ThirdParty:871 - waiting for thirdparty lock release [close project]
2026-01-22 11:05:42,198 [INFO] WebApp:448 - Apply proxy settings
2026-01-22 11:05:42,198 [INFO] WebApp:533 - Chromium requires no authentication
2026-01-22 11:05:42,205 [INFO] WebApp:476 - Direct internet connection detected
2026-01-22 11:05:42,221 [INFO] WebApp:869 - Register for checkConnection events
2026-01-22 11:05:42,221 [INFO] WebApp:448 - Apply proxy settings
2026-01-22 11:05:42,221 [INFO] WebApp:533 - Chromium requires no authentication
2026-01-22 11:05:42,222 [INFO] WebApp:476 - Direct internet connection detected
2026-01-22 11:05:42,336 [INFO] WebApp:186 - Connection restablished
2026-01-22 11:05:42,352 [INFO] WebApp:220 - Starting web application
2026-01-22 11:05:42,352 [INFO] WebApp:578 - Web application path used C:\ST\STM32CubeIDE_1.16.0\STM32CubeIDE\plugins\com.st.stm32cube.common.mx_6.12.0.202406281431\db\plugins\mcufinder\reactClient1\index.html
2026-01-22 11:05:44,741 [WARN] PackLoader:240 - Cannot read IP mode file for STMicroelectronics.FP-SNS-MOTENVWB1.1.4.0
2026-01-22 11:05:44,745 [WARN] PackLoader:240 - Cannot read IP mode file for STMicroelectronics.FP-ATR-ASTRA1.2.0.2
2026-01-22 11:05:44,757 [WARN] PackLoader:240 - Cannot read IP mode file for STMicroelectronics.FP-ATR-ASTRA1.2.0.1
2026-01-22 11:05:44,770 [WARN] PackLoader:240 - Cannot read IP mode file for STMicroelectronics.X-CUBE-SMBUS.2.1.0
2026-01-22 11:05:44,784 [WARN] PackLoader:240 - Cannot read IP mode file for STMicroelectronics.X-CUBE-WB05N.1.1.0
2026-01-22 11:05:44,793 [ERROR] Engine:466 - C:\Users\brady\.stm32cubemx\thirdparties\pdsc\STMicroelectronics.X-CUBE-ST60.1.0.0.pdsc: PDSC version is not supported
2026-01-22 11:05:44,814 [WARN] PackLoader:240 - Cannot read IP mode file for STMicroelectronics.X-CUBE-AZRTOS-F7.1.1.0
2026-01-22 11:05:44,850 [WARN] PackLoader:240 - Cannot read IP mode file for STMicroelectronics.X-CUBE-MEMS1.11.0.0
2026-01-22 11:05:44,942 [ERROR] Engine:466 - C:\Users\brady\.stm32cubemx\thirdparties\pdsc\STMicroelectronics.FP-SNS-MOTENV1.5.1.0.pdsc: PDSC version is not supported
2026-01-22 11:05:44,956 [WARN] PackLoader:240 - Cannot read IP mode file for STMicroelectronics.FP-SNS-FLIGHT1.5.0.2
2026-01-22 11:05:44,983 [WARN] PackLoader:240 - Cannot read IP mode file for STMicroelectronics.X-CUBE-AZRTOS-H7.3.4.0
2026-01-22 11:05:45,001 [WARN] PackLoader:240 - Cannot read IP mode file for STMicroelectronics.X-CUBE-DISPLAY.3.0.0
2026-01-22 11:05:45,015 [WARN] PackLoader:240 - Cannot read IP mode file for STMicroelectronics.X-CUBE-BLE1.7.0.0
2026-01-22 11:05:45,029 [WARN] PackLoader:240 - Cannot read IP mode file for STMicroelectronics.X-CUBE-NFC10.1.0.0
2026-01-22 11:05:45,048 [WARN] PackLoader:240 - Cannot read IP mode file for STMicroelectronics.X-CUBE-BLEMGR.4.0.0
2026-01-22 11:05:45,062 [ERROR] Engine:466 - C:\Users\brady\.stm32cubemx\thirdparties\pdsc\STMicroelectronics.X-CUBE-ST60.1.1.0.pdsc: PDSC version is not supported
2026-01-22 11:05:45,077 [WARN] PackLoader:240 - Cannot read IP mode file for emotas.I-CUBE-CANOPEN.1.3.0
2026-01-22 11:05:45,092 [WARN] PackLoader:240 - Cannot read IP mode file for STMicroelectronics.X-CUBE-GNSS1.7.1.0
2026-01-22 11:05:45,108 [WARN] PackLoader:240 - Cannot read IP mode file for STMicroelectronics.X-CUBE-BLEMGR.3.1.0
2026-01-22 11:05:45,122 [WARN] PackLoader:240 - Cannot read IP mode file for STMicroelectronics.X-CUBE-AI.10.0.0
2026-01-22 11:05:45,135 [ERROR] Engine:466 - C:\Users\brady\.stm32cubemx\thirdparties\pdsc\STMicroelectronics.FP-SNS-STBOX1.2.1.0.pdsc: PDSC version is not supported
2026-01-22 11:05:45,149 [WARN] PackLoader:240 - Cannot read IP mode file for STMicroelectronics.FP-SNS-SMARTAG2.1.2.0
2026-01-22 11:05:45,152 [ERROR] Engine:466 - C:\Users\brady\.stm32cubemx\thirdparties\pdsc\STMicroelectronics.FP-SNS-FLIGHT1.5.1.0.pdsc: PDSC version is not supported
2026-01-22 11:05:45,204 [WARN] PackLoader:240 - Cannot read IP mode file for STMicroelectronics.X-CUBE-MEMS1.11.1.0
2026-01-22 11:05:45,290 [INFO] LogOutputStream:77 - [STDOUT_REDIRECT] 1 : Invalid condition id : UX_CORESTACK_Condition cause : null
2026-01-22 11:05:45,291 [INFO] LogOutputStream:77 - [STDOUT_REDIRECT] 1 : Invalid condition id : UX_CORESTACK_Condition cause : null
2026-01-22 11:05:45,292 [INFO] LogOutputStream:77 - [STDOUT_REDIRECT] 1 : Invalid condition id : UX_CORESTACK_Condition cause : null
2026-01-22 11:05:45,292 [INFO] LogOutputStream:77 - [STDOUT_REDIRECT] 1 : Invalid condition id : UX_CORESTACK_Condition cause : null
2026-01-22 11:05:45,293 [INFO] LogOutputStream:77 - [STDOUT_REDIRECT] 1 : Invalid condition id : UX_CORESTACK_Condition cause : null
2026-01-22 11:05:45,297 [WARN] PackLoader:240 - Cannot read IP mode file for STMicroelectronics.X-CUBE-AZRTOS-WL.2.0.0
2026-01-22 11:05:45,311 [WARN] PackLoader:240 - Cannot read IP mode file for STMicroelectronics.FP-SNS-MOTENV1.5.0.0
2026-01-22 11:05:45,336 [WARN] PackLoader:240 - Cannot read IP mode file for STMicroelectronics.X-CUBE-AZRTOS-H7RS.1.2.0
2026-01-22 11:05:45,345 [WARN] PackLoader:240 - Cannot read IP mode file for wolfSSL.I-CUBE-wolfMQTT.1.19.0
2026-01-22 11:05:45,361 [WARN] PackLoader:240 - Cannot read IP mode file for WES.I-CUBE-Cesium.1.3.0
2026-01-22 11:05:45,376 [WARN] PackLoader:240 - Cannot read IP mode file for STMicroelectronics.X-CUBE-BLE2.3.3.0
2026-01-22 11:05:45,380 [ERROR] Engine:466 - C:\Users\brady\.stm32cubemx\thirdparties\pdsc\Avnet-IOTCONNECT.X-CUBE-iotc-st67-sdk.1.0.0.pdsc: PDSC version is not supported
2026-01-22 11:05:45,395 [WARN] PackLoader:240 - Cannot read IP mode file for STMicroelectronics.X-CUBE-NFC9.1.0.0
2026-01-22 11:05:45,409 [WARN] PackLoader:240 - Cannot read IP mode file for STMicroelectronics.X-CUBE-BLE1.7.1.0
2026-01-22 11:05:45,422 [WARN] PackLoader:240 - Cannot read IP mode file for STMicroelectronics.X-CUBE-TCPP.4.1.0
2026-01-22 11:05:45,424 [ERROR] Engine:466 - C:\Users\brady\.stm32cubemx\thirdparties\pdsc\STMicroelectronics.X-CUBE-FREERTOS.1.4.0.pdsc: PDSC version is not supported
2026-01-22 11:05:45,437 [WARN] PackLoader:240 - Cannot read IP mode file for STMicroelectronics.X-CUBE-EEPRMA1.5.2.0
2026-01-22 11:05:45,449 [ERROR] Engine:466 - C:\Users\brady\.stm32cubemx\thirdparties\pdsc\STMicroelectronics.X-CUBE-ST67W61.1.1.0.pdsc: PDSC version is not supported
2026-01-22 11:05:45,461 [WARN] PackLoader:240 - Cannot read IP mode file for STMicroelectronics.X-CUBE-AI.10.1.0
2026-01-22 11:05:45,495 [WARN] PackLoader:240 - Cannot read IP mode file for STMicroelectronics.X-CUBE-MEMS1.12.0.0
2026-01-22 11:05:45,560 [WARN] PackLoader:240 - Cannot read IP mode file for STMicroelectronics.X-CUBE-MEMS1.11.2.0
2026-01-22 11:05:45,644 [WARN] PackLoader:240 - Cannot read IP mode file for STMicroelectronics.X-CUBE-AZRTOS-G0.1.1.0
2026-01-22 11:05:45,664 [WARN] PackLoader:240 - Cannot read IP mode file for STMicroelectronics.X-CUBE-SAFEA1.1.2.2
2026-01-22 11:05:45,680 [WARN] PackLoader:240 - Cannot read IP mode file for STMicroelectronics.X-CUBE-NFC4.3.0.0
2026-01-22 11:05:45,698 [WARN] PackLoader:240 - Cannot read IP mode file for EmbeddedOffice.I-CUBE-FS-RTOS.1.0.1
2026-01-22 11:05:45,699 [ERROR] ConditionMgr:805 - Attr not supported : Dmpu
2026-01-22 11:05:45,699 [ERROR] ConditionMgr:805 - Attr not supported : Dmpu
2026-01-22 11:05:45,699 [ERROR] ConditionMgr:805 - Attr not supported : Dmpu
2026-01-22 11:05:45,699 [ERROR] ConditionMgr:805 - Attr not supported : Dmpu
2026-01-22 11:05:45,699 [ERROR] ConditionMgr:805 - Attr not supported : Dmpu
2026-01-22 11:05:45,699 [ERROR] ConditionMgr:805 - Attr not supported : Dmpu
2026-01-22 11:05:45,699 [ERROR] ConditionMgr:805 - Attr not supported : Dmpu
2026-01-22 11:05:45,699 [ERROR] ConditionMgr:805 - Attr not supported : Dmpu
2026-01-22 11:05:45,699 [ERROR] ConditionMgr:805 - Attr not supported : Dmpu
2026-01-22 11:05:45,699 [ERROR] ConditionMgr:805 - Attr not supported : Dmpu
2026-01-22 11:05:45,699 [ERROR] ConditionMgr:805 - Attr not supported : Dmpu
2026-01-22 11:05:45,699 [ERROR] ConditionMgr:805 - Attr not supported : Dmpu
2026-01-22 11:05:45,699 [ERROR] ConditionMgr:805 - Attr not supported : Dmpu
2026-01-22 11:05:45,699 [ERROR] ConditionMgr:805 - Attr not supported : Dmpu
2026-01-22 11:05:45,699 [ERROR] ConditionMgr:805 - Attr not supported : Dmpu
2026-01-22 11:05:45,699 [ERROR] ConditionMgr:805 - Attr not supported : Dmpu
2026-01-22 11:05:45,699 [ERROR] ConditionMgr:805 - Attr not supported : Dmpu
2026-01-22 11:05:45,699 [ERROR] ConditionMgr:805 - Attr not supported : Dmpu
2026-01-22 11:05:45,700 [ERROR] ConditionMgr:805 - Attr not supported : Dmpu
2026-01-22 11:05:45,700 [ERROR] ConditionMgr:805 - Attr not supported : Dmpu
2026-01-22 11:05:45,700 [ERROR] ConditionMgr:805 - Attr not supported : Dmpu
2026-01-22 11:05:45,700 [ERROR] ConditionMgr:805 - Attr not supported : Dmpu
2026-01-22 11:05:45,700 [ERROR] ConditionMgr:805 - Attr not supported : Dmpu
2026-01-22 11:05:45,700 [ERROR] ConditionMgr:805 - Attr not supported : Dmpu
2026-01-22 11:05:45,700 [ERROR] ConditionMgr:805 - Attr not supported : Dmpu
2026-01-22 11:05:45,700 [ERROR] ConditionMgr:805 - Attr not supported : Dmpu
2026-01-22 11:05:45,700 [ERROR] ConditionMgr:805 - Attr not supported : Dmpu
2026-01-22 11:05:45,700 [ERROR] ConditionMgr:805 - Attr not supported : Dmpu
2026-01-22 11:05:45,700 [ERROR] ConditionMgr:805 - Attr not supported : Dmpu
2026-01-22 11:05:45,700 [ERROR] ConditionMgr:805 - Attr not supported : Dmpu
2026-01-22 11:05:45,700 [ERROR] ConditionMgr:805 - Attr not supported : Dmpu
2026-01-22 11:05:45,700 [ERROR] ConditionMgr:805 - Attr not supported : Dmpu
2026-01-22 11:05:45,700 [ERROR] ConditionMgr:805 - Attr not supported : Dmpu
2026-01-22 11:05:45,700 [ERROR] ConditionMgr:805 - Attr not supported : Dmpu
2026-01-22 11:05:45,700 [ERROR] ConditionMgr:805 - Attr not supported : Dmpu
2026-01-22 11:05:45,700 [ERROR] ConditionMgr:805 - Attr not supported : Dmpu
2026-01-22 11:05:45,700 [ERROR] ConditionMgr:805 - Attr not supported : Dmpu
2026-01-22 11:05:45,701 [ERROR] ConditionMgr:805 - Attr not supported : Dmpu
2026-01-22 11:05:45,701 [ERROR] ConditionMgr:805 - Attr not supported : Dmpu
2026-01-22 11:05:45,701 [ERROR] ConditionMgr:805 - Attr not supported : Dmpu
2026-01-22 11:05:45,701 [ERROR] ConditionMgr:805 - Attr not supported : Dmpu
2026-01-22 11:05:45,701 [ERROR] ConditionMgr:805 - Attr not supported : Dmpu
2026-01-22 11:05:45,701 [ERROR] ConditionMgr:805 - Attr not supported : Dmpu
2026-01-22 11:05:45,701 [ERROR] ConditionMgr:805 - Attr not supported : Dmpu
2026-01-22 11:05:45,701 [ERROR] ConditionMgr:805 - Attr not supported : Dmpu
2026-01-22 11:05:45,701 [ERROR] ConditionMgr:805 - Attr not supported : Dmpu
2026-01-22 11:05:45,701 [ERROR] ConditionMgr:805 - Attr not supported : Dmpu
2026-01-22 11:05:45,701 [ERROR] ConditionMgr:805 - Attr not supported : Dmpu
2026-01-22 11:05:45,701 [ERROR] ConditionMgr:805 - Attr not supported : Dmpu
2026-01-22 11:05:45,701 [ERROR] ConditionMgr:805 - Attr not supported : Dmpu
2026-01-22 11:05:45,701 [ERROR] ConditionMgr:805 - Attr not supported : Dmpu
2026-01-22 11:05:45,701 [ERROR] ConditionMgr:805 - Attr not supported : Dmpu
2026-01-22 11:05:45,701 [ERROR] ConditionMgr:805 - Attr not supported : Dmpu
2026-01-22 11:05:45,701 [ERROR] ConditionMgr:805 - Attr not supported : Dmpu
2026-01-22 11:05:45,701 [ERROR] ConditionMgr:805 - Attr not supported : Dmpu
2026-01-22 11:05:45,701 [ERROR] ConditionMgr:805 - Attr not supported : Dmpu
2026-01-22 11:05:45,702 [ERROR] ConditionMgr:805 - Attr not supported : Dmpu
2026-01-22 11:05:45,702 [ERROR] ConditionMgr:805 - Attr not supported : Dmpu
2026-01-22 11:05:45,702 [ERROR] ConditionMgr:805 - Attr not supported : Dmpu
2026-01-22 11:05:45,702 [ERROR] ConditionMgr:805 - Attr not supported : Dmpu
2026-01-22 11:05:45,702 [ERROR] ConditionMgr:805 - Attr not supported : Dmpu
2026-01-22 11:05:45,702 [ERROR] ConditionMgr:805 - Attr not supported : Dmpu
2026-01-22 11:05:45,702 [ERROR] ConditionMgr:805 - Attr not supported : Dmpu
2026-01-22 11:05:45,702 [ERROR] ConditionMgr:805 - Attr not supported : Dmpu
2026-01-22 11:05:45,716 [WARN] PackLoader:240 - Cannot read IP mode file for STMicroelectronics.X-CUBE-WB05N.2.0.0
2026-01-22 11:05:45,730 [ERROR] Engine:466 - C:\Users\brady\.stm32cubemx\thirdparties\pdsc\STMicroelectronics.X-CUBE-TCPP.4.2.0.pdsc: PDSC version is not supported
2026-01-22 11:05:45,744 [WARN] PackLoader:240 - Cannot read IP mode file for RealThread.X-CUBE-RT-Thread_Nano.4.1.1
2026-01-22 11:05:45,749 [WARN] PackLoader:240 - Cannot read IP mode file for STMicroelectronics.FP-ATR-SIGFOX1.3.2.0
2026-01-22 11:05:45,761 [WARN] PackLoader:240 - Cannot read IP mode file for wolfSSL.I-CUBE-wolfSSL.5.7.2
2026-01-22 11:05:45,764 [WARN] ConditionMgr:438 - getConditionDescription Invalid condition id : Cortex-A Device cause : null
2026-01-22 11:05:45,790 [WARN] ConditionMgr:1039 - genDependencies : Invalid condition id : Cortex-A Device cause : null
2026-01-22 11:05:45,791 [WARN] ConditionMgr:1039 - genDependencies : Invalid condition id : Cortex-A Device cause : null
2026-01-22 11:05:45,791 [WARN] ConditionMgr:1039 - genDependencies : Invalid condition id : Cortex-A Device cause : null
2026-01-22 11:05:45,803 [WARN] PackLoader:240 - Cannot read IP mode file for STMicroelectronics.X-CUBE-EEPRMA1.5.1.0
2026-01-22 11:05:45,817 [WARN] PackLoader:240 - Cannot read IP mode file for ITTIA_DB.I-CUBE-ITTIADB.8.9.0
2026-01-22 11:05:45,820 [WARN] PackLoader:240 - Cannot read IP mode file for STMicroelectronics.X-CUBE-NFC6.3.2.0
2026-01-22 11:05:45,832 [ERROR] Engine:466 - C:\Users\brady\.stm32cubemx\thirdparties\pdsc\STMicroelectronics.X-CUBE-ST67W61.1.0.0.pdsc: PDSC version is not supported
2026-01-22 11:05:45,845 [WARN] PackLoader:240 - Cannot read IP mode file for STMicroelectronics.X-CUBE-AI.10.2.0
2026-01-22 11:05:45,868 [WARN] PackLoader:240 - Cannot read IP mode file for SEGGER.I-CUBE-embOS.1.3.1
2026-01-22 11:05:45,903 [WARN] PackLoader:240 - Cannot read IP mode file for STMicroelectronics.X-CUBE-ALGOBUILD.1.4.0
2026-01-22 11:05:45,934 [WARN] PackLoader:240 - Cannot read IP mode file for STMicroelectronics.X-CUBE-MEMS1.11.3.0
2026-01-22 11:05:46,007 [WARN] PackLoader:240 - Cannot read IP mode file for STMicroelectronics.X-CUBE-AI.9.1.0
2026-01-22 11:05:46,020 [WARN] PackLoader:240 - Cannot read IP mode file for STMicroelectronics.X-CUBE-PM33A1.1.0.0
2026-01-22 11:05:46,033 [WARN] PackLoader:240 - Cannot read IP mode file for STMicroelectronics.X-CUBE-GNSS1.6.0.0
2026-01-22 11:05:46,056 [WARN] PackLoader:240 - Cannot read IP mode file for STMicroelectronics.X-CUBE-AZRTOS-F4.1.1.0
2026-01-22 11:05:46,069 [ERROR] Engine:466 - C:\Users\brady\.stm32cubemx\thirdparties\pdsc\Avnet-IotConnect.X-CUBE-IoTC-DA16k-PMOD.1.0.0.pdsc: PDSC version is not supported
2026-01-22 11:05:46,082 [WARN] PackLoader:240 - Cannot read IP mode file for STMicroelectronics.X-CUBE-ISPU.2.1.0
2026-01-22 11:05:46,100 [ERROR] Engine:466 - C:\Users\brady\.stm32cubemx\thirdparties\pdsc\STMicroelectronics.X-CUBE-IPS.3.2.0.pdsc: PDSC version is not supported
2026-01-22 11:05:46,121 [WARN] PackLoader:240 - Cannot read IP mode file for STMicroelectronics.X-CUBE-FREERTOS.1.2.0
2026-01-22 11:05:46,140 [WARN] PackLoader:240 - Cannot read IP mode file for STMicroelectronics.X-CUBE-NFC12.1.0.0
2026-01-22 11:05:46,166 [WARN] PackLoader:240 - Cannot read IP mode file for STMicroelectronics.X-CUBE-AZRTOS-L5.2.0.0
2026-01-22 11:05:46,182 [WARN] PackLoader:240 - Cannot read IP mode file for STMicroelectronics.X-CUBE-NFC6.3.1.0
2026-01-22 11:05:46,197 [WARN] PackLoader:240 - Cannot read IP mode file for STMicroelectronics.X-CUBE-DPower.1.2.0
2026-01-22 11:05:46,209 [WARN] PackLoader:240 - Cannot read IP mode file for STMicroelectronics.X-CUBE-AI.9.0.0
2026-01-22 11:05:46,235 [WARN] PackLoader:240 - Cannot read IP mode file for STMicroelectronics.X-CUBE-FREERTOS.1.3.1
2026-01-22 11:05:46,248 [WARN] PackLoader:240 - Cannot read IP mode file for STMicroelectronics.X-CUBE-FREERTOS.1.3.0
2026-01-22 11:05:46,261 [WARN] PackLoader:240 - Cannot read IP mode file for STMicroelectronics.X-CUBE-NFC7.1.0.1
2026-01-22 11:05:46,274 [WARN] PackLoader:240 - Cannot read IP mode file for STMicroelectronics.X-CUBE-TOUCHGFX.4.26.0
2026-01-22 11:05:46,285 [ERROR] Engine:466 - C:\Users\brady\.stm32cubemx\thirdparties\pdsc\STMicroelectronics.FP-SNS-STAIOTCFT.1.0.0.pdsc: PDSC version is not supported
2026-01-22 11:05:46,298 [WARN] PackLoader:240 - Cannot read IP mode file for STMicroelectronics.X-CUBE-DPower.1.3.0
2026-01-22 11:05:46,319 [WARN] ConditionMgr:438 - getConditionDescription Invalid condition id : LAN8742 Phy interface Condition cause : null
2026-01-22 11:05:46,320 [WARN] PackLoader:240 - Cannot read IP mode file for STMicroelectronics.X-CUBE-AZRTOS-L4.2.0.0
2026-01-22 11:05:46,320 [WARN] ConditionMgr:1039 - genDependencies : Invalid condition id : LAN8742 Phy interface Condition cause : null
2026-01-22 11:05:46,320 [WARN] ConditionMgr:1039 - genDependencies : Invalid condition id : LAN8742 Phy interface Condition cause : null
2026-01-22 11:05:46,321 [WARN] ConditionMgr:1039 - genDependencies : Invalid condition id : LAN8742 Phy interface Condition cause : null
2026-01-22 11:05:46,334 [WARN] PackLoader:240 - Cannot read IP mode file for STMicroelectronics.X-CUBE-SFXS2LP1.4.0.0
2026-01-22 11:05:46,346 [ERROR] Engine:466 - C:\Users\brady\.stm32cubemx\thirdparties\pdsc\STMicroelectronics.X-CUBE-ST67W61.1.2.0.pdsc: PDSC version is not supported
2026-01-22 11:05:46,367 [WARN] PackLoader:240 - Cannot read IP mode file for STMicroelectronics.X-CUBE-AZRTOS-H7.3.3.0
2026-01-22 11:05:46,381 [ERROR] Engine:466 - C:\Users\brady\.stm32cubemx\thirdparties\pdsc\STMicroelectronics.X-CUBE-BLEMGR.4.1.0.pdsc: PDSC version is not supported
2026-01-22 11:05:46,403 [WARN] PackLoader:240 - Cannot read IP mode file for STMicroelectronics.X-CUBE-IPS.3.0.0
2026-01-22 11:05:46,422 [WARN] ConditionMgr:438 - getConditionDescription Invalid condition id : UX DEVICE CLASS RTOS Condition cause : null
2026-01-22 11:05:46,422 [WARN] ConditionMgr:438 - getConditionDescription Invalid condition id : UX DEVICE CLASS RTOS Condition cause : null
2026-01-22 11:05:46,423 [WARN] PackLoader:240 - Cannot read IP mode file for STMicroelectronics.X-CUBE-AZRTOS-WB.2.0.0
2026-01-22 11:05:46,423 [WARN] ConditionMgr:1039 - genDependencies : Invalid condition id : UX DEVICE CLASS RTOS Condition cause : null
2026-01-22 11:05:46,423 [WARN] ConditionMgr:1039 - genDependencies : Invalid condition id : UX DEVICE CLASS RTOS Condition cause : null
2026-01-22 11:05:46,424 [WARN] ConditionMgr:1039 - genDependencies : Invalid condition id : UX DEVICE CLASS RTOS Condition cause : null
2026-01-22 11:05:46,424 [WARN] ConditionMgr:1039 - genDependencies : Invalid condition id : UX DEVICE CLASS RTOS Condition cause : null
2026-01-22 11:05:46,424 [WARN] ConditionMgr:1039 - genDependencies : Invalid condition id : UX DEVICE CLASS RTOS Condition cause : null
2026-01-22 11:05:46,436 [WARN] PackLoader:240 - Cannot read IP mode file for STMicroelectronics.X-CUBE-GNSS1.7.0.0
2026-01-22 11:05:46,448 [WARN] PackLoader:240 - Cannot read IP mode file for STMicroelectronics.X-CUBE-GNSS1.7.0.1
2026-01-22 11:05:46,460 [WARN] PackLoader:240 - Cannot read IP mode file for STMicroelectronics.X-CUBE-TOUCHGFX.4.25.0
2026-01-22 11:05:46,471 [WARN] PackLoader:240 - Cannot read IP mode file for STMicroelectronics.FP-SNS-STBOX1.2.0.0
2026-01-22 11:05:46,476 [WARN] PackLoader:240 - Cannot read IP mode file for STMicroelectronics.X-CUBE-STSE01.2.0.0
2026-01-22 11:05:46,489 [WARN] PackLoader:240 - Cannot read IP mode file for STMicroelectronics.X-CUBE-SUBG2.5.0.0
2026-01-22 11:05:46,509 [WARN] PackLoader:240 - Cannot read IP mode file for STMicroelectronics.X-CUBE-AZRTOS-H7RS.1.1.0
2026-01-22 11:05:46,514 [WARN] PackLoader:240 - Cannot read IP mode file for Cesanta.I-CUBE-Mongoose.7.13.0
2026-01-22 11:05:46,530 [WARN] PackLoader:240 - Cannot read IP mode file for STMicroelectronics.X-CUBE-AZRTOS-G4.2.0.0
2026-01-22 11:05:46,542 [WARN] PackLoader:240 - Cannot read IP mode file for STMicroelectronics.X-CUBE-NFC7.2.0.0
2026-01-22 11:05:46,553 [WARN] PackLoader:240 - Cannot read IP mode file for STMicroelectronics.X-CUBE-ISPU.2.0.0
2026-01-22 11:05:46,565 [ERROR] Engine:466 - C:\Users\brady\.stm32cubemx\thirdparties\pdsc\STMicroelectronics.X-CUBE-IPS.3.1.0.pdsc: PDSC version is not supported
2026-01-22 11:05:46,575 [WARN] PackLoader:240 - Cannot read IP mode file for STMicroelectronics.X-CUBE-ALS.1.0.2
2026-01-22 11:05:46,587 [WARN] PackLoader:240 - Cannot read IP mode file for STMicroelectronics.X-CUBE-TOUCHGFX.4.24.0
2026-01-22 11:05:46,599 [WARN] PackLoader:240 - Cannot read IP mode file for STMicroelectronics.X-CUBE-TOUCHGFX.4.24.2
2026-01-22 11:05:46,612 [WARN] PackLoader:240 - Cannot read IP mode file for STMicroelectronics.X-CUBE-TOUCHGFX.4.24.1
2026-01-22 11:05:46,623 [WARN] PackLoader:240 - Cannot read IP mode file for STMicroelectronics.X-CUBE-STSE01.1.0.0
2026-01-22 11:05:46,627 [WARN] PackLoader:240 - Cannot read IP mode file for wolfSSL.I-CUBE-wolfTPM.3.4.0
2026-01-22 11:05:46,641 [WARN] PackLoader:240 - Cannot read IP mode file for portGmbH.I-Cube-SoM-uGOAL.1.1.0
2026-01-22 11:05:46,663 [WARN] PackLoader:240 - Cannot read IP mode file for STMicroelectronics.X-CUBE-AZRTOS-H7RS.1.0.0
2026-01-22 11:05:46,676 [WARN] PackLoader:240 - Cannot read IP mode file for STMicroelectronics.FP-ATR-ASTRA1.2.0.0
2026-01-22 11:05:46,692 [WARN] PackLoader:240 - Cannot read IP mode file for STMicroelectronics.X-CUBE-TOF1.3.4.2
2026-01-22 11:05:46,707 [ERROR] Engine:466 - C:\Users\brady\.stm32cubemx\thirdparties\pdsc\STMicroelectronics.X-CUBE-TOF1.3.4.3.pdsc: PDSC version is not supported
2026-01-22 11:05:46,726 [WARN] PackLoader:240 - Cannot read IP mode file for Infineon.AIROC-Wi-Fi-Bluetooth-STM32.1.6.1
2026-01-22 11:05:46,731 [WARN] PackLoader:240 - Cannot read IP mode file for wolfSSL.I-CUBE-wolfSSH.1.4.17
2026-01-22 11:05:46,731 [INFO] ThirdParty:978 - Integrity check success = true
2026-01-22 11:05:46,731 [INFO] IntegrityCheckThread:100 - exiting critical section [integrity check]
2026-01-22 11:05:46,731 [INFO] IntegrityCheckThread:103 - End integrity checks thread
2026-01-22 11:05:46,731 [INFO] ThirdParty:873 - entering critical section [close project]
2026-01-22 11:05:46,732 [INFO] ThirdParty:883 - exiting critical section [close project]
2026-01-22 11:05:46,733 [INFO] PinOutPanel:1561 - setPackage(No Configuration,No Configuration)
2026-01-22 11:05:46,735 [INFO] UtilMem:75 - Begin LoadConfig() Used Memory: 184916064 Bytes (329252864)
2026-01-22 11:05:46,736 [INFO] MicroXplorer:468 - Change Database Path : 
2026-01-22 11:05:46,736 [INFO] MicroXplorer:498 - Change Database Version : DB.6.0.120
2026-01-22 11:05:46,736 [INFO] OpenFileManager:332 - Change cursor
2026-01-22 11:05:46,762 [INFO] Mcu:2032 - Initializing MCU STM32H743VGTx STM32H743VGTx STM32H743VGT6
2026-01-22 11:05:49,502 [INFO] Context:742 - Trying to add GPIOservice into a context  which must be forbidden
2026-01-22 11:05:50,615 [INFO] RtosManager:555 - Registered RTOS mode: class=CMSIS, group=RTOS, mode=CMSIS_V1, owner=FREERTOS
2026-01-22 11:05:50,615 [INFO] RtosManager:555 - Registered RTOS mode: class=CMSIS, group=RTOS2, mode=CMSIS_V2, owner=FREERTOS
2026-01-22 11:05:50,615 [INFO] RtosManager:555 - Registered RTOS mode: class=RTOS, group=Core, mode=CMSIS_V1, owner=FREERTOS
2026-01-22 11:05:50,615 [INFO] RtosManager:555 - Registered RTOS mode: class=RTOS, group=Core, mode=CMSIS_V2, owner=FREERTOS
2026-01-22 11:05:50,615 [WARN] ModelIntegratedComponent:184 - Missing modes for component STMicroelectronics:FreeRTOS:0.0.1:STMicroelectronics:RTOS:FreeRTOS:Core:::10.2.0:
2026-01-22 11:05:50,622 [WARN] ModelIntegratedComponent:63 - No mode defined for component null
2026-01-22 11:05:50,622 [WARN] ModelIntegratedComponent:63 - No mode defined for component null
2026-01-22 11:05:50,622 [WARN] ModelIntegratedComponent:63 - No mode defined for component null
2026-01-22 11:05:50,622 [WARN] ModelIntegratedComponent:63 - No mode defined for component null
2026-01-22 11:05:50,622 [WARN] ModelIntegratedComponent:63 - No mode defined for component null
2026-01-22 11:05:50,622 [WARN] ModelIntegratedComponent:63 - No mode defined for component null
2026-01-22 11:05:50,622 [WARN] ModelIntegratedComponent:63 - No mode defined for component null
2026-01-22 11:05:50,622 [WARN] ModelIntegratedComponent:63 - No mode defined for component null
2026-01-22 11:05:50,622 [WARN] ModelIntegratedComponent:63 - No mode defined for component null
2026-01-22 11:05:50,622 [WARN] ModelIntegratedComponent:63 - No mode defined for component null
2026-01-22 11:05:50,622 [WARN] ModelIntegratedComponent:63 - No mode defined for component null
2026-01-22 11:05:50,622 [WARN] ModelIntegratedComponent:63 - No mode defined for component null
2026-01-22 11:05:50,622 [WARN] ModelIntegratedComponent:63 - No mode defined for component null
2026-01-22 11:05:50,622 [WARN] ModelIntegratedComponent:63 - No mode defined for component null
2026-01-22 11:05:50,622 [WARN] ModelIntegratedComponent:63 - No mode defined for component null
2026-01-22 11:05:50,622 [WARN] ModelIntegratedComponent:63 - No mode defined for component null
2026-01-22 11:05:50,622 [WARN] ModelIntegratedComponent:63 - No mode defined for component null
2026-01-22 11:05:50,622 [WARN] ModelIntegratedComponent:63 - No mode defined for component null
2026-01-22 11:05:50,622 [WARN] ModelIntegratedComponent:63 - No mode defined for component null
2026-01-22 11:05:50,622 [WARN] ModelIntegratedComponent:63 - No mode defined for component null
2026-01-22 11:05:50,622 [WARN] ModelIntegratedComponent:63 - No mode defined for component null
2026-01-22 11:05:50,622 [WARN] ModelIntegratedComponent:63 - No mode defined for component null
2026-01-22 11:05:50,622 [WARN] ModelIntegratedComponent:63 - No mode defined for component null
2026-01-22 11:05:50,622 [WARN] ModelIntegratedComponent:63 - No mode defined for component null
2026-01-22 11:05:50,622 [WARN] ModelIntegratedComponent:63 - No mode defined for component null
2026-01-22 11:05:50,622 [WARN] ModelIntegratedComponent:63 - No mode defined for component null
2026-01-22 11:05:50,622 [WARN] ModelIntegratedComponent:63 - No mode defined for component null
2026-01-22 11:05:50,622 [WARN] ModelIntegratedComponent:63 - No mode defined for component null
2026-01-22 11:05:50,622 [WARN] ModelIntegratedComponent:63 - No mode defined for component null
2026-01-22 11:05:50,622 [WARN] ModelIntegratedComponent:63 - No mode defined for component null
2026-01-22 11:05:50,622 [WARN] ModelIntegratedComponent:63 - No mode defined for component null
2026-01-22 11:05:50,622 [WARN] ModelIntegratedComponent:63 - No mode defined for component null
2026-01-22 11:05:50,622 [WARN] ModelIntegratedComponent:63 - No mode defined for component null
2026-01-22 11:05:50,622 [WARN] ModelIntegratedComponent:63 - No mode defined for component null
2026-01-22 11:05:50,622 [WARN] ModelIntegratedComponent:63 - No mode defined for component null
2026-01-22 11:05:50,623 [WARN] ModelPack:524 - Component already loaded: STMicroelectronics:HAL Drivers:0.0.0:STMicroelectronics:Device:STMicro_Driver:XSPI:HAL::0.0.1:HAL_XSPI
2026-01-22 11:05:50,805 [INFO] ThirdPartyModel:298 - Start build external matchings
2026-01-22 11:05:51,643 [INFO] ThirdPartyModel:316 - End build external matchings
2026-01-22 11:05:51,688 [INFO] ImportTextPane:205 - (OptionalMessage_ERROR) IP (RCC) : Invalid parameter (FamilyName)
2026-01-22 11:05:51,688 [INFO] ImportTextPane:205 - (OptionalMessage_ERROR) IP (RCC) : Parameter (I2C4Freq_Value) has invalid value (64000000)
2026-01-22 11:05:51,688 [INFO] ImportTextPane:205 - (OptionalMessage_ERROR) IP (RCC) : Parameter (LPTIM2Freq_Value) has invalid value (64000000)
2026-01-22 11:05:51,688 [INFO] ImportTextPane:205 - (OptionalMessage_ERROR) IP (RCC) : Parameter (LPTIM345Freq_Value) has invalid value (64000000)
2026-01-22 11:05:51,688 [INFO] ImportTextPane:205 - (OptionalMessage_ERROR) IP (RCC) : Parameter (LPUART1Freq_Value) has invalid value (64000000)
2026-01-22 11:05:51,688 [INFO] ImportTextPane:205 - (OptionalMessage_ERROR) IP (RCC) : Parameter (LTDCFreq_Value) has invalid value (50390625)
2026-01-22 11:05:51,688 [INFO] ImportTextPane:205 - (OptionalMessage_ERROR) IP (RCC) : Parameter (SPI45Freq_Value) has invalid value (64000000)
2026-01-22 11:05:51,688 [INFO] ImportTextPane:205 - (OptionalMessage_ERROR) IP (RCC) : Parameter (SPI6Freq_Value) has invalid value (64000000)
2026-01-22 11:05:51,688 [INFO] ImportTextPane:205 - (OptionalMessage_ERROR) IP (RCC) : Parameter (USART16Freq_Value) has invalid value (64000000)
2026-01-22 11:05:52,187 [INFO] ApiDb:581 - Connected to CubeFinder SQLite database (C:\Users\brady\.stmcufinder\plugins\mcufinder\mcu\cube-finder-db.db)
2026-01-22 11:05:52,246 [INFO] ApiDb:668 - CubeFinder database Data Model version=2.1
2026-01-22 11:05:52,246 [INFO] ApiDb:669 - CubeFinder database Configuration version=3.0.39
2026-01-22 11:05:52,246 [INFO] ApiDb:670 - CubeFinder database generation date=2025-12-22 (1766407740)
2026-01-22 11:05:52,246 [INFO] ApiDb:671 - CubeFinder database FW Pack versions=[FP-ATR-ASTRA1_V2.0.0, FP-SNS-FLIGHT1_V5.1.0, FP-SNS-MOTENV1_V5.1.0, FP-SNS-MOTENVWB1_V1.4.0, FP-SNS-SMARTAG2_V1.2.0, FP-SNS-STBOX1_V2.1.0, STM32Cube_FW_C0_V1.4.0, STM32Cube_FW_F4_V1.28.3, STM32Cube_FW_F7_V1.17.4, STM32Cube_FW_G0_V1.6.2, STM32Cube_FW_G4_V1.6.1, STM32Cube_FW_H5_V1.5.1, STM32Cube_FW_H7RS_V1.3.0, STM32Cube_FW_H7_V1.12.1, STM32Cube_FW_L0_V1.12.2, STM32Cube_FW_L4_V1.18.1, STM32Cube_FW_L5_V1.6.0, STM32Cube_FW_N6_V1.3.0, STM32Cube_FW_U0_V1.3.0, STM32Cube_FW_U3_V1.2.1, STM32Cube_FW_U5_V1.8.0, STM32Cube_FW_WB0_V1.4.0, STM32Cube_FW_WBA_V1.8.0, STM32Cube_FW_WB_V1.24.0, STM32Cube_FW_WL3_V1.3.0, STM32Cube_FW_WL_V1.4.0, X-CUBE-ALGOBUILD_V1.4.0, X-CUBE-ALS_V1.0.2, X-CUBE-AZRTOS-F4_V1.1.0, X-CUBE-AZRTOS-F7_V1.1.0, X-CUBE-AZRTOS-G0_V1.1.0, X-CUBE-AZRTOS-G4_V2.0.0, X-CUBE-AZRTOS-H7RS_V1.1.0, X-CUBE-AZRTOS-H7_V3.4.0, X-CUBE-AZRTOS-L4_V2.0.0, X-CUBE-AZRTOS-L5_V2.0.0, X-CUBE-AZRTOS-WB_V2.0.0, X-CUBE-AZRTOS-WL_V2.0.0, X-CUBE-BLE1_V7.1.0, X-CUBE-BLE2_V3.3.0, X-CUBE-BLEMGR_V4.1.0, X-CUBE-EEPRMA1_V5.2.0, X-CUBE-FREERTOS_V1.3.1, X-CUBE-GNSS1_V6.0.0, X-CUBE-MEMS1_V12.0.0, X-CUBE-NFC4_V3.0.0, X-CUBE-NFC7_V2.0.0, X-CUBE-SFXS2LP1_V4.0.0, X-CUBE-ST67W61_V1.1.0, X-CUBE-SUBG2_V5.0.0, X-CUBE-TOF1_V3.4.3]
2026-01-22 11:05:52,332 [INFO] DbBoardsSqlite:226 - include board P-NUCLEO-WB55-NUCLEO as a kit item of type 'Nucleo-64'
2026-01-22 11:05:52,332 [INFO] DbBoardsSqlite:226 - include board P-NUCLEO-WB55-USBDONGLE as a kit item of type 'Nucleo USB Dongle'
2026-01-22 11:05:52,333 [INFO] DbBoardsSqlite:226 - include board STEVAL-IDP005V1 as a kit item of type 'Evaluation Board'
2026-01-22 11:05:52,333 [INFO] DbBoardsSqlite:226 - include board STEVAL-IDP005V2 as a kit item of type 'Evaluation Board'
2026-01-22 11:05:52,646 [INFO] ApiDb:240 - Found 646 in-development CPN: [B-G473E-ZEST1S, B-WB1M-WPAN1, B-WL5M-SUBG1, NUCLEO-C031C6, NUCLEO-C071RB, NUCLEO-H503RB, NUCLEO-H533RE, NUCLEO-H563ZI, NUCLEO-H7S3L8, NUCLEO-U031R8, NUCLEO-U083RC, NUCLEO-U545RE-Q, NUCLEO-U5A5ZJ-Q, NUCLEO-WB05KZ, NUCLEO-WB07CC, NUCLEO-WB09KE, NUCLEO-WBA52CG, NUCLEO-WBA55CG, STEVAL-PROTEUS1, STEVAL-SMARTAG2, STEVAL-STWINBX1, STM320518-EVAL, STM32C0116-DK, STM32C011D6Y3TR, STM32C011D6Y6TR, STM32C011F4P3, STM32C011F4P6, STM32C011F4U3, STM32C011F4U6TR, STM32C011F6P3, STM32C011F6P6, STM32C011F6U3, STM32C011F6U6TR, STM32C011J4M3, STM32C011J4M6, STM32C011J6M3, STM32C011J6M6, STM32C0316-DK, STM32C031C4T3, STM32C031C4T6, STM32C031C4U3, STM32C031C4U6, STM32C031C6T3, STM32C031C6T6, STM32C031C6U3, STM32C031C6U6, STM32C031F4P3, STM32C031F4P6, STM32C031F6P3, STM32C031F6P6, STM32C031G4U3, STM32C031G4U6, STM32C031G6U3, STM32C031G6U6, STM32C031K4T3, STM32C031K4T6, STM32C031K4U3, STM32C031K4U6, STM32C031K6T3, STM32C031K6T6, STM32C031K6U3, STM32C031K6U6, STM32C071C8T6, STM32C071C8T6N, STM32C071C8U6, STM32C071C8U6N, STM32C071CBT6, STM32C071CBT6N, STM32C071CBU6, STM32C071CBU6N, STM32C071F8P6, STM32C071F8P6N, STM32C071FBP6, STM32C071FBP6N, STM32C071FBY6TR, STM32C071G8U6, STM32C071G8U6N, STM32C071GBU6, STM32C071GBU6N, STM32C071K8T6, STM32C071K8T6N, STM32C071K8U6, STM32C071K8U6N, STM32C071KBT6, STM32C071KBT6N, STM32C071KBU6, STM32C071KBU6N, STM32C071R8T6, STM32C071R8T6N, STM32C071RBI6N, STM32C071RBT6, STM32C071RBT6N, STM32G071K8TXN, STM32G071K8UXN, STM32G081GBU6N, STM32G081KBT6N, STM32G081KBUXN, STM32G0B1CCT6N, STM32G0B1KCT6, STM32G0B1NEY6TR, STM32G0B1RCT6N, STM32G0C1CCT6, STM32G0C1CCT6N, STM32G0C1CCU6N, STM32G0C1CET6N, STM32G0C1CEU6N, STM32G0C1KCT6, STM32G0C1NEY6TR, STM32G0C1RCI6N, STM32G0C1RCT6N, STM32G0C1REI6N, STM32G0C1RET6N, STM32G0C1VCI6, STM32G0C1VEI6, STM32G411C6T3, STM32G411C6T6, STM32G411C6U3, STM32G411C6U6, STM32G411C8T3, STM32G411C8T6, STM32G411C8U3, STM32G411C8U6, STM32G411CBT3, STM32G411CBT6, STM32G411CBU3, STM32G411CBU6, STM32G411K6T3, STM32G411K6T6, STM32G411K6U3, STM32G411K6U6, STM32G411K8T3, STM32G411K8T6, STM32G411K8U3, STM32G411K8U6, STM32G411KBT3, STM32G411KBT6, STM32G411KBU3, STM32G411KBU6, STM32G411M6T3, STM32G411M6T6, STM32G411M8T3, STM32G411M8T6, STM32G411MBT3, STM32G411MBT6, STM32G411R6T3, STM32G411R6T6, STM32G411R8T3, STM32G411R8T6, STM32G411RBT3, STM32G411RBT6, STM32G414CBT3, STM32G414CBT6, STM32G414CBU3, STM32G414CBU6, STM32G414CCT3, STM32G414CCT6, STM32G414CCU3, STM32G414CCU6, STM32G414MBT3, STM32G414MBT6, STM32G414MCT3, STM32G414MCT6, STM32G414RBT3, STM32G414RBT6, STM32G414RCT3, STM32G414RCT6, STM32G414VBT3, STM32G414VBT6, STM32G414VCT3, STM32G414VCT6, STM32G431CBT3Z, STM32G431RBT3Z, STM32G471CCT6, STM32G471CCU6, STM32G471CET3, STM32G471CET6, STM32G471CEU3, STM32G471CEU6, STM32G471MCT6, STM32G471MET3, STM32G471MET6, STM32G471MEY6TR, STM32G471QCT6, STM32G471QET3, STM32G471RCT6, STM32G471RET3, STM32G471RET6, STM32G471VCH6, STM32G471VCI6, STM32G471VCT6, STM32G471VEH3, STM32G471VEH6, STM32G471VEI3, STM32G471VEI6, STM32G471VET3, STM32G471VET6, STM32G473QET3Z, STM32G473RET3Z, STM32G474CCT6, STM32G491RET3Z, STM32H503CBT6, STM32H503CBU6, STM32H503EBY6TR, STM32H503KBU6, STM32H503RBT6, STM32H523CCT6, STM32H523CCU6, STM32H523CET6, STM32H523CEU6, STM32H523HEY6TR, STM32H523RCT6, STM32H523RET6, STM32H523VCI6, STM32H523VCT6, STM32H523VEI6, STM32H523VET6, STM32H523ZCJ6, STM32H523ZCT6, STM32H523ZEJ6, STM32H523ZET6, STM32H533CET6, STM32H533CEU6, STM32H533HEY6TR, STM32H533RET6, STM32H533VEI6, STM32H533VET6, STM32H533ZEJ6, STM32H533ZET6, STM32H562AGI6, STM32H562AII6, STM32H562IGK6, STM32H562IGT6, STM32H562IIK6, STM32H562IIT6, STM32H562RGT6, STM32H562RGV6, STM32H562RIT6, STM32H562RIV6, STM32H562VGT6, STM32H562VIT6, STM32H562ZGT6, STM32H562ZIT6, STM32H563AGI6, STM32H563AII3Q, STM32H563AII6, STM32H563IGK6, STM32H563IGT6, STM32H563IIK3Q, STM32H563IIK6, STM32H563IIT3Q, STM32H563IIT6, STM32H563MIY3QTR, STM32H563RGT6, STM32H563RGV6, STM32H563RIT6, STM32H563RIV6, STM32H563VGT6, STM32H563VIT3Q, STM32H563VIT6, STM32H563ZGT6, STM32H563ZIT3Q, STM32H563ZIT6, STM32H573AII3Q, STM32H573AII6, STM32H573I-DK, STM32H573IIK3Q, STM32H573IIK6, STM32H573IIT3Q, STM32H573IIT6, STM32H573MIY3QTR, STM32H573RIT6, STM32H573RIV6, STM32H573VIT3Q, STM32H573VIT6, STM32H573ZIT3Q, STM32H573ZIT6, STM32H7R3A8I6, STM32H7R3I8K6, STM32H7R3I8T6, STM32H7R3L8H6, STM32H7R3L8H6H, STM32H7R3R8V6, STM32H7R3V8H6, STM32H7R3V8T6, STM32H7R3V8Y6TR, STM32H7R3Z8J6, STM32H7R3Z8T6, STM32H7R7A8I6, STM32H7R7I8K6, STM32H7R7I8T6, STM32H7R7L8H6, STM32H7R7L8H6H, STM32H7R7Z8J6, STM32H7S3A8I6, STM32H7S3I8K6, STM32H7S3I8T6, STM32H7S3L8H6, STM32H7S3L8H6H, STM32H7S3R8V6, STM32H7S3V8H6, STM32H7S3V8T6, STM32H7S3V8Y6TR, STM32H7S3Z8J6, STM32H7S3Z8T6, STM32H7S78-DK, STM32H7S7A8I6, STM32H7S7I8K6, STM32H7S7I8T6, STM32H7S7L8H6, STM32H7S7L8H6H, STM32H7S7Z8J6, STM32L4R5QGI6STR, STM32MP131AAE3, STM32MP131AAF3, STM32MP131AAG3, STM32MP131CAE3, STM32MP131CAF3, STM32MP131CAG3, STM32MP131DAE7, STM32MP131DAF7, STM32MP131DAG7, STM32MP131FAE7, STM32MP131FAF7, STM32MP131FAG7, STM32MP133AAE3, STM32MP133AAF3, STM32MP133AAG3, STM32MP133CAE3, STM32MP133CAF3, STM32MP133CAG3, STM32MP133DAE7, STM32MP133DAF7, STM32MP133DAG7, STM32MP133FAE7, STM32MP133FAF7, STM32MP133FAG7, STM32MP135AAE3, STM32MP135AAF3, STM32MP135AAG3, STM32MP135CAE3, STM32MP135CAF3, STM32MP135CAG3, STM32MP135DAE7, STM32MP135DAF7, STM32MP135DAG7, STM32MP135F-DK, STM32MP135FAE7, STM32MP135FAF7, STM32MP135FAF7T, STM32MP135FAF7U, STM32MP135FAG7, STM32MP251AAI3, STM32MP251AAK3, STM32MP251AAL3, STM32MP251CAI3, STM32MP251CAK3, STM32MP251CAL3, STM32MP251DAI3, STM32MP251DAK3, STM32MP251DAL3, STM32MP251FAI3, STM32MP251FAK3, STM32MP251FAL3, STM32MP253AAI3, STM32MP253AAK3, STM32MP253AAL3, STM32MP253CAI3, STM32MP253CAK3, STM32MP253CAL3, STM32MP253DAI3, STM32MP253DAK3, STM32MP253DAL3, STM32MP253FAI3, STM32MP253FAK3, STM32MP253FAL3, STM32MP255AAI3, STM32MP255AAK3, STM32MP255AAL3, STM32MP255CAI3, STM32MP255CAK3, STM32MP255CAL3, STM32MP255DAI3, STM32MP255DAK3, STM32MP255DAL3, STM32MP255FAI3, STM32MP255FAK3, STM32MP255FAL3, STM32MP257AAI3, STM32MP257AAK3, STM32MP257AAL3, STM32MP257CAI3, STM32MP257CAK3, STM32MP257CAL3, STM32MP257DAI3, STM32MP257DAK3, STM32MP257DAL3, STM32MP257F-DK, STM32MP257F-EV1, STM32MP257FAI3, STM32MP257FAK3, STM32MP257FAL3, STM32U031C6T6, STM32U031C6U6, STM32U031C8T6, STM32U031C8U6, STM32U031F4P6, STM32U031F6P6, STM32U031F8P6, STM32U031G6Y6TR, STM32U031G8Y6TR, STM32U031K4U6, STM32U031K6U6, STM32U031K8U6, STM32U031R6I6, STM32U031R6T6, STM32U031R8I6, STM32U031R8T6, STM32U073C8T6, STM32U073C8U6, STM32U073CBT6, STM32U073CBU6, STM32U073CCT6, STM32U073CCU6, STM32U073H8Y6TR, STM32U073HBY6TR, STM32U073HCY6TR, STM32U073K8U6, STM32U073KBU6, STM32U073KCU6, STM32U073M8I6, STM32U073M8T6, STM32U073MBI6, STM32U073MBT6, STM32U073MCI6, STM32U073MCT6, STM32U073R8I6, STM32U073R8T6, STM32U073RBI6, STM32U073RBT6, STM32U073RCI6, STM32U073RCT6, STM32U083C-DK, STM32U083CCT6, STM32U083CCU6, STM32U083HCY6TR, STM32U083KCU6, STM32U083MCI6, STM32U083MCT6, STM32U083RCI6, STM32U083RCT6, STM32U535CBT6, STM32U535CBT6Q, STM32U535CBU6, STM32U535CBU6Q, STM32U535CCT6, STM32U535CCT6Q, STM32U535CCU6, STM32U535CCU6Q, STM32U535CET6, STM32U535CET6Q, STM32U535CEU6, STM32U535CEU6Q, STM32U535JEY6QTR, STM32U535NCY6QTR, STM32U535NEY6QTR, STM32U535RBI6, STM32U535RBI6Q, STM32U535RBT6, STM32U535RBT6Q, STM32U535RCI6, STM32U535RCI6Q, STM32U535RCT6, STM32U535RCT6Q, STM32U535REI6, STM32U535REI6Q, STM32U535RET6, STM32U535RET6Q, STM32U535VCI6, STM32U535VCI6Q, STM32U535VCT6, STM32U535VCT6Q, STM32U535VEI6, STM32U535VEI6Q, STM32U535VET6, STM32U535VET6Q, STM32U545CET6, STM32U545CET6Q, STM32U545CEU6, STM32U545CEU6Q, STM32U545JEY6QTR, STM32U545NEY6QTR, STM32U545REI6, STM32U545REI6Q, STM32U545RET6, STM32U545RET6Q, STM32U545VEI6, STM32U545VEI6Q, STM32U545VET6, STM32U545VET6Q, STM32U595AIH6, STM32U595AIH6Q, STM32U595AJH6, STM32U595AJH6Q, STM32U595QII6, STM32U595QII6Q, STM32U595QJI6, STM32U595QJI6Q, STM32U595RIT6, STM32U595RIT6Q, STM32U595RJT6, STM32U595RJT6Q, STM32U595VIT6, STM32U595VIT6Q, STM32U595VJT6, STM32U595VJT6Q, STM32U595ZIT6, STM32U595ZIT6Q, STM32U595ZIY6QTR, STM32U595ZJT6, STM32U595ZJT6Q, STM32U595ZJY6QTR, STM32U599BJY6QTR, STM32U599NIH6Q, STM32U599NJH6Q, STM32U599VIT6Q, STM32U599VJT6, STM32U599VJT6Q, STM32U599ZIT6Q, STM32U599ZIY6QTR, STM32U599ZJT6Q, STM32U599ZJY6QTR, STM32U5A5AJH6, STM32U5A5AJH6Q, STM32U5A5QII3Q , STM32U5A5QJI6, STM32U5A5QJI6Q, STM32U5A5RJT6, STM32U5A5RJT6Q, STM32U5A5VJT6, STM32U5A5VJT6Q, STM32U5A5ZJT6, STM32U5A5ZJT6Q, STM32U5A5ZJY6QTR, STM32U5A9BJY6QTR, STM32U5A9J-DK, STM32U5A9NJH6Q, STM32U5A9VJT6Q, STM32U5A9ZJT6Q, STM32U5A9ZJY6QTR, STM32U5F7VIT6, STM32U5F7VIT6Q, STM32U5F7VJT6, STM32U5F7VJT6Q, STM32U5F9BJY6QTR, STM32U5F9NJH6Q, STM32U5F9VIT6Q, STM32U5F9VJT6Q, STM32U5F9ZIJ6QTR, STM32U5F9ZIT6Q, STM32U5F9ZJJ6QTR, STM32U5F9ZJT6Q, STM32U5G7VJT6, STM32U5G7VJT6Q, STM32U5G9BJY6QTR, STM32U5G9J-DK1, STM32U5G9J-DK2, STM32U5G9NJH6Q, STM32U5G9VJT6Q, STM32U5G9ZJJ6QTR, STM32U5G9ZJT6Q, STM32WB05KZV6TR, STM32WB05KZV7TR, STM32WB05TZF6TR, STM32WB05TZF7TR, STM32WB06CCF6TR, STM32WB06CCF7TR, STM32WB06CCV6TR, STM32WB06CCV7TR, STM32WB06KCV6TR, STM32WB06KCV7TR, STM32WB07CCF6TR, STM32WB07CCF7TR, STM32WB07CCV6TR, STM32WB07CCV7TR, STM32WB07KCV6TR, STM32WB07KCV7TR, STM32WB09KEV6TR, STM32WB09KEV7TR, STM32WB09TEF6TR, STM32WB09TEF7TR, STM32WB1MMCH6, STM32WBA50KGU6, STM32WBA50KGU6TR, STM32WBA52CEU6, STM32WBA52CEU6TR, STM32WBA52CEU7, STM32WBA52CEU7TR, STM32WBA52CGU6, STM32WBA52CGU6TR, STM32WBA52CGU6U, STM32WBA52CGU7, STM32WBA52CGU7TR, STM32WBA52KEU6, STM32WBA52KEU6TR, STM32WBA52KGU6, STM32WBA52KGU6TR, STM32WBA54CEU6, STM32WBA54CEU6TR, STM32WBA54CEU7, STM32WBA54CEU7TR, STM32WBA54CGU6, STM32WBA54CGU6TR, STM32WBA54CGU7, STM32WBA54CGU7TR, STM32WBA54KEU6, STM32WBA54KEU6TR, STM32WBA54KEU7, STM32WBA54KEU7TR, STM32WBA54KGU6, STM32WBA54KGU6TR, STM32WBA54KGU7, STM32WBA54KGU7TR, STM32WBA55CEU6, STM32WBA55CEU6TR, STM32WBA55CEU7, STM32WBA55CEU7TR, STM32WBA55CGU6, STM32WBA55CGU6TR, STM32WBA55CGU6U, STM32WBA55CGU7, STM32WBA55CGU7TR, STM32WBA55G-DK1, STM32WBA55HEF6, STM32WBA55HEF7, STM32WBA55HGF6, STM32WBA55HGF7, STM32WBA55UEI6, STM32WBA55UEI6TR, STM32WBA55UEI7, STM32WBA55UEI7TR, STM32WBA55UGI6, STM32WBA55UGI6TR, STM32WBA55UGI7, STM32WBA55UGI7TR, STM32WL5MOCH6, STM32WL5MOCH6TR]
2026-01-22 11:05:52,648 [INFO] ApiDb:668 - CubeFinder database Data Model version=2.1
2026-01-22 11:05:52,648 [INFO] ApiDb:669 - CubeFinder database Configuration version=3.0.39
2026-01-22 11:05:52,648 [INFO] ApiDb:670 - CubeFinder database generation date=2025-12-22 (1766407740)
2026-01-22 11:05:52,648 [INFO] ApiDb:671 - CubeFinder database FW Pack versions=[FP-ATR-ASTRA1_V2.0.0, FP-SNS-FLIGHT1_V5.1.0, FP-SNS-MOTENV1_V5.1.0, FP-SNS-MOTENVWB1_V1.4.0, FP-SNS-SMARTAG2_V1.2.0, FP-SNS-STBOX1_V2.1.0, STM32Cube_FW_C0_V1.4.0, STM32Cube_FW_F4_V1.28.3, STM32Cube_FW_F7_V1.17.4, STM32Cube_FW_G0_V1.6.2, STM32Cube_FW_G4_V1.6.1, STM32Cube_FW_H5_V1.5.1, STM32Cube_FW_H7RS_V1.3.0, STM32Cube_FW_H7_V1.12.1, STM32Cube_FW_L0_V1.12.2, STM32Cube_FW_L4_V1.18.1, STM32Cube_FW_L5_V1.6.0, STM32Cube_FW_N6_V1.3.0, STM32Cube_FW_U0_V1.3.0, STM32Cube_FW_U3_V1.2.1, STM32Cube_FW_U5_V1.8.0, STM32Cube_FW_WB0_V1.4.0, STM32Cube_FW_WBA_V1.8.0, STM32Cube_FW_WB_V1.24.0, STM32Cube_FW_WL3_V1.3.0, STM32Cube_FW_WL_V1.4.0, X-CUBE-ALGOBUILD_V1.4.0, X-CUBE-ALS_V1.0.2, X-CUBE-AZRTOS-F4_V1.1.0, X-CUBE-AZRTOS-F7_V1.1.0, X-CUBE-AZRTOS-G0_V1.1.0, X-CUBE-AZRTOS-G4_V2.0.0, X-CUBE-AZRTOS-H7RS_V1.1.0, X-CUBE-AZRTOS-H7_V3.4.0, X-CUBE-AZRTOS-L4_V2.0.0, X-CUBE-AZRTOS-L5_V2.0.0, X-CUBE-AZRTOS-WB_V2.0.0, X-CUBE-AZRTOS-WL_V2.0.0, X-CUBE-BLE1_V7.1.0, X-CUBE-BLE2_V3.3.0, X-CUBE-BLEMGR_V4.1.0, X-CUBE-EEPRMA1_V5.2.0, X-CUBE-FREERTOS_V1.3.1, X-CUBE-GNSS1_V6.0.0, X-CUBE-MEMS1_V12.0.0, X-CUBE-NFC4_V3.0.0, X-CUBE-NFC7_V2.0.0, X-CUBE-SFXS2LP1_V4.0.0, X-CUBE-ST67W61_V1.1.0, X-CUBE-SUBG2_V5.0.0, X-CUBE-TOF1_V3.4.3]
2026-01-22 11:05:53,873 [INFO] ApiDb:240 - Found 646 in-development CPN: [B-G473E-ZEST1S, B-WB1M-WPAN1, B-WL5M-SUBG1, NUCLEO-C031C6, NUCLEO-C071RB, NUCLEO-H503RB, NUCLEO-H533RE, NUCLEO-H563ZI, NUCLEO-H7S3L8, NUCLEO-U031R8, NUCLEO-U083RC, NUCLEO-U545RE-Q, NUCLEO-U5A5ZJ-Q, NUCLEO-WB05KZ, NUCLEO-WB07CC, NUCLEO-WB09KE, NUCLEO-WBA52CG, NUCLEO-WBA55CG, STEVAL-PROTEUS1, STEVAL-SMARTAG2, STEVAL-STWINBX1, STM320518-EVAL, STM32C0116-DK, STM32C011D6Y3TR, STM32C011D6Y6TR, STM32C011F4P3, STM32C011F4P6, STM32C011F4U3, STM32C011F4U6TR, STM32C011F6P3, STM32C011F6P6, STM32C011F6U3, STM32C011F6U6TR, STM32C011J4M3, STM32C011J4M6, STM32C011J6M3, STM32C011J6M6, STM32C0316-DK, STM32C031C4T3, STM32C031C4T6, STM32C031C4U3, STM32C031C4U6, STM32C031C6T3, STM32C031C6T6, STM32C031C6U3, STM32C031C6U6, STM32C031F4P3, STM32C031F4P6, STM32C031F6P3, STM32C031F6P6, STM32C031G4U3, STM32C031G4U6, STM32C031G6U3, STM32C031G6U6, STM32C031K4T3, STM32C031K4T6, STM32C031K4U3, STM32C031K4U6, STM32C031K6T3, STM32C031K6T6, STM32C031K6U3, STM32C031K6U6, STM32C071C8T6, STM32C071C8T6N, STM32C071C8U6, STM32C071C8U6N, STM32C071CBT6, STM32C071CBT6N, STM32C071CBU6, STM32C071CBU6N, STM32C071F8P6, STM32C071F8P6N, STM32C071FBP6, STM32C071FBP6N, STM32C071FBY6TR, STM32C071G8U6, STM32C071G8U6N, STM32C071GBU6, STM32C071GBU6N, STM32C071K8T6, STM32C071K8T6N, STM32C071K8U6, STM32C071K8U6N, STM32C071KBT6, STM32C071KBT6N, STM32C071KBU6, STM32C071KBU6N, STM32C071R8T6, STM32C071R8T6N, STM32C071RBI6N, STM32C071RBT6, STM32C071RBT6N, STM32G071K8TXN, STM32G071K8UXN, STM32G081GBU6N, STM32G081KBT6N, STM32G081KBUXN, STM32G0B1CCT6N, STM32G0B1KCT6, STM32G0B1NEY6TR, STM32G0B1RCT6N, STM32G0C1CCT6, STM32G0C1CCT6N, STM32G0C1CCU6N, STM32G0C1CET6N, STM32G0C1CEU6N, STM32G0C1KCT6, STM32G0C1NEY6TR, STM32G0C1RCI6N, STM32G0C1RCT6N, STM32G0C1REI6N, STM32G0C1RET6N, STM32G0C1VCI6, STM32G0C1VEI6, STM32G411C6T3, STM32G411C6T6, STM32G411C6U3, STM32G411C6U6, STM32G411C8T3, STM32G411C8T6, STM32G411C8U3, STM32G411C8U6, STM32G411CBT3, STM32G411CBT6, STM32G411CBU3, STM32G411CBU6, STM32G411K6T3, STM32G411K6T6, STM32G411K6U3, STM32G411K6U6, STM32G411K8T3, STM32G411K8T6, STM32G411K8U3, STM32G411K8U6, STM32G411KBT3, STM32G411KBT6, STM32G411KBU3, STM32G411KBU6, STM32G411M6T3, STM32G411M6T6, STM32G411M8T3, STM32G411M8T6, STM32G411MBT3, STM32G411MBT6, STM32G411R6T3, STM32G411R6T6, STM32G411R8T3, STM32G411R8T6, STM32G411RBT3, STM32G411RBT6, STM32G414CBT3, STM32G414CBT6, STM32G414CBU3, STM32G414CBU6, STM32G414CCT3, STM32G414CCT6, STM32G414CCU3, STM32G414CCU6, STM32G414MBT3, STM32G414MBT6, STM32G414MCT3, STM32G414MCT6, STM32G414RBT3, STM32G414RBT6, STM32G414RCT3, STM32G414RCT6, STM32G414VBT3, STM32G414VBT6, STM32G414VCT3, STM32G414VCT6, STM32G431CBT3Z, STM32G431RBT3Z, STM32G471CCT6, STM32G471CCU6, STM32G471CET3, STM32G471CET6, STM32G471CEU3, STM32G471CEU6, STM32G471MCT6, STM32G471MET3, STM32G471MET6, STM32G471MEY6TR, STM32G471QCT6, STM32G471QET3, STM32G471RCT6, STM32G471RET3, STM32G471RET6, STM32G471VCH6, STM32G471VCI6, STM32G471VCT6, STM32G471VEH3, STM32G471VEH6, STM32G471VEI3, STM32G471VEI6, STM32G471VET3, STM32G471VET6, STM32G473QET3Z, STM32G473RET3Z, STM32G474CCT6, STM32G491RET3Z, STM32H503CBT6, STM32H503CBU6, STM32H503EBY6TR, STM32H503KBU6, STM32H503RBT6, STM32H523CCT6, STM32H523CCU6, STM32H523CET6, STM32H523CEU6, STM32H523HEY6TR, STM32H523RCT6, STM32H523RET6, STM32H523VCI6, STM32H523VCT6, STM32H523VEI6, STM32H523VET6, STM32H523ZCJ6, STM32H523ZCT6, STM32H523ZEJ6, STM32H523ZET6, STM32H533CET6, STM32H533CEU6, STM32H533HEY6TR, STM32H533RET6, STM32H533VEI6, STM32H533VET6, STM32H533ZEJ6, STM32H533ZET6, STM32H562AGI6, STM32H562AII6, STM32H562IGK6, STM32H562IGT6, STM32H562IIK6, STM32H562IIT6, STM32H562RGT6, STM32H562RGV6, STM32H562RIT6, STM32H562RIV6, STM32H562VGT6, STM32H562VIT6, STM32H562ZGT6, STM32H562ZIT6, STM32H563AGI6, STM32H563AII3Q, STM32H563AII6, STM32H563IGK6, STM32H563IGT6, STM32H563IIK3Q, STM32H563IIK6, STM32H563IIT3Q, STM32H563IIT6, STM32H563MIY3QTR, STM32H563RGT6, STM32H563RGV6, STM32H563RIT6, STM32H563RIV6, STM32H563VGT6, STM32H563VIT3Q, STM32H563VIT6, STM32H563ZGT6, STM32H563ZIT3Q, STM32H563ZIT6, STM32H573AII3Q, STM32H573AII6, STM32H573I-DK, STM32H573IIK3Q, STM32H573IIK6, STM32H573IIT3Q, STM32H573IIT6, STM32H573MIY3QTR, STM32H573RIT6, STM32H573RIV6, STM32H573VIT3Q, STM32H573VIT6, STM32H573ZIT3Q, STM32H573ZIT6, STM32H7R3A8I6, STM32H7R3I8K6, STM32H7R3I8T6, STM32H7R3L8H6, STM32H7R3L8H6H, STM32H7R3R8V6, STM32H7R3V8H6, STM32H7R3V8T6, STM32H7R3V8Y6TR, STM32H7R3Z8J6, STM32H7R3Z8T6, STM32H7R7A8I6, STM32H7R7I8K6, STM32H7R7I8T6, STM32H7R7L8H6, STM32H7R7L8H6H, STM32H7R7Z8J6, STM32H7S3A8I6, STM32H7S3I8K6, STM32H7S3I8T6, STM32H7S3L8H6, STM32H7S3L8H6H, STM32H7S3R8V6, STM32H7S3V8H6, STM32H7S3V8T6, STM32H7S3V8Y6TR, STM32H7S3Z8J6, STM32H7S3Z8T6, STM32H7S78-DK, STM32H7S7A8I6, STM32H7S7I8K6, STM32H7S7I8T6, STM32H7S7L8H6, STM32H7S7L8H6H, STM32H7S7Z8J6, STM32L4R5QGI6STR, STM32MP131AAE3, STM32MP131AAF3, STM32MP131AAG3, STM32MP131CAE3, STM32MP131CAF3, STM32MP131CAG3, STM32MP131DAE7, STM32MP131DAF7, STM32MP131DAG7, STM32MP131FAE7, STM32MP131FAF7, STM32MP131FAG7, STM32MP133AAE3, STM32MP133AAF3, STM32MP133AAG3, STM32MP133CAE3, STM32MP133CAF3, STM32MP133CAG3, STM32MP133DAE7, STM32MP133DAF7, STM32MP133DAG7, STM32MP133FAE7, STM32MP133FAF7, STM32MP133FAG7, STM32MP135AAE3, STM32MP135AAF3, STM32MP135AAG3, STM32MP135CAE3, STM32MP135CAF3, STM32MP135CAG3, STM32MP135DAE7, STM32MP135DAF7, STM32MP135DAG7, STM32MP135F-DK, STM32MP135FAE7, STM32MP135FAF7, STM32MP135FAF7T, STM32MP135FAF7U, STM32MP135FAG7, STM32MP251AAI3, STM32MP251AAK3, STM32MP251AAL3, STM32MP251CAI3, STM32MP251CAK3, STM32MP251CAL3, STM32MP251DAI3, STM32MP251DAK3, STM32MP251DAL3, STM32MP251FAI3, STM32MP251FAK3, STM32MP251FAL3, STM32MP253AAI3, STM32MP253AAK3, STM32MP253AAL3, STM32MP253CAI3, STM32MP253CAK3, STM32MP253CAL3, STM32MP253DAI3, STM32MP253DAK3, STM32MP253DAL3, STM32MP253FAI3, STM32MP253FAK3, STM32MP253FAL3, STM32MP255AAI3, STM32MP255AAK3, STM32MP255AAL3, STM32MP255CAI3, STM32MP255CAK3, STM32MP255CAL3, STM32MP255DAI3, STM32MP255DAK3, STM32MP255DAL3, STM32MP255FAI3, STM32MP255FAK3, STM32MP255FAL3, STM32MP257AAI3, STM32MP257AAK3, STM32MP257AAL3, STM32MP257CAI3, STM32MP257CAK3, STM32MP257CAL3, STM32MP257DAI3, STM32MP257DAK3, STM32MP257DAL3, STM32MP257F-DK, STM32MP257F-EV1, STM32MP257FAI3, STM32MP257FAK3, STM32MP257FAL3, STM32U031C6T6, STM32U031C6U6, STM32U031C8T6, STM32U031C8U6, STM32U031F4P6, STM32U031F6P6, STM32U031F8P6, STM32U031G6Y6TR, STM32U031G8Y6TR, STM32U031K4U6, STM32U031K6U6, STM32U031K8U6, STM32U031R6I6, STM32U031R6T6, STM32U031R8I6, STM32U031R8T6, STM32U073C8T6, STM32U073C8U6, STM32U073CBT6, STM32U073CBU6, STM32U073CCT6, STM32U073CCU6, STM32U073H8Y6TR, STM32U073HBY6TR, STM32U073HCY6TR, STM32U073K8U6, STM32U073KBU6, STM32U073KCU6, STM32U073M8I6, STM32U073M8T6, STM32U073MBI6, STM32U073MBT6, STM32U073MCI6, STM32U073MCT6, STM32U073R8I6, STM32U073R8T6, STM32U073RBI6, STM32U073RBT6, STM32U073RCI6, STM32U073RCT6, STM32U083C-DK, STM32U083CCT6, STM32U083CCU6, STM32U083HCY6TR, STM32U083KCU6, STM32U083MCI6, STM32U083MCT6, STM32U083RCI6, STM32U083RCT6, STM32U535CBT6, STM32U535CBT6Q, STM32U535CBU6, STM32U535CBU6Q, STM32U535CCT6, STM32U535CCT6Q, STM32U535CCU6, STM32U535CCU6Q, STM32U535CET6, STM32U535CET6Q, STM32U535CEU6, STM32U535CEU6Q, STM32U535JEY6QTR, STM32U535NCY6QTR, STM32U535NEY6QTR, STM32U535RBI6, STM32U535RBI6Q, STM32U535RBT6, STM32U535RBT6Q, STM32U535RCI6, STM32U535RCI6Q, STM32U535RCT6, STM32U535RCT6Q, STM32U535REI6, STM32U535REI6Q, STM32U535RET6, STM32U535RET6Q, STM32U535VCI6, STM32U535VCI6Q, STM32U535VCT6, STM32U535VCT6Q, STM32U535VEI6, STM32U535VEI6Q, STM32U535VET6, STM32U535VET6Q, STM32U545CET6, STM32U545CET6Q, STM32U545CEU6, STM32U545CEU6Q, STM32U545JEY6QTR, STM32U545NEY6QTR, STM32U545REI6, STM32U545REI6Q, STM32U545RET6, STM32U545RET6Q, STM32U545VEI6, STM32U545VEI6Q, STM32U545VET6, STM32U545VET6Q, STM32U595AIH6, STM32U595AIH6Q, STM32U595AJH6, STM32U595AJH6Q, STM32U595QII6, STM32U595QII6Q, STM32U595QJI6, STM32U595QJI6Q, STM32U595RIT6, STM32U595RIT6Q, STM32U595RJT6, STM32U595RJT6Q, STM32U595VIT6, STM32U595VIT6Q, STM32U595VJT6, STM32U595VJT6Q, STM32U595ZIT6, STM32U595ZIT6Q, STM32U595ZIY6QTR, STM32U595ZJT6, STM32U595ZJT6Q, STM32U595ZJY6QTR, STM32U599BJY6QTR, STM32U599NIH6Q, STM32U599NJH6Q, STM32U599VIT6Q, STM32U599VJT6, STM32U599VJT6Q, STM32U599ZIT6Q, STM32U599ZIY6QTR, STM32U599ZJT6Q, STM32U599ZJY6QTR, STM32U5A5AJH6, STM32U5A5AJH6Q, STM32U5A5QII3Q , STM32U5A5QJI6, STM32U5A5QJI6Q, STM32U5A5RJT6, STM32U5A5RJT6Q, STM32U5A5VJT6, STM32U5A5VJT6Q, STM32U5A5ZJT6, STM32U5A5ZJT6Q, STM32U5A5ZJY6QTR, STM32U5A9BJY6QTR, STM32U5A9J-DK, STM32U5A9NJH6Q, STM32U5A9VJT6Q, STM32U5A9ZJT6Q, STM32U5A9ZJY6QTR, STM32U5F7VIT6, STM32U5F7VIT6Q, STM32U5F7VJT6, STM32U5F7VJT6Q, STM32U5F9BJY6QTR, STM32U5F9NJH6Q, STM32U5F9VIT6Q, STM32U5F9VJT6Q, STM32U5F9ZIJ6QTR, STM32U5F9ZIT6Q, STM32U5F9ZJJ6QTR, STM32U5F9ZJT6Q, STM32U5G7VJT6, STM32U5G7VJT6Q, STM32U5G9BJY6QTR, STM32U5G9J-DK1, STM32U5G9J-DK2, STM32U5G9NJH6Q, STM32U5G9VJT6Q, STM32U5G9ZJJ6QTR, STM32U5G9ZJT6Q, STM32WB05KZV6TR, STM32WB05KZV7TR, STM32WB05TZF6TR, STM32WB05TZF7TR, STM32WB06CCF6TR, STM32WB06CCF7TR, STM32WB06CCV6TR, STM32WB06CCV7TR, STM32WB06KCV6TR, STM32WB06KCV7TR, STM32WB07CCF6TR, STM32WB07CCF7TR, STM32WB07CCV6TR, STM32WB07CCV7TR, STM32WB07KCV6TR, STM32WB07KCV7TR, STM32WB09KEV6TR, STM32WB09KEV7TR, STM32WB09TEF6TR, STM32WB09TEF7TR, STM32WB1MMCH6, STM32WBA50KGU6, STM32WBA50KGU6TR, STM32WBA52CEU6, STM32WBA52CEU6TR, STM32WBA52CEU7, STM32WBA52CEU7TR, STM32WBA52CGU6, STM32WBA52CGU6TR, STM32WBA52CGU6U, STM32WBA52CGU7, STM32WBA52CGU7TR, STM32WBA52KEU6, STM32WBA52KEU6TR, STM32WBA52KGU6, STM32WBA52KGU6TR, STM32WBA54CEU6, STM32WBA54CEU6TR, STM32WBA54CEU7, STM32WBA54CEU7TR, STM32WBA54CGU6, STM32WBA54CGU6TR, STM32WBA54CGU7, STM32WBA54CGU7TR, STM32WBA54KEU6, STM32WBA54KEU6TR, STM32WBA54KEU7, STM32WBA54KEU7TR, STM32WBA54KGU6, STM32WBA54KGU6TR, STM32WBA54KGU7, STM32WBA54KGU7TR, STM32WBA55CEU6, STM32WBA55CEU6TR, STM32WBA55CEU7, STM32WBA55CEU7TR, STM32WBA55CGU6, STM32WBA55CGU6TR, STM32WBA55CGU6U, STM32WBA55CGU7, STM32WBA55CGU7TR, STM32WBA55G-DK1, STM32WBA55HEF6, STM32WBA55HEF7, STM32WBA55HGF6, STM32WBA55HGF7, STM32WBA55UEI6, STM32WBA55UEI6TR, STM32WBA55UEI7, STM32WBA55UEI7TR, STM32WBA55UGI6, STM32WBA55UGI6TR, STM32WBA55UGI7, STM32WBA55UGI7TR, STM32WL5MOCH6, STM32WL5MOCH6TR]
2026-01-22 11:05:53,878 [INFO] DbMcus:218 - Found 4816 MCUs, 4816 are supported
2026-01-22 11:05:53,886 [INFO] ApiDb:423 - Load user favorites file C:\Users\brady/.stm32cubeide/favorites.mcus.txt: 1 item(s)
2026-01-22 11:05:53,886 [INFO] ApiDb:427 - User favorites MCUs=[STM32F412ZGT6]
2026-01-22 11:05:53,886 [INFO] DbMcus:224 - Set 1 / 1 favorites MCUs
2026-01-22 11:05:54,155 [INFO] BoardInfo:889 - No configuration file found for board B-WBA5M-WPAN
2026-01-22 11:05:54,156 [INFO] DbBoards:161 - Board is not supported: B-WBA5M-WPAN
2026-01-22 11:05:54,159 [INFO] BoardInfo:889 - No configuration file found for board NUCLEO-C051C8
2026-01-22 11:05:54,160 [INFO] DbBoards:161 - Board is not supported: NUCLEO-C051C8
2026-01-22 11:05:54,162 [INFO] BoardInfo:889 - No configuration file found for board NUCLEO-C092RC
2026-01-22 11:05:54,163 [INFO] DbBoards:161 - Board is not supported: NUCLEO-C092RC
2026-01-22 11:05:54,228 [INFO] BoardInfo:889 - No configuration file found for board NUCLEO-N657X0-Q
2026-01-22 11:05:54,229 [INFO] DbBoards:161 - Board is not supported: NUCLEO-N657X0-Q
2026-01-22 11:05:54,232 [INFO] BoardInfo:889 - No configuration file found for board NUCLEO-U385RG-Q
2026-01-22 11:05:54,232 [INFO] DbBoards:161 - Board is not supported: NUCLEO-U385RG-Q
2026-01-22 11:05:54,242 [INFO] BoardInfo:889 - No configuration file found for board NUCLEO-WBA65RI
2026-01-22 11:05:54,243 [INFO] DbBoards:161 - Board is not supported: NUCLEO-WBA65RI
2026-01-22 11:05:54,243 [INFO] BoardInfo:889 - No configuration file found for board NUCLEO-WL33CC1
2026-01-22 11:05:54,244 [INFO] DbBoards:161 - Board is not supported: NUCLEO-WL33CC1
2026-01-22 11:05:54,245 [INFO] BoardInfo:889 - No configuration file found for board NUCLEO-WL33CC2
2026-01-22 11:05:54,245 [INFO] DbBoards:161 - Board is not supported: NUCLEO-WL33CC2
2026-01-22 11:05:54,250 [INFO] BoardInfo:889 - No configuration file found for board P-NUCLEO-WB55
2026-01-22 11:05:54,250 [INFO] DbBoards:161 - Kit is not supported: P-NUCLEO-WB55
2026-01-22 11:05:54,254 [INFO] BoardInfo:889 - No configuration file found for board STEVAL-BFA001V1B
2026-01-22 11:05:54,255 [INFO] DbBoards:161 - Kit is not supported: STEVAL-BFA001V1B
2026-01-22 11:05:54,255 [INFO] BoardInfo:889 - No configuration file found for board STEVAL-BFA001V2B
2026-01-22 11:05:54,256 [INFO] DbBoards:161 - Kit is not supported: STEVAL-BFA001V2B
2026-01-22 11:05:54,350 [INFO] BoardInfo:889 - No configuration file found for board STM32N6570-DK
2026-01-22 11:05:54,350 [INFO] DbBoards:161 - Board is not supported: STM32N6570-DK
2026-01-22 11:05:54,360 [INFO] BoardInfo:889 - No configuration file found for board STM32WBA65I-DK1
2026-01-22 11:05:54,361 [INFO] DbBoards:161 - Board is not supported: STM32WBA65I-DK1
2026-01-22 11:05:54,361 [INFO] DbBoards:168 - Found 211 boards, 198 are supported
2026-01-22 11:05:54,361 [INFO] DbBoards:169 - Found 211 boards, 25 of them is supported for  Bsp
2026-01-22 11:05:54,364 [INFO] ApiDb:423 - Load user favorites file C:\Users\brady/.stm32cubeide/favorites.boards.txt: 0 item(s)
2026-01-22 11:05:54,364 [INFO] ApiDb:427 - User favorites Boards=[]
2026-01-22 11:05:54,364 [INFO] DbBoards:198 - Set 0 / 0 favorites Boards
2026-01-22 11:05:54,421 [INFO] UtilMem:75 - End LoadConfig() Used Memory: 472669712 Bytes (576716800)
2026-01-22 11:05:54,530 [WARN] ThirdParty:833 - waiting for thirdparty lock release [change project]
2026-01-22 11:05:54,530 [INFO] ThirdParty:835 - entering critical section [change project]
2026-01-22 11:05:54,530 [INFO] ThirdParty:1030 - CMSIS Pack Vendor :STMicroelectronics X-CUBE-PM33A1 1.0.0
2026-01-22 11:05:54,530 [INFO] ThirdParty:1030 - CMSIS Pack Vendor :STMicroelectronics USBPD 4.1
2026-01-22 11:05:54,530 [INFO] ThirdParty:1030 - CMSIS Pack Vendor :STMicroelectronics X-CUBE-GNSS1 6.0.0
2026-01-22 11:05:54,530 [INFO] ThirdParty:1030 - CMSIS Pack Vendor :STMicroelectronics USB_HOST 2.0.0
2026-01-22 11:05:54,530 [INFO] ThirdParty:1030 - CMSIS Pack Vendor :STMicroelectronics FP-SNS-MOTENVWB1 1.4.0
2026-01-22 11:05:54,530 [INFO] ThirdParty:1030 - CMSIS Pack Vendor :STMicroelectronics X-CUBE-AZRTOS-F4 1.1.0
2026-01-22 11:05:54,530 [INFO] ThirdParty:1030 - CMSIS Pack Vendor :STMicroelectronics LIBJPEG 8.0.0
2026-01-22 11:05:54,530 [INFO] ThirdParty:1030 - CMSIS Pack Vendor :STMicroelectronics FP-ATR-ASTRA1 2.0.2
2026-01-22 11:05:54,530 [INFO] ThirdParty:1030 - CMSIS Pack Vendor :STMicroelectronics FP-ATR-ASTRA1 2.0.1
2026-01-22 11:05:54,530 [INFO] ThirdParty:1030 - CMSIS Pack Vendor :STMicroelectronics X-CUBE-SMBUS 2.1.0
2026-01-22 11:05:54,530 [INFO] ThirdParty:1030 - CMSIS Pack Vendor :STMicroelectronics X-CUBE-WB05N 1.1.0
2026-01-22 11:05:54,530 [INFO] ThirdParty:1030 - CMSIS Pack Vendor :STMicroelectronics X-CUBE-ISPU 2.1.0
2026-01-22 11:05:54,530 [INFO] ThirdParty:1030 - CMSIS Pack Vendor :STMicroelectronics X-CUBE-FREERTOS 1.2.0
2026-01-22 11:05:54,530 [INFO] ThirdParty:1030 - CMSIS Pack Vendor :STMicroelectronics X-CUBE-NFC12 1.0.0
2026-01-22 11:05:54,530 [INFO] ThirdParty:1030 - CMSIS Pack Vendor :STMicroelectronics X-CUBE-AZRTOS-F7 1.1.0
2026-01-22 11:05:54,530 [INFO] ThirdParty:1030 - CMSIS Pack Vendor :STMicroelectronics X-CUBE-AZRTOS-L5 2.0.0
2026-01-22 11:05:54,530 [INFO] ThirdParty:1030 - CMSIS Pack Vendor :STMicroelectronics USB_DEVICE 2.0.0
2026-01-22 11:05:54,530 [INFO] ThirdParty:1030 - CMSIS Pack Vendor :STMicroelectronics X-CUBE-NFC6 3.1.0
2026-01-22 11:05:54,530 [INFO] ThirdParty:1030 - CMSIS Pack Vendor :STMicroelectronics X-CUBE-MEMS1 11.0.0
2026-01-22 11:05:54,530 [INFO] ThirdParty:1030 - CMSIS Pack Vendor :STMicroelectronics FreeRTOS 0.0.1
2026-01-22 11:05:54,530 [INFO] ThirdParty:1030 - CMSIS Pack Vendor :STMicroelectronics X-CUBE-DPower 1.2.0
2026-01-22 11:05:54,530 [INFO] ThirdParty:1030 - CMSIS Pack Vendor :STMicroelectronics FP-SNS-FLIGHT1 5.0.2
2026-01-22 11:05:54,530 [INFO] ThirdParty:1030 - CMSIS Pack Vendor :STMicroelectronics X-CUBE-AI 9.0.0
2026-01-22 11:05:54,530 [INFO] ThirdParty:1030 - CMSIS Pack Vendor :STMicroelectronics PDM2PCM 3.3.0
2026-01-22 11:05:54,530 [INFO] ThirdParty:1030 - CMSIS Pack Vendor :STMicroelectronics X-CUBE-AZRTOS-H7 3.4.0
2026-01-22 11:05:54,530 [INFO] ThirdParty:1030 - CMSIS Pack Vendor :STMicroelectronics X-CUBE-DISPLAY 3.0.0
2026-01-22 11:05:54,530 [INFO] ThirdParty:1030 - CMSIS Pack Vendor :STMicroelectronics X-CUBE-BLE1 7.0.0
2026-01-22 11:05:54,530 [INFO] ThirdParty:1030 - CMSIS Pack Vendor :STMicroelectronics X-CUBE-NFC10 1.0.0
2026-01-22 11:05:54,530 [INFO] ThirdParty:1030 - CMSIS Pack Vendor :STMicroelectronics X-CUBE-BLEMGR 4.0.0
2026-01-22 11:05:54,530 [INFO] ThirdParty:1030 - CMSIS Pack Vendor :STMicroelectronics X-CUBE-FREERTOS 1.3.1
2026-01-22 11:05:54,530 [INFO] ThirdParty:1030 - CMSIS Pack Vendor :STMicroelectronics HAL Drivers 0.0.0
2026-01-22 11:05:54,530 [INFO] ThirdParty:1030 - CMSIS Pack Vendor :emotas I-CUBE-CANOPEN 1.3.0
2026-01-22 11:05:54,530 [INFO] ThirdParty:1030 - CMSIS Pack Vendor :STMicroelectronics X-CUBE-FREERTOS 1.3.0
2026-01-22 11:05:54,530 [INFO] ThirdParty:1030 - CMSIS Pack Vendor :STMicroelectronics X-CUBE-NFC7 1.0.1
2026-01-22 11:05:54,530 [INFO] ThirdParty:1030 - CMSIS Pack Vendor :STMicroelectronics MBEDTLS 2.14.1
2026-01-22 11:05:54,530 [INFO] ThirdParty:1030 - CMSIS Pack Vendor :STMicroelectronics X-CUBE-GNSS1 7.1.0
2026-01-22 11:05:54,531 [INFO] ThirdParty:1030 - CMSIS Pack Vendor :STMicroelectronics X-CUBE-TOUCHGFX 4.26.0
2026-01-22 11:05:54,531 [INFO] ThirdParty:1030 - CMSIS Pack Vendor :STMicroelectronics X-CUBE-BLEMGR 3.1.0
2026-01-22 11:05:54,531 [INFO] ThirdParty:1030 - CMSIS Pack Vendor :STMicroelectronics X-CUBE-AI 10.0.0
2026-01-22 11:05:54,531 [INFO] ThirdParty:1030 - CMSIS Pack Vendor :STMicroelectronics FP-SNS-SMARTAG2 1.2.0
2026-01-22 11:05:54,531 [INFO] ThirdParty:1030 - CMSIS Pack Vendor :STMicroelectronics X-CUBE-MEMS1 11.1.0
2026-01-22 11:05:54,531 [INFO] ThirdParty:1030 - CMSIS Pack Vendor :STMicroelectronics X-CUBE-AZRTOS-WL 2.0.0
2026-01-22 11:05:54,531 [INFO] ThirdParty:1030 - CMSIS Pack Vendor :STMicroelectronics X-CUBE-DPower 1.3.0
2026-01-22 11:05:54,531 [INFO] ThirdParty:1030 - CMSIS Pack Vendor :STMicroelectronics FP-SNS-MOTENV1 5.0.0
2026-01-22 11:05:54,531 [INFO] ThirdParty:1030 - CMSIS Pack Vendor :STMicroelectronics USB_DEVICE 1.0.0
2026-01-22 11:05:54,531 [INFO] ThirdParty:1030 - CMSIS Pack Vendor :STMicroelectronics X-CUBE-AZRTOS-H7RS 1.2.0
2026-01-22 11:05:54,531 [INFO] ThirdParty:1030 - CMSIS Pack Vendor :wolfSSL I-CUBE-wolfMQTT 1.19.0
2026-01-22 11:05:54,531 [INFO] ThirdParty:1030 - CMSIS Pack Vendor :STMicroelectronics X-CUBE-AZRTOS-L4 2.0.0
2026-01-22 11:05:54,531 [INFO] ThirdParty:1030 - CMSIS Pack Vendor :STMicroelectronics ThreadX 0.0.2
2026-01-22 11:05:54,531 [INFO] ThirdParty:1030 - CMSIS Pack Vendor :WES I-CUBE-Cesium 1.3.0
2026-01-22 11:05:54,531 [INFO] ThirdParty:1030 - CMSIS Pack Vendor :STMicroelectronics lwIP 2.1.2
2026-01-22 11:05:54,531 [INFO] ThirdParty:1030 - CMSIS Pack Vendor :STMicroelectronics X-CUBE-SFXS2LP1 4.0.0
2026-01-22 11:05:54,531 [INFO] ThirdParty:1030 - CMSIS Pack Vendor :STMicroelectronics X-CUBE-BLE2 3.3.0
2026-01-22 11:05:54,531 [INFO] ThirdParty:1030 - CMSIS Pack Vendor :STMicroelectronics PDM2PCM 3.2.0
2026-01-22 11:05:54,531 [INFO] ThirdParty:1030 - CMSIS Pack Vendor :STMicroelectronics X-CUBE-AZRTOS-H7 3.3.0
2026-01-22 11:05:54,531 [INFO] ThirdParty:1030 - CMSIS Pack Vendor :STMicroelectronics X-CUBE-NFC9 1.0.0
2026-01-22 11:05:54,531 [INFO] ThirdParty:1030 - CMSIS Pack Vendor :STMicroelectronics X-CUBE-BLE1 7.1.0
2026-01-22 11:05:54,531 [INFO] ThirdParty:1030 - CMSIS Pack Vendor :STMicroelectronics USB_DEVICE 3.0.0
2026-01-22 11:05:54,531 [INFO] ThirdParty:1030 - CMSIS Pack Vendor :STMicroelectronics X-CUBE-TCPP 4.1.0
2026-01-22 11:05:54,531 [INFO] ThirdParty:1030 - CMSIS Pack Vendor :STMicroelectronics X-CUBE-EEPRMA1 5.2.0
2026-01-22 11:05:54,531 [INFO] ThirdParty:1030 - CMSIS Pack Vendor :STMicroelectronics X-CUBE-IPS 3.0.0
2026-01-22 11:05:54,531 [INFO] ThirdParty:1030 - CMSIS Pack Vendor :STMicroelectronics X-CUBE-AZRTOS-WB 2.0.0
2026-01-22 11:05:54,531 [INFO] ThirdParty:1030 - CMSIS Pack Vendor :STMicroelectronics X-CUBE-GNSS1 7.0.0
2026-01-22 11:05:54,531 [INFO] ThirdParty:1030 - CMSIS Pack Vendor :STMicroelectronics X-CUBE-GNSS1 7.0.1
2026-01-22 11:05:54,531 [INFO] ThirdParty:1030 - CMSIS Pack Vendor :STMicroelectronics X-CUBE-TOUCHGFX 4.25.0
2026-01-22 11:05:54,531 [INFO] ThirdParty:1030 - CMSIS Pack Vendor :STMicroelectronics X-CUBE-AI 10.1.0
2026-01-22 11:05:54,531 [INFO] ThirdParty:1030 - CMSIS Pack Vendor :STMicroelectronics FP-SNS-STBOX1 2.0.0
2026-01-22 11:05:54,531 [INFO] ThirdParty:1030 - CMSIS Pack Vendor :STMicroelectronics X-CUBE-MEMS1 12.0.0
2026-01-22 11:05:54,531 [INFO] ThirdParty:1030 - CMSIS Pack Vendor :STMicroelectronics X-CUBE-STSE01 2.0.0
2026-01-22 11:05:54,531 [INFO] ThirdParty:1030 - CMSIS Pack Vendor :STMicroelectronics X-CUBE-MEMS1 11.2.0
2026-01-22 11:05:54,531 [INFO] ThirdParty:1030 - CMSIS Pack Vendor :STMicroelectronics X-CUBE-AZRTOS-G0 1.1.0
2026-01-22 11:05:54,531 [INFO] ThirdParty:1030 - CMSIS Pack Vendor :STMicroelectronics X-CUBE-SAFEA1 1.2.2
2026-01-22 11:05:54,531 [INFO] ThirdParty:1030 - CMSIS Pack Vendor :STMicroelectronics X-CUBE-NFC4 3.0.0
2026-01-22 11:05:54,531 [INFO] ThirdParty:1030 - CMSIS Pack Vendor :STMicroelectronics X-CUBE-SUBG2 5.0.0
2026-01-22 11:05:54,531 [INFO] ThirdParty:1030 - CMSIS Pack Vendor :STMicroelectronics X-CUBE-AZRTOS-H7RS 1.1.0
2026-01-22 11:05:54,531 [INFO] ThirdParty:1030 - CMSIS Pack Vendor :STMicroelectronics STM32_WPAN 1.0.0
2026-01-22 11:05:54,531 [INFO] ThirdParty:1030 - CMSIS Pack Vendor :EmbeddedOffice I-CUBE-FS-RTOS 1.0.1
2026-01-22 11:05:54,531 [INFO] ThirdParty:1030 - CMSIS Pack Vendor :STMicroelectronics lwIP 2.0.3
2026-01-22 11:05:54,531 [INFO] ThirdParty:1030 - CMSIS Pack Vendor :Cesanta I-CUBE-Mongoose 7.13.0
2026-01-22 11:05:54,531 [INFO] ThirdParty:1030 - CMSIS Pack Vendor :STMicroelectronics USB_HOST 1.0.0
2026-01-22 11:05:54,531 [INFO] ThirdParty:1030 - CMSIS Pack Vendor :STMicroelectronics X-CUBE-AZRTOS-G4 2.0.0
2026-01-22 11:05:54,531 [INFO] ThirdParty:1030 - CMSIS Pack Vendor :STMicroelectronics X-CUBE-WB05N 2.0.0
2026-01-22 11:05:54,531 [INFO] ThirdParty:1030 - CMSIS Pack Vendor :STMicroelectronics PDM2PCM 3.1.0
2026-01-22 11:05:54,531 [INFO] ThirdParty:1030 - CMSIS Pack Vendor :STMicroelectronics X-CUBE-NFC7 2.0.0
2026-01-22 11:05:54,531 [INFO] ThirdParty:1030 - CMSIS Pack Vendor :RealThread X-CUBE-RT-Thread_Nano 4.1.1
2026-01-22 11:05:54,531 [INFO] ThirdParty:1030 - CMSIS Pack Vendor :STMicroelectronics FP-ATR-SIGFOX1 3.2.0
2026-01-22 11:05:54,531 [INFO] ThirdParty:1030 - CMSIS Pack Vendor :wolfSSL I-CUBE-wolfSSL 5.7.2
2026-01-22 11:05:54,531 [INFO] ThirdParty:1030 - CMSIS Pack Vendor :quantropi X-CUBE-qispace-sdk-base 1.9.3
2026-01-22 11:05:54,531 [INFO] ThirdParty:1030 - CMSIS Pack Vendor :STMicroelectronics X-CUBE-ISPU 2.0.0
2026-01-22 11:05:54,531 [INFO] ThirdParty:1030 - CMSIS Pack Vendor :STMicroelectronics X-CUBE-EEPRMA1 5.1.0
2026-01-22 11:05:54,531 [INFO] ThirdParty:1030 - CMSIS Pack Vendor :STMicroelectronics MBEDTLS 2.16.2
2026-01-22 11:05:54,531 [INFO] ThirdParty:1030 - CMSIS Pack Vendor :STMicroelectronics X-CUBE-ALS 1.0.2
2026-01-22 11:05:54,531 [INFO] ThirdParty:1030 - CMSIS Pack Vendor :STMicroelectronics X-CUBE-TOUCHGFX 4.24.0
2026-01-22 11:05:54,531 [INFO] ThirdParty:1030 - CMSIS Pack Vendor :ITTIA_DB I-CUBE-ITTIADB 8.9.0
2026-01-22 11:05:54,531 [INFO] ThirdParty:1030 - CMSIS Pack Vendor :STMicroelectronics X-CUBE-TOUCHGFX 4.24.2
2026-01-22 11:05:54,532 [INFO] ThirdParty:1030 - CMSIS Pack Vendor :STMicroelectronics X-CUBE-TOUCHGFX 4.24.1
2026-01-22 11:05:54,532 [INFO] ThirdParty:1030 - CMSIS Pack Vendor :STMicroelectronics X-CUBE-STSE01 1.0.0
2026-01-22 11:05:54,532 [INFO] ThirdParty:1030 - CMSIS Pack Vendor :wolfSSL I-CUBE-wolfTPM 3.4.0
2026-01-22 11:05:54,532 [INFO] ThirdParty:1030 - CMSIS Pack Vendor :portGmbH I-Cube-SoM-uGOAL 1.1.0
2026-01-22 11:05:54,532 [INFO] ThirdParty:1030 - CMSIS Pack Vendor :STMicroelectronics X-CUBE-NFC6 3.2.0
2026-01-22 11:05:54,532 [INFO] ThirdParty:1030 - CMSIS Pack Vendor :STMicroelectronics X-CUBE-AI 10.2.0
2026-01-22 11:05:54,532 [INFO] ThirdParty:1030 - CMSIS Pack Vendor :STMicroelectronics ThreadX 1.0.0
2026-01-22 11:05:54,532 [INFO] ThirdParty:1030 - CMSIS Pack Vendor :SEGGER I-CUBE-embOS 1.3.1
2026-01-22 11:05:54,532 [INFO] ThirdParty:1030 - CMSIS Pack Vendor :STMicroelectronics X-CUBE-ALGOBUILD 1.4.0
2026-01-22 11:05:54,532 [INFO] ThirdParty:1030 - CMSIS Pack Vendor :STMicroelectronics X-CUBE-MEMS1 11.3.0
2026-01-22 11:05:54,532 [INFO] ThirdParty:1030 - CMSIS Pack Vendor :STMicroelectronics X-CUBE-AZRTOS-H7RS 1.0.0
2026-01-22 11:05:54,532 [INFO] ThirdParty:1030 - CMSIS Pack Vendor :STMicroelectronics FP-ATR-ASTRA1 2.0.0
2026-01-22 11:05:54,532 [INFO] ThirdParty:1030 - CMSIS Pack Vendor :STMicroelectronics X-CUBE-TOF1 3.4.2
2026-01-22 11:05:54,532 [INFO] ThirdParty:1030 - CMSIS Pack Vendor :STMicroelectronics X-CUBE-AI 9.1.0
2026-01-22 11:05:54,532 [INFO] ThirdParty:1030 - CMSIS Pack Vendor :Infineon AIROC-Wi-Fi-Bluetooth-STM32 1.6.1
2026-01-22 11:05:54,532 [INFO] ThirdParty:1030 - CMSIS Pack Vendor :wolfSSL I-CUBE-wolfSSH 1.4.17
2026-01-22 11:05:54,532 [INFO] ThirdParty:841 - exiting critical section [change project]
2026-01-22 11:05:54,901 [INFO] PinOutPanel:1561 - setPackage(No Configuration,No Configuration)
2026-01-22 11:05:54,902 [INFO] PinOutPanel:1561 - setPackage(STM32H743VGTx,LQFP100)
2026-01-22 11:05:55,583 [INFO] UtilMem:75 - Before build in PCC Used Memory: 359957152 Bytes (576716800)
2026-01-22 11:05:56,563 [INFO] UtilMem:75 - After build in PCC Used Memory: 438600352 Bytes (576716800)
2026-01-22 11:05:56,716 [INFO] ApiDbMcu:508 - Load IP Config File for FATFS
2026-01-22 11:05:56,754 [INFO] IPUIPlugin:80 - create IPUIPlugin
2026-01-22 11:05:56,754 [INFO] IPUIPlugin:80 - create IPUIPlugin
2026-01-22 11:05:56,754 [INFO] IPUIPlugin:80 - create IPUIPlugin
2026-01-22 11:05:56,754 [INFO] IPUIPlugin:80 - create IPUIPlugin
2026-01-22 11:05:56,754 [INFO] IPUIPlugin:80 - create IPUIPlugin
2026-01-22 11:05:56,754 [INFO] IPUIPlugin:80 - create IPUIPlugin
2026-01-22 11:05:56,754 [INFO] IPUIPlugin:80 - create IPUIPlugin
2026-01-22 11:05:56,755 [INFO] IPUIPlugin:80 - create IPUIPlugin
2026-01-22 11:05:56,755 [INFO] IPUIPlugin:80 - create IPUIPlugin
2026-01-22 11:05:56,755 [INFO] IPUIPlugin:80 - create IPUIPlugin
2026-01-22 11:05:56,755 [INFO] IPUIPlugin:80 - create IPUIPlugin
2026-01-22 11:05:56,755 [INFO] IPUIPlugin:80 - create IPUIPlugin
2026-01-22 11:05:56,755 [INFO] IPUIPlugin:80 - create IPUIPlugin
2026-01-22 11:05:56,755 [INFO] IPUIPlugin:80 - create IPUIPlugin
2026-01-22 11:05:56,755 [INFO] IPUIPlugin:80 - create IPUIPlugin
2026-01-22 11:05:56,755 [INFO] IPUIPlugin:80 - create IPUIPlugin
2026-01-22 11:05:56,755 [INFO] IPUIPlugin:80 - create IPUIPlugin
2026-01-22 11:05:56,755 [INFO] IPUIPlugin:80 - create IPUIPlugin
2026-01-22 11:05:56,755 [INFO] IPUIPlugin:80 - create IPUIPlugin
2026-01-22 11:05:56,755 [INFO] IPUIPlugin:80 - create IPUIPlugin
2026-01-22 11:05:56,755 [INFO] IPUIPlugin:80 - create IPUIPlugin
2026-01-22 11:05:56,755 [INFO] IPUIPlugin:80 - create IPUIPlugin
2026-01-22 11:05:56,755 [INFO] IPUIPlugin:80 - create IPUIPlugin
2026-01-22 11:05:56,756 [INFO] IPUIPlugin:80 - create IPUIPlugin
2026-01-22 11:05:56,756 [INFO] IPUIPlugin:80 - create IPUIPlugin
2026-01-22 11:05:56,756 [INFO] IPUIPlugin:80 - create IPUIPlugin
2026-01-22 11:05:56,756 [INFO] IPUIPlugin:80 - create IPUIPlugin
2026-01-22 11:05:56,756 [INFO] IPUIPlugin:80 - create IPUIPlugin
2026-01-22 11:05:56,756 [INFO] IPUIPlugin:80 - create IPUIPlugin
2026-01-22 11:05:56,756 [INFO] IPUIPlugin:80 - create IPUIPlugin
2026-01-22 11:05:56,756 [INFO] IPUIPlugin:80 - create IPUIPlugin
2026-01-22 11:05:56,756 [INFO] IPUIPlugin:80 - create IPUIPlugin
2026-01-22 11:05:56,756 [INFO] IPUIPlugin:80 - create IPUIPlugin
2026-01-22 11:05:56,756 [INFO] IPUIPlugin:80 - create IPUIPlugin
2026-01-22 11:05:56,756 [INFO] IPUIPlugin:80 - create IPUIPlugin
2026-01-22 11:05:56,757 [INFO] IPUIPlugin:80 - create IPUIPlugin
2026-01-22 11:05:56,758 [INFO] IPUIPlugin:80 - create IPUIPlugin
2026-01-22 11:05:56,758 [INFO] IPUIPlugin:80 - create IPUIPlugin
2026-01-22 11:05:56,758 [INFO] IPUIPlugin:80 - create IPUIPlugin
2026-01-22 11:05:56,758 [INFO] IPUIPlugin:80 - create IPUIPlugin
2026-01-22 11:05:56,758 [INFO] IPUIPlugin:80 - create IPUIPlugin
2026-01-22 11:05:56,758 [INFO] IPUIPlugin:80 - create IPUIPlugin
2026-01-22 11:05:56,758 [INFO] IPUIPlugin:80 - create IPUIPlugin
2026-01-22 11:05:56,758 [INFO] IPUIPlugin:80 - create IPUIPlugin
2026-01-22 11:05:56,758 [INFO] IPUIPlugin:80 - create IPUIPlugin
2026-01-22 11:05:56,759 [INFO] IPUIPlugin:80 - create IPUIPlugin
2026-01-22 11:05:56,759 [INFO] IPUIPlugin:80 - create IPUIPlugin
2026-01-22 11:05:56,759 [INFO] IPUIPlugin:80 - create IPUIPlugin
2026-01-22 11:05:56,759 [INFO] IPUIPlugin:80 - create IPUIPlugin
2026-01-22 11:05:56,759 [INFO] IPUIPlugin:80 - create IPUIPlugin
2026-01-22 11:05:56,759 [INFO] IPUIPlugin:80 - create IPUIPlugin
2026-01-22 11:05:56,759 [INFO] IPUIPlugin:80 - create IPUIPlugin
2026-01-22 11:05:56,760 [INFO] IPUIPlugin:80 - create IPUIPlugin
2026-01-22 11:05:56,760 [INFO] IPUIPlugin:80 - create IPUIPlugin
2026-01-22 11:05:56,760 [INFO] IPUIPlugin:80 - create IPUIPlugin
2026-01-22 11:05:56,760 [INFO] IPUIPlugin:80 - create IPUIPlugin
2026-01-22 11:05:56,760 [INFO] IPUIPlugin:80 - create IPUIPlugin
2026-01-22 11:05:56,761 [INFO] IPUIPlugin:80 - create IPUIPlugin
2026-01-22 11:05:56,761 [INFO] IPUIPlugin:80 - create IPUIPlugin
2026-01-22 11:05:56,761 [INFO] IPUIPlugin:80 - create IPUIPlugin
2026-01-22 11:05:56,761 [INFO] IPUIPlugin:80 - create IPUIPlugin
2026-01-22 11:05:56,761 [INFO] IPUIPlugin:80 - create IPUIPlugin
2026-01-22 11:05:56,762 [INFO] IPUIPlugin:80 - create IPUIPlugin
2026-01-22 11:05:56,762 [INFO] IPUIPlugin:80 - create IPUIPlugin
2026-01-22 11:05:56,762 [INFO] IPUIPlugin:80 - create IPUIPlugin
2026-01-22 11:05:56,762 [INFO] IPUIPlugin:80 - create IPUIPlugin
2026-01-22 11:05:56,762 [INFO] IPUIPlugin:80 - create IPUIPlugin
2026-01-22 11:05:56,762 [INFO] IPUIPlugin:80 - create IPUIPlugin
2026-01-22 11:05:56,763 [INFO] IPUIPlugin:80 - create IPUIPlugin
2026-01-22 11:05:56,763 [INFO] IPUIPlugin:80 - create IPUIPlugin
2026-01-22 11:05:56,763 [INFO] IPUIPlugin:80 - create IPUIPlugin
2026-01-22 11:05:56,763 [INFO] IPUIPlugin:80 - create IPUIPlugin
2026-01-22 11:05:56,763 [INFO] IPUIPlugin:80 - create IPUIPlugin
2026-01-22 11:05:56,764 [INFO] IPUIPlugin:80 - create IPUIPlugin
2026-01-22 11:05:56,764 [INFO] IPUIPlugin:80 - create IPUIPlugin
2026-01-22 11:05:56,764 [INFO] IPUIPlugin:80 - create IPUIPlugin
2026-01-22 11:05:56,764 [INFO] IPUIPlugin:80 - create IPUIPlugin
2026-01-22 11:05:56,764 [INFO] IPUIPlugin:80 - create IPUIPlugin
2026-01-22 11:05:56,765 [INFO] IPUIPlugin:80 - create IPUIPlugin
2026-01-22 11:05:56,765 [INFO] IPUIPlugin:80 - create IPUIPlugin
2026-01-22 11:05:56,765 [INFO] IPUIPlugin:80 - create IPUIPlugin
2026-01-22 11:05:56,765 [INFO] IPUIPlugin:80 - create IPUIPlugin
2026-01-22 11:05:56,765 [INFO] IPUIPlugin:80 - create IPUIPlugin
2026-01-22 11:05:56,766 [INFO] IPUIPlugin:80 - create IPUIPlugin
2026-01-22 11:05:56,766 [INFO] IPUIPlugin:80 - create IPUIPlugin
2026-01-22 11:05:56,766 [INFO] IPUIPlugin:80 - create IPUIPlugin
2026-01-22 11:05:56,766 [INFO] IPUIPlugin:80 - create IPUIPlugin
2026-01-22 11:05:56,766 [INFO] IPUIPlugin:80 - create IPUIPlugin
2026-01-22 11:05:56,767 [INFO] IPUIPlugin:80 - create IPUIPlugin
2026-01-22 11:05:56,767 [INFO] IPUIPlugin:80 - create IPUIPlugin
2026-01-22 11:05:56,767 [INFO] IPUIPlugin:80 - create IPUIPlugin
2026-01-22 11:05:56,773 [INFO] IPUIPlugin:80 - create IPUIPlugin
2026-01-22 11:05:56,773 [INFO] IPUIPlugin:80 - create IPUIPlugin
2026-01-22 11:05:56,773 [INFO] IPUIPlugin:80 - create IPUIPlugin
2026-01-22 11:05:56,773 [INFO] IPUIPlugin:80 - create IPUIPlugin
2026-01-22 11:05:56,774 [INFO] IPUIPlugin:80 - create IPUIPlugin
2026-01-22 11:05:56,774 [INFO] IPUIPlugin:80 - create IPUIPlugin
2026-01-22 11:05:56,825 [INFO] ApiDbMcu:508 - Load IP Config File for PDM2PCM
2026-01-22 11:05:57,077 [INFO] CADModel:165 - CPN selected for project levelSTM32H743VGT6
2026-01-22 11:05:57,077 [INFO] CADModel:114 - Register for checkConnection events
2026-01-22 11:05:57,130 [INFO] OpenFileManager:363 - Restore cursor
2026-01-22 11:22:43,707 [ERROR] LogOutputStream:75 - [STDERR_REDIRECT] 
2026-01-22 11:23:48,716 [INFO] Activator:176 - 


2026-01-22 11:23:48,717 [INFO] Activator:177 - !SESSION log4j initialized
2026-01-22 11:23:52,128 [INFO] LogOutputStream:77 - [STDOUT_REDIRECT] 
2026-01-22 11:23:52,895 [INFO] ApplicationProperties:184 - Using Application install path: C:\ST\STM32CubeIDE_1.16.0\STM32CubeIDE\plugins\com.st.stm32cube.common.mx_6.12.0.202406281431
2026-01-22 11:23:52,928 [INFO] DbMcusXml:78 - Set database path to: C:\ST\STM32CubeIDE_1.16.0\STM32CubeIDE\plugins\com.st.stm32cube.common.mx_6.12.0.202406281431\\db\/mcu/
2026-01-22 11:23:52,928 [INFO] ApiDb:274 - Set plugin database path to: C:\ST\STM32CubeIDE_1.16.0\STM32CubeIDE\plugins\com.st.stm32cube.common.mx_6.12.0.202406281431\\db\/plugins/boardmanager/
2026-01-22 11:23:52,928 [WARN] ApiDb:259 - Overriding images path with different value:  => C:\ST\STM32CubeIDE_1.16.0\STM32CubeIDE\plugins\com.st.stm32cube.common.mx_6.12.0.202406281431\\db\/plugins/mcufinder/images/
2026-01-22 11:23:52,933 [INFO] ApiDb:250 - Set database path to: C:\Users\brady\.stmcufinder\plugins\mcufinder//mcu/
2026-01-22 11:23:52,934 [INFO] DbMcusAds:125 - Set database path to: C:\Users\brady\.stmcufinder\plugins\mcufinder//mcu/
2026-01-22 11:23:52,935 [INFO] CrossReferenceDbSqlite:203 - Set database path to: C:\Users\brady\.stmcufinder\plugins\mcufinder//mcu/cs/
2026-01-22 11:23:53,029 [INFO] RulesReader:64 - Compatibility file has been processed (297 Rules)
2026-01-22 11:23:53,088 [INFO] DbMcusXml:78 - Set database path to: C:\ST\STM32CubeIDE_1.16.0\STM32CubeIDE\plugins\com.st.stm32cube.common.mx_6.12.0.202406281431\\db\/mcu/
2026-01-22 11:23:53,088 [INFO] ApiDb:274 - Set plugin database path to: C:\ST\STM32CubeIDE_1.16.0\STM32CubeIDE\plugins\com.st.stm32cube.common.mx_6.12.0.202406281431\\db\/plugins/boardmanager/
2026-01-22 11:23:53,089 [INFO] ApiDb:261 - Set plugin images path to: C:\ST\STM32CubeIDE_1.16.0\STM32CubeIDE\plugins\com.st.stm32cube.common.mx_6.12.0.202406281431\\db\/plugins/mcufinder/images/
2026-01-22 11:23:53,089 [WARN] DbFile:41 - Overriding database path with different value: C:\Users\brady\.stmcufinder\plugins\mcufinder/ => C:\Users\brady\.stmcufinder\plugins\mcufinder
2026-01-22 11:23:53,089 [INFO] ApiDb:250 - Set database path to: C:\Users\brady\.stmcufinder\plugins\mcufinder//mcu/
2026-01-22 11:23:53,089 [WARN] DbFile:41 - Overriding database path with different value: C:\Users\brady\.stmcufinder\plugins\mcufinder/ => C:\Users\brady\.stmcufinder\plugins\mcufinder
2026-01-22 11:23:53,089 [INFO] DbMcusAds:125 - Set database path to: C:\Users\brady\.stmcufinder\plugins\mcufinder//mcu/
2026-01-22 11:23:53,089 [WARN] DbFile:41 - Overriding database path with different value: C:\Users\brady\.stmcufinder\plugins\mcufinder/ => C:\Users\brady\.stmcufinder\plugins\mcufinder
2026-01-22 11:23:53,089 [WARN] DbFile:41 - Overriding database path with different value: C:\Users\brady\.stmcufinder\plugins\mcufinder/ => C:\Users\brady\.stmcufinder\plugins\mcufinder
2026-01-22 11:23:53,089 [INFO] CrossReferenceDbSqlite:203 - Set database path to: C:\Users\brady\.stmcufinder\plugins\mcufinder//mcu/cs/
2026-01-22 11:23:53,140 [INFO] MainPanel:268 - HeapMemory: 268435456
2026-01-22 11:23:53,196 [INFO] DbMcusXml:78 - Set database path to: C:\ST\STM32CubeIDE_1.16.0\STM32CubeIDE\plugins\com.st.stm32cube.common.mx_6.12.0.202406281431\\db\/mcu/
2026-01-22 11:23:53,196 [INFO] ApiDb:274 - Set plugin database path to: C:\ST\STM32CubeIDE_1.16.0\STM32CubeIDE\plugins\com.st.stm32cube.common.mx_6.12.0.202406281431\\db\/plugins/boardmanager/
2026-01-22 11:23:53,196 [INFO] ApiDb:261 - Set plugin images path to: C:\ST\STM32CubeIDE_1.16.0\STM32CubeIDE\plugins\com.st.stm32cube.common.mx_6.12.0.202406281431\\db\/plugins/mcufinder/images/
2026-01-22 11:23:53,196 [WARN] DbFile:41 - Overriding database path with different value: C:\Users\brady\.stmcufinder\plugins\mcufinder/ => C:\Users\brady\.stmcufinder\plugins\mcufinder
2026-01-22 11:23:53,197 [INFO] ApiDb:250 - Set database path to: C:\Users\brady\.stmcufinder\plugins\mcufinder//mcu/
2026-01-22 11:23:53,197 [WARN] DbFile:41 - Overriding database path with different value: C:\Users\brady\.stmcufinder\plugins\mcufinder/ => C:\Users\brady\.stmcufinder\plugins\mcufinder
2026-01-22 11:23:53,197 [INFO] DbMcusAds:125 - Set database path to: C:\Users\brady\.stmcufinder\plugins\mcufinder//mcu/
2026-01-22 11:23:53,197 [WARN] DbFile:41 - Overriding database path with different value: C:\Users\brady\.stmcufinder\plugins\mcufinder/ => C:\Users\brady\.stmcufinder\plugins\mcufinder
2026-01-22 11:23:53,197 [WARN] DbFile:41 - Overriding database path with different value: C:\Users\brady\.stmcufinder\plugins\mcufinder/ => C:\Users\brady\.stmcufinder\plugins\mcufinder
2026-01-22 11:23:53,197 [INFO] CrossReferenceDbSqlite:203 - Set database path to: C:\Users\brady\.stmcufinder\plugins\mcufinder//mcu/cs/
2026-01-22 11:23:53,208 [INFO] ApplicationProperties:184 - Using Application install path: C:\ST\STM32CubeIDE_1.16.0\STM32CubeIDE\plugins\com.st.stm32cube.common.mx_6.12.0.202406281431
2026-01-22 11:23:53,209 [INFO] PluginManage:196 - Search for loadable plugins [exclusion list=, ]
2026-01-22 11:23:53,210 [INFO] PluginManage:310 - Check plugin analytics
2026-01-22 11:23:53,322 [INFO] AnalyticsPlugin:253 - Accepted Software Licenses: STM32CubeMX.6.12.1
2026-01-22 11:23:53,322 [INFO] AnalyticsPlugin:255 - Accepted CMSIS Pack Licenses: 
2026-01-22 11:23:53,323 [INFO] AnalyticsPlugin:257 - Accepted Firmware Licenses: FW.F4.1.28.0,FW.H7.1.11.0
2026-01-22 11:23:53,325 [INFO] PluginManage:359 - Loaded plugin analytics (category:tool,tabindex:-1)
2026-01-22 11:23:53,325 [INFO] PluginManage:310 - Check plugin cadmodel
2026-01-22 11:23:53,328 [INFO] CADModel:105 - Init CAD model plugin
2026-01-22 11:23:53,328 [INFO] PluginManage:359 - Loaded plugin cadmodel (category:power,tabindex:5)
2026-01-22 11:23:53,328 [INFO] PluginManage:310 - Check plugin clock
2026-01-22 11:23:53,334 [INFO] PluginManage:359 - Loaded plugin clock (category:base,tabindex:2)
2026-01-22 11:23:53,334 [INFO] PluginManage:310 - Check plugin ddr
2026-01-22 11:23:53,335 [INFO] PluginManage:359 - Loaded plugin ddr (category:tool,tabindex:6)
2026-01-22 11:23:53,335 [INFO] PluginManage:310 - Check plugin filemanager
2026-01-22 11:23:53,428 [INFO] PluginManage:359 - Loaded plugin filemanager (category:base,tabindex:10)
2026-01-22 11:23:53,428 [INFO] PluginManage:310 - Check plugin ipmanager
2026-01-22 11:23:53,433 [INFO] PluginManage:359 - Loaded plugin ipmanager (category:base,tabindex:5)
2026-01-22 11:23:53,433 [INFO] PluginManage:310 - Check plugin lpbam
2026-01-22 11:23:53,438 [INFO] PluginManage:359 - Loaded plugin lpbam (category:base,tabindex:0)
2026-01-22 11:23:53,438 [INFO] PluginManage:310 - Check plugin memorymap
2026-01-22 11:23:53,445 [INFO] PluginManage:359 - Loaded plugin memorymap (category:base,tabindex:4)
2026-01-22 11:23:53,445 [INFO] PluginManage:310 - Check plugin pinoutandconfiguration
2026-01-22 11:23:53,448 [INFO] PluginManage:359 - Loaded plugin pinoutandconfiguration (category:base,tabindex:1)
2026-01-22 11:23:53,449 [INFO] PluginManage:310 - Check plugin pinoutconfig
2026-01-22 11:23:53,503 [WARN] SupportedApi:132 - Cannot load RTOS API schema: s4s-elt-must-match.1: The content of 'definitions' must match (annotation?, (simpleType | complexType)?, (unique | key | keyref)*)). A problem was found starting at: attribute.
2026-01-22 11:23:53,586 [INFO] PluginManage:359 - Loaded plugin pinoutconfig (category:base,tabindex:0)
2026-01-22 11:23:53,586 [INFO] PluginManage:310 - Check plugin power
2026-01-22 11:23:53,593 [INFO] PluginManage:359 - Loaded plugin power (category:power,tabindex:4)
2026-01-22 11:23:53,593 [INFO] PluginManage:310 - Check plugin projectmanager
2026-01-22 11:23:53,605 [INFO] PluginManage:359 - Loaded plugin projectmanager (category:projectmanager,tabindex:4)
2026-01-22 11:23:53,605 [INFO] PluginManage:310 - Check plugin rif
2026-01-22 11:23:53,609 [INFO] PluginManage:359 - Loaded plugin rif (category:base,tabindex:3)
2026-01-22 11:23:53,609 [INFO] PluginManage:310 - Check plugin thirdparty
2026-01-22 11:23:53,705 [WARN] IntegrityCheckThread:84 - waiting for thirdparty lock release [integrity check]
2026-01-22 11:23:53,706 [INFO] IntegrityCheckThread:86 - entering critical section [integrity check]
2026-01-22 11:23:53,706 [INFO] PluginManage:359 - Loaded plugin thirdparty (category:base,tabindex:-1)
2026-01-22 11:23:53,706 [INFO] PluginManage:310 - Check plugin tools
2026-01-22 11:23:53,706 [INFO] ThirdPartyUpdaterWithRetryManager:70 - Updater plugin not ready yet. [1/15]
2026-01-22 11:23:53,710 [INFO] PluginManage:359 - Loaded plugin tools (category:base,tabindex:7)
2026-01-22 11:23:53,710 [INFO] PluginManage:310 - Check plugin tutovideos
2026-01-22 11:23:53,815 [INFO] PluginManage:359 - Loaded plugin tutovideos (category:base,tabindex:-1)
2026-01-22 11:23:53,816 [INFO] PluginManage:310 - Check plugin updater
2026-01-22 11:23:53,827 [INFO] PluginManage:359 - Loaded plugin updater (category:base,tabindex:12)
2026-01-22 11:23:53,827 [INFO] PluginManage:310 - Check plugin userauth
2026-01-22 11:23:53,831 [INFO] UserAuth:113 - Init User Auth plugin
2026-01-22 11:23:53,831 [INFO] PluginManage:359 - Loaded plugin userauth (category:base,tabindex:14)
2026-01-22 11:23:53,832 [INFO] PluginManage:283 - PluginManage : Loaded plugins [18]
2026-01-22 11:23:53,954 [INFO] PinOutPanel:1561 - setPackage(No Configuration,No Configuration)
2026-01-22 11:23:54,046 [INFO] CADModel:165 - CPN selected for project level
2026-01-22 11:23:54,046 [INFO] CADModel:114 - Register for checkConnection events
2026-01-22 11:23:54,058 [INFO] IPUIPlugin:80 - create IPUIPlugin
2026-01-22 11:23:54,058 [INFO] PluginManager:220 - loadIPPluginJar : add adc
2026-01-22 11:23:54,060 [INFO] IPUIPlugin:80 - create IPUIPlugin
2026-01-22 11:23:54,060 [INFO] PluginManager:220 - loadIPPluginJar : add aes
2026-01-22 11:23:54,062 [INFO] IPUIPlugin:80 - create IPUIPlugin
2026-01-22 11:23:54,062 [INFO] PluginManager:220 - loadIPPluginJar : add can
2026-01-22 11:23:54,063 [INFO] IPUIPlugin:80 - create IPUIPlugin
2026-01-22 11:23:54,063 [INFO] PluginManager:220 - loadIPPluginJar : add comp
2026-01-22 11:23:54,064 [INFO] IPUIPlugin:80 - create IPUIPlugin
2026-01-22 11:23:54,064 [INFO] PluginManager:220 - loadIPPluginJar : add cryp
2026-01-22 11:23:54,066 [INFO] IPUIPlugin:80 - create IPUIPlugin
2026-01-22 11:23:54,066 [INFO] PluginManager:220 - loadIPPluginJar : add ddr_ctrl_phy
2026-01-22 11:23:54,067 [INFO] IPUIPlugin:80 - create IPUIPlugin
2026-01-22 11:23:54,067 [INFO] PluginManager:220 - loadIPPluginJar : add dfsdm
2026-01-22 11:23:54,071 [INFO] IPUIPlugin:80 - create IPUIPlugin
2026-01-22 11:23:54,072 [INFO] PluginManager:220 - loadIPPluginJar : add dma
2026-01-22 11:23:54,073 [INFO] IPUIPlugin:80 - create IPUIPlugin
2026-01-22 11:23:54,073 [INFO] PluginManager:220 - loadIPPluginJar : add dma3
2026-01-22 11:23:54,075 [INFO] IPUIPlugin:80 - create IPUIPlugin
2026-01-22 11:23:54,075 [INFO] PluginManager:220 - loadIPPluginJar : add extmemmanager
2026-01-22 11:23:54,076 [INFO] IPUIPlugin:80 - create IPUIPlugin
2026-01-22 11:23:54,076 [INFO] PluginManager:220 - loadIPPluginJar : add fatfs
2026-01-22 11:23:54,079 [INFO] IPUIPlugin:80 - create IPUIPlugin
2026-01-22 11:23:54,079 [INFO] PluginManager:220 - loadIPPluginJar : add fmc
2026-01-22 11:23:54,082 [INFO] IPUIPlugin:80 - create IPUIPlugin
2026-01-22 11:23:54,082 [INFO] PluginManager:220 - loadIPPluginJar : add freertos
2026-01-22 11:23:54,083 [INFO] IPUIPlugin:80 - create IPUIPlugin
2026-01-22 11:23:54,083 [INFO] PluginManager:220 - loadIPPluginJar : add genericplugin
2026-01-22 11:23:54,084 [INFO] IPUIPlugin:80 - create IPUIPlugin
2026-01-22 11:23:54,084 [INFO] PluginManager:220 - loadIPPluginJar : add gfxmmu
2026-01-22 11:23:54,086 [INFO] IPUIPlugin:80 - create IPUIPlugin
2026-01-22 11:23:54,086 [INFO] PluginManager:220 - loadIPPluginJar : add gic
2026-01-22 11:23:54,090 [INFO] IPUIPlugin:80 - create IPUIPlugin
2026-01-22 11:23:54,090 [INFO] PluginManager:220 - loadIPPluginJar : add gpio
2026-01-22 11:23:54,092 [INFO] IPUIPlugin:80 - create IPUIPlugin
2026-01-22 11:23:54,092 [INFO] PluginManager:220 - loadIPPluginJar : add gtzc
2026-01-22 11:23:54,094 [INFO] IPUIPlugin:80 - create IPUIPlugin
2026-01-22 11:23:54,094 [INFO] PluginManager:220 - loadIPPluginJar : add hash
2026-01-22 11:23:54,096 [INFO] IPUIPlugin:80 - create IPUIPlugin
2026-01-22 11:23:54,096 [INFO] PluginManager:220 - loadIPPluginJar : add i2c
2026-01-22 11:23:54,098 [INFO] IPUIPlugin:80 - create IPUIPlugin
2026-01-22 11:23:54,098 [INFO] PluginManager:220 - loadIPPluginJar : add i2s
2026-01-22 11:23:54,099 [INFO] IPUIPlugin:80 - create IPUIPlugin
2026-01-22 11:23:54,099 [INFO] PluginManager:220 - loadIPPluginJar : add i3c
2026-01-22 11:23:54,101 [INFO] IPUIPlugin:80 - create IPUIPlugin
2026-01-22 11:23:54,101 [INFO] PluginManager:220 - loadIPPluginJar : add ipddr
2026-01-22 11:23:54,104 [INFO] IPUIPlugin:80 - create IPUIPlugin
2026-01-22 11:23:54,105 [INFO] PluginManager:220 - loadIPPluginJar : add linkedlist
2026-01-22 11:23:54,107 [INFO] IPUIPlugin:80 - create IPUIPlugin
2026-01-22 11:23:54,107 [INFO] PluginManager:220 - loadIPPluginJar : add lorawan
2026-01-22 11:23:54,108 [INFO] IPUIPlugin:80 - create IPUIPlugin
2026-01-22 11:23:54,108 [INFO] PluginManager:220 - loadIPPluginJar : add ltdc
2026-01-22 11:23:54,110 [INFO] IPUIPlugin:80 - create IPUIPlugin
2026-01-22 11:23:54,111 [INFO] PluginManager:220 - loadIPPluginJar : add mdma
2026-01-22 11:23:54,112 [INFO] IPUIPlugin:80 - create IPUIPlugin
2026-01-22 11:23:54,112 [INFO] PluginManager:220 - loadIPPluginJar : add nvic
2026-01-22 11:23:54,114 [INFO] IPUIPlugin:80 - create IPUIPlugin
2026-01-22 11:23:54,114 [INFO] PluginManager:220 - loadIPPluginJar : add opamp
2026-01-22 11:23:54,115 [INFO] IPUIPlugin:80 - create IPUIPlugin
2026-01-22 11:23:54,115 [INFO] PluginManager:220 - loadIPPluginJar : add openamp
2026-01-22 11:23:54,117 [INFO] IPUIPlugin:80 - create IPUIPlugin
2026-01-22 11:23:54,117 [INFO] PluginManager:220 - loadIPPluginJar : add pdm2pcm
2026-01-22 11:23:54,120 [INFO] IPUIPlugin:80 - create IPUIPlugin
2026-01-22 11:23:54,121 [INFO] PluginManager:220 - loadIPPluginJar : add plateformsettings
2026-01-22 11:23:54,122 [INFO] IPUIPlugin:80 - create IPUIPlugin
2026-01-22 11:23:54,122 [INFO] PluginManager:220 - loadIPPluginJar : add quadspi
2026-01-22 11:23:54,123 [INFO] IPUIPlugin:80 - create IPUIPlugin
2026-01-22 11:23:54,124 [INFO] PluginManager:220 - loadIPPluginJar : add radio
2026-01-22 11:23:54,125 [INFO] IPUIPlugin:80 - create IPUIPlugin
2026-01-22 11:23:54,125 [INFO] PluginManager:220 - loadIPPluginJar : add resmgrutility
2026-01-22 11:23:54,127 [INFO] IPUIPlugin:80 - create IPUIPlugin
2026-01-22 11:23:54,127 [INFO] PluginManager:220 - loadIPPluginJar : add sai
2026-01-22 11:23:54,128 [INFO] IPUIPlugin:80 - create IPUIPlugin
2026-01-22 11:23:54,128 [INFO] PluginManager:220 - loadIPPluginJar : add spi
2026-01-22 11:23:54,130 [INFO] IPUIPlugin:80 - create IPUIPlugin
2026-01-22 11:23:54,130 [INFO] PluginManager:220 - loadIPPluginJar : add stm32_wpan
2026-01-22 11:23:54,130 [INFO] IPUIPlugin:80 - create IPUIPlugin
2026-01-22 11:23:54,131 [INFO] PluginManager:220 - loadIPPluginJar : add tim
2026-01-22 11:23:54,132 [INFO] IPUIPlugin:80 - create IPUIPlugin
2026-01-22 11:23:54,132 [INFO] PluginManager:220 - loadIPPluginJar : add touchsensing
2026-01-22 11:23:54,133 [INFO] IPUIPlugin:80 - create IPUIPlugin
2026-01-22 11:23:54,133 [INFO] PluginManager:220 - loadIPPluginJar : add tracer_emb
2026-01-22 11:23:54,134 [INFO] IPUIPlugin:80 - create IPUIPlugin
2026-01-22 11:23:54,134 [INFO] PluginManager:220 - loadIPPluginJar : add ts
2026-01-22 11:23:54,134 [INFO] IPUIPlugin:80 - create IPUIPlugin
2026-01-22 11:23:54,134 [INFO] PluginManager:220 - loadIPPluginJar : add tsc
2026-01-22 11:23:54,135 [INFO] IPUIPlugin:80 - create IPUIPlugin
2026-01-22 11:23:54,135 [INFO] PluginManager:220 - loadIPPluginJar : add ucpd
2026-01-22 11:23:54,136 [INFO] IPUIPlugin:80 - create IPUIPlugin
2026-01-22 11:23:54,136 [INFO] PluginManager:220 - loadIPPluginJar : add usart
2026-01-22 11:23:54,138 [INFO] IPUIPlugin:80 - create IPUIPlugin
2026-01-22 11:23:54,138 [INFO] PluginManager:220 - loadIPPluginJar : add usbx
2026-01-22 11:23:54,240 [INFO] CADModel:165 - CPN selected for project level
2026-01-22 11:23:54,240 [INFO] CADModel:114 - Register for checkConnection events
2026-01-22 11:23:54,240 [FATAL] Updater:334 - Updater called before beeing initialized
2026-01-22 11:23:54,240 [ERROR] CADModel:125 - Updater not yet initialized, retry later 
2026-01-22 11:23:54,308 [INFO] CADModel:165 - CPN selected for project level
2026-01-22 11:23:54,308 [INFO] CADModel:114 - Register for checkConnection events
2026-01-22 11:23:54,308 [FATAL] Updater:334 - Updater called before beeing initialized
2026-01-22 11:23:54,308 [ERROR] CADModel:125 - Updater not yet initialized, retry later 
2026-01-22 11:23:54,310 [FATAL] Updater:334 - Updater called before beeing initialized
2026-01-22 11:23:54,374 [FATAL] Updater:334 - Updater called before beeing initialized
2026-01-22 11:23:54,376 [INFO] DbMcusAds:53 - JSON generation date=Mon Dec 15 15:11:46 PST 2025 (1765840306612)
2026-01-22 11:23:54,376 [FATAL] Updater:334 - Updater called before beeing initialized
2026-01-22 11:23:54,396 [WARN] DetailPanel:346 - Failed to get advertising image, set to default
2026-01-22 11:23:54,448 [FATAL] Updater:334 - Updater called before beeing initialized
2026-01-22 11:23:54,450 [FATAL] Updater:334 - Updater called before beeing initialized
2026-01-22 11:23:54,450 [FATAL] Updater:334 - Updater called before beeing initialized
2026-01-22 11:23:54,450 [WARN] DetailPanel:346 - Failed to get advertising image, set to default
2026-01-22 11:23:54,451 [FATAL] Updater:334 - Updater called before beeing initialized
2026-01-22 11:23:54,479 [ERROR] Updater:1164 - MainUpdater not yet initialized. External WinMGr cannot be set.
2026-01-22 11:23:54,480 [INFO] Updater:1100 - Updater Version found : 6.12.0
2026-01-22 11:23:54,490 [INFO] ApplicationProperties:184 - Using Application install path: C:\ST\STM32CubeIDE_1.16.0\STM32CubeIDE\plugins\com.st.stm32cube.common.mx_6.12.0.202406281431
2026-01-22 11:23:56,052 [ERROR] LogOutputStream:75 - [STDERR_REDIRECT] Jan 22, 2026 11:23:56 AM java.util.prefs.WindowsPreferences <init>
2026-01-22 11:23:56,053 [ERROR] LogOutputStream:75 - [STDERR_REDIRECT] WARNING: Could not open/create prefs root node Software\JavaSoft\Prefs at root 0xffffffff80000002. Windows RegCreateKeyEx(...) returned error code 5.
2026-01-22 11:23:56,054 [ERROR] LogOutputStream:75 - [STDERR_REDIRECT] 
2026-01-22 11:23:56,309 [INFO] MainUpdater:2873 - connection check result : 10
2026-01-22 11:23:56,310 [INFO] MainUpdater:290 - Updater Check For Update Now.
2026-01-22 11:23:56,310 [INFO] MicroXplorer:498 - Change Database Version : DB.6.0.120
2026-01-22 11:23:56,319 [INFO] McuFinderGlobals:63 - Set McuFinder mode to 2 (CubeIDE integrated)
2026-01-22 11:23:56,319 [INFO] UserAuth:179 - activating auth plugin
2026-01-22 11:23:56,321 [INFO] UserAuth:417 - Internet connection configuration mode: 1
2026-01-22 11:23:56,353 [INFO] JxBrowserEngine:152 - Initiate JxBrowser Engine with user profile folder
2026-01-22 11:23:56,481 [INFO] CheckServerUpdateThread:120 - End of CheckServer Thread
2026-01-22 11:23:57,216 [INFO] WebApp:167 - Instantiating new browser for Auth
2026-01-22 11:23:57,311 [WARN] PackLoader:240 - Cannot read IP mode file for STMicroelectronics.FP-SNS-MOTENVWB1.1.4.0
2026-01-22 11:23:57,342 [WARN] PackLoader:240 - Cannot read IP mode file for STMicroelectronics.FP-ATR-ASTRA1.2.0.2
2026-01-22 11:23:57,342 [WARN] PackLoader:240 - Cannot read IP mode file for STMicroelectronics.FP-ATR-ASTRA1.2.0.1
2026-01-22 11:23:57,369 [WARN] PackLoader:240 - Cannot read IP mode file for STMicroelectronics.X-CUBE-SMBUS.2.1.0
2026-01-22 11:23:57,382 [WARN] PackLoader:240 - Cannot read IP mode file for STMicroelectronics.X-CUBE-WB05N.1.1.0
2026-01-22 11:23:57,391 [ERROR] Engine:466 - C:\Users\brady\.stm32cubemx\thirdparties\pdsc\STMicroelectronics.X-CUBE-ST60.1.0.0.pdsc: PDSC version is not supported
2026-01-22 11:23:57,443 [WARN] PackLoader:240 - Cannot read IP mode file for STMicroelectronics.X-CUBE-AZRTOS-F7.1.1.0
2026-01-22 11:23:57,600 [WARN] PackLoader:240 - Cannot read IP mode file for STMicroelectronics.X-CUBE-MEMS1.11.0.0
2026-01-22 11:23:57,992 [ERROR] Engine:466 - C:\Users\brady\.stm32cubemx\thirdparties\pdsc\STMicroelectronics.FP-SNS-MOTENV1.5.1.0.pdsc: PDSC version is not supported
2026-01-22 11:23:58,008 [WARN] PackLoader:240 - Cannot read IP mode file for STMicroelectronics.FP-SNS-FLIGHT1.5.0.2
2026-01-22 11:23:58,072 [WARN] PackLoader:240 - Cannot read IP mode file for STMicroelectronics.X-CUBE-AZRTOS-H7.3.4.0
2026-01-22 11:23:58,088 [WARN] PackLoader:240 - Cannot read IP mode file for STMicroelectronics.X-CUBE-DISPLAY.3.0.0
2026-01-22 11:23:58,104 [WARN] PackLoader:240 - Cannot read IP mode file for STMicroelectronics.X-CUBE-BLE1.7.0.0
2026-01-22 11:23:58,152 [WARN] PackLoader:240 - Cannot read IP mode file for STMicroelectronics.X-CUBE-NFC10.1.0.0
2026-01-22 11:23:58,184 [WARN] PackLoader:240 - Cannot read IP mode file for STMicroelectronics.X-CUBE-BLEMGR.4.0.0
2026-01-22 11:23:58,184 [ERROR] Engine:466 - C:\Users\brady\.stm32cubemx\thirdparties\pdsc\STMicroelectronics.X-CUBE-ST60.1.1.0.pdsc: PDSC version is not supported
2026-01-22 11:23:58,200 [WARN] PackLoader:240 - Cannot read IP mode file for emotas.I-CUBE-CANOPEN.1.3.0
2026-01-22 11:23:58,216 [WARN] PackLoader:240 - Cannot read IP mode file for STMicroelectronics.X-CUBE-GNSS1.7.1.0
2026-01-22 11:23:58,216 [WARN] PackLoader:240 - Cannot read IP mode file for STMicroelectronics.X-CUBE-BLEMGR.3.1.0
2026-01-22 11:23:58,232 [WARN] PackLoader:240 - Cannot read IP mode file for STMicroelectronics.X-CUBE-AI.10.0.0
2026-01-22 11:23:58,248 [ERROR] Engine:466 - C:\Users\brady\.stm32cubemx\thirdparties\pdsc\STMicroelectronics.FP-SNS-STBOX1.2.1.0.pdsc: PDSC version is not supported
2026-01-22 11:23:58,248 [WARN] PackLoader:240 - Cannot read IP mode file for STMicroelectronics.FP-SNS-SMARTAG2.1.2.0
2026-01-22 11:23:58,264 [ERROR] Engine:466 - C:\Users\brady\.stm32cubemx\thirdparties\pdsc\STMicroelectronics.FP-SNS-FLIGHT1.5.1.0.pdsc: PDSC version is not supported
2026-01-22 11:23:58,377 [WARN] PackLoader:240 - Cannot read IP mode file for STMicroelectronics.X-CUBE-MEMS1.11.1.0
2026-01-22 11:23:58,762 [INFO] LogOutputStream:77 - [STDOUT_REDIRECT] 1 : Invalid condition id : UX_CORESTACK_Condition cause : null
2026-01-22 11:23:58,762 [INFO] LogOutputStream:77 - [STDOUT_REDIRECT] 1 : Invalid condition id : UX_CORESTACK_Condition cause : null
2026-01-22 11:23:58,778 [INFO] LogOutputStream:77 - [STDOUT_REDIRECT] 1 : Invalid condition id : UX_CORESTACK_Condition cause : null
2026-01-22 11:23:58,778 [INFO] LogOutputStream:77 - [STDOUT_REDIRECT] 1 : Invalid condition id : UX_CORESTACK_Condition cause : null
2026-01-22 11:23:58,778 [INFO] LogOutputStream:77 - [STDOUT_REDIRECT] 1 : Invalid condition id : UX_CORESTACK_Condition cause : null
2026-01-22 11:23:58,778 [WARN] PackLoader:240 - Cannot read IP mode file for STMicroelectronics.X-CUBE-AZRTOS-WL.2.0.0
2026-01-22 11:23:58,794 [WARN] PackLoader:240 - Cannot read IP mode file for STMicroelectronics.FP-SNS-MOTENV1.5.0.0
2026-01-22 11:23:58,842 [WARN] PackLoader:240 - Cannot read IP mode file for STMicroelectronics.X-CUBE-AZRTOS-H7RS.1.2.0
2026-01-22 11:23:58,890 [WARN] PackLoader:240 - Cannot read IP mode file for wolfSSL.I-CUBE-wolfMQTT.1.19.0
2026-01-22 11:23:58,922 [WARN] PackLoader:240 - Cannot read IP mode file for WES.I-CUBE-Cesium.1.3.0
2026-01-22 11:23:58,938 [WARN] PackLoader:240 - Cannot read IP mode file for STMicroelectronics.X-CUBE-BLE2.3.3.0
2026-01-22 11:23:58,954 [ERROR] Engine:466 - C:\Users\brady\.stm32cubemx\thirdparties\pdsc\Avnet-IOTCONNECT.X-CUBE-iotc-st67-sdk.1.0.0.pdsc: PDSC version is not supported
2026-01-22 11:23:58,954 [WARN] PackLoader:240 - Cannot read IP mode file for STMicroelectronics.X-CUBE-NFC9.1.0.0
2026-01-22 11:23:58,979 [WARN] PackLoader:240 - Cannot read IP mode file for STMicroelectronics.X-CUBE-BLE1.7.1.0
2026-01-22 11:23:58,986 [WARN] PackLoader:240 - Cannot read IP mode file for STMicroelectronics.X-CUBE-TCPP.4.1.0
2026-01-22 11:23:58,986 [ERROR] Engine:466 - C:\Users\brady\.stm32cubemx\thirdparties\pdsc\STMicroelectronics.X-CUBE-FREERTOS.1.4.0.pdsc: PDSC version is not supported
2026-01-22 11:23:59,018 [WARN] PackLoader:240 - Cannot read IP mode file for STMicroelectronics.X-CUBE-EEPRMA1.5.2.0
2026-01-22 11:23:59,018 [ERROR] Engine:466 - C:\Users\brady\.stm32cubemx\thirdparties\pdsc\STMicroelectronics.X-CUBE-ST67W61.1.1.0.pdsc: PDSC version is not supported
2026-01-22 11:23:59,034 [WARN] PackLoader:240 - Cannot read IP mode file for STMicroelectronics.X-CUBE-AI.10.1.0
2026-01-22 11:23:59,163 [WARN] PackLoader:240 - Cannot read IP mode file for STMicroelectronics.X-CUBE-MEMS1.12.0.0
2026-01-22 11:23:59,386 [WARN] PackLoader:240 - Cannot read IP mode file for STMicroelectronics.X-CUBE-MEMS1.11.2.0
2026-01-22 11:23:59,787 [WARN] PackLoader:240 - Cannot read IP mode file for STMicroelectronics.X-CUBE-AZRTOS-G0.1.1.0
2026-01-22 11:23:59,803 [WARN] PackLoader:240 - Cannot read IP mode file for STMicroelectronics.X-CUBE-SAFEA1.1.2.2
2026-01-22 11:23:59,851 [WARN] PackLoader:240 - Cannot read IP mode file for STMicroelectronics.X-CUBE-NFC4.3.0.0
2026-01-22 11:23:59,884 [WARN] PackLoader:240 - Cannot read IP mode file for EmbeddedOffice.I-CUBE-FS-RTOS.1.0.1
2026-01-22 11:23:59,884 [ERROR] ConditionMgr:805 - Attr not supported : Dmpu
2026-01-22 11:23:59,884 [ERROR] ConditionMgr:805 - Attr not supported : Dmpu
2026-01-22 11:23:59,884 [ERROR] ConditionMgr:805 - Attr not supported : Dmpu
2026-01-22 11:23:59,884 [ERROR] ConditionMgr:805 - Attr not supported : Dmpu
2026-01-22 11:23:59,884 [ERROR] ConditionMgr:805 - Attr not supported : Dmpu
2026-01-22 11:23:59,884 [ERROR] ConditionMgr:805 - Attr not supported : Dmpu
2026-01-22 11:23:59,884 [ERROR] ConditionMgr:805 - Attr not supported : Dmpu
2026-01-22 11:23:59,884 [ERROR] ConditionMgr:805 - Attr not supported : Dmpu
2026-01-22 11:23:59,884 [ERROR] ConditionMgr:805 - Attr not supported : Dmpu
2026-01-22 11:23:59,884 [ERROR] ConditionMgr:805 - Attr not supported : Dmpu
2026-01-22 11:23:59,884 [ERROR] ConditionMgr:805 - Attr not supported : Dmpu
2026-01-22 11:23:59,900 [ERROR] ConditionMgr:805 - Attr not supported : Dmpu
2026-01-22 11:23:59,900 [ERROR] ConditionMgr:805 - Attr not supported : Dmpu
2026-01-22 11:23:59,900 [ERROR] ConditionMgr:805 - Attr not supported : Dmpu
2026-01-22 11:23:59,900 [ERROR] ConditionMgr:805 - Attr not supported : Dmpu
2026-01-22 11:23:59,900 [ERROR] ConditionMgr:805 - Attr not supported : Dmpu
2026-01-22 11:23:59,900 [ERROR] ConditionMgr:805 - Attr not supported : Dmpu
2026-01-22 11:23:59,900 [ERROR] ConditionMgr:805 - Attr not supported : Dmpu
2026-01-22 11:23:59,900 [ERROR] ConditionMgr:805 - Attr not supported : Dmpu
2026-01-22 11:23:59,900 [ERROR] ConditionMgr:805 - Attr not supported : Dmpu
2026-01-22 11:23:59,900 [ERROR] ConditionMgr:805 - Attr not supported : Dmpu
2026-01-22 11:23:59,900 [ERROR] ConditionMgr:805 - Attr not supported : Dmpu
2026-01-22 11:23:59,900 [ERROR] ConditionMgr:805 - Attr not supported : Dmpu
2026-01-22 11:23:59,900 [ERROR] ConditionMgr:805 - Attr not supported : Dmpu
2026-01-22 11:23:59,900 [ERROR] ConditionMgr:805 - Attr not supported : Dmpu
2026-01-22 11:23:59,900 [ERROR] ConditionMgr:805 - Attr not supported : Dmpu
2026-01-22 11:23:59,900 [ERROR] ConditionMgr:805 - Attr not supported : Dmpu
2026-01-22 11:23:59,900 [ERROR] ConditionMgr:805 - Attr not supported : Dmpu
2026-01-22 11:23:59,900 [ERROR] ConditionMgr:805 - Attr not supported : Dmpu
2026-01-22 11:23:59,900 [ERROR] ConditionMgr:805 - Attr not supported : Dmpu
2026-01-22 11:23:59,900 [ERROR] ConditionMgr:805 - Attr not supported : Dmpu
2026-01-22 11:23:59,900 [ERROR] ConditionMgr:805 - Attr not supported : Dmpu
2026-01-22 11:23:59,900 [ERROR] ConditionMgr:805 - Attr not supported : Dmpu
2026-01-22 11:23:59,900 [ERROR] ConditionMgr:805 - Attr not supported : Dmpu
2026-01-22 11:23:59,900 [ERROR] ConditionMgr:805 - Attr not supported : Dmpu
2026-01-22 11:23:59,900 [ERROR] ConditionMgr:805 - Attr not supported : Dmpu
2026-01-22 11:23:59,900 [ERROR] ConditionMgr:805 - Attr not supported : Dmpu
2026-01-22 11:23:59,916 [ERROR] ConditionMgr:805 - Attr not supported : Dmpu
2026-01-22 11:23:59,916 [ERROR] ConditionMgr:805 - Attr not supported : Dmpu
2026-01-22 11:23:59,916 [ERROR] ConditionMgr:805 - Attr not supported : Dmpu
2026-01-22 11:23:59,916 [ERROR] ConditionMgr:805 - Attr not supported : Dmpu
2026-01-22 11:23:59,916 [ERROR] ConditionMgr:805 - Attr not supported : Dmpu
2026-01-22 11:23:59,916 [ERROR] ConditionMgr:805 - Attr not supported : Dmpu
2026-01-22 11:23:59,916 [ERROR] ConditionMgr:805 - Attr not supported : Dmpu
2026-01-22 11:23:59,916 [ERROR] ConditionMgr:805 - Attr not supported : Dmpu
2026-01-22 11:23:59,916 [ERROR] ConditionMgr:805 - Attr not supported : Dmpu
2026-01-22 11:23:59,916 [ERROR] ConditionMgr:805 - Attr not supported : Dmpu
2026-01-22 11:23:59,916 [ERROR] ConditionMgr:805 - Attr not supported : Dmpu
2026-01-22 11:23:59,916 [ERROR] ConditionMgr:805 - Attr not supported : Dmpu
2026-01-22 11:23:59,916 [ERROR] ConditionMgr:805 - Attr not supported : Dmpu
2026-01-22 11:23:59,916 [ERROR] ConditionMgr:805 - Attr not supported : Dmpu
2026-01-22 11:23:59,916 [ERROR] ConditionMgr:805 - Attr not supported : Dmpu
2026-01-22 11:23:59,916 [ERROR] ConditionMgr:805 - Attr not supported : Dmpu
2026-01-22 11:23:59,916 [ERROR] ConditionMgr:805 - Attr not supported : Dmpu
2026-01-22 11:23:59,916 [ERROR] ConditionMgr:805 - Attr not supported : Dmpu
2026-01-22 11:23:59,916 [ERROR] ConditionMgr:805 - Attr not supported : Dmpu
2026-01-22 11:23:59,916 [ERROR] ConditionMgr:805 - Attr not supported : Dmpu
2026-01-22 11:23:59,916 [ERROR] ConditionMgr:805 - Attr not supported : Dmpu
2026-01-22 11:23:59,916 [ERROR] ConditionMgr:805 - Attr not supported : Dmpu
2026-01-22 11:23:59,916 [ERROR] ConditionMgr:805 - Attr not supported : Dmpu
2026-01-22 11:23:59,916 [ERROR] ConditionMgr:805 - Attr not supported : Dmpu
2026-01-22 11:23:59,916 [ERROR] ConditionMgr:805 - Attr not supported : Dmpu
2026-01-22 11:23:59,916 [ERROR] ConditionMgr:805 - Attr not supported : Dmpu
2026-01-22 11:23:59,916 [ERROR] ConditionMgr:805 - Attr not supported : Dmpu
2026-01-22 11:23:59,931 [WARN] PackLoader:240 - Cannot read IP mode file for STMicroelectronics.X-CUBE-WB05N.2.0.0
2026-01-22 11:23:59,931 [ERROR] Engine:466 - C:\Users\brady\.stm32cubemx\thirdparties\pdsc\STMicroelectronics.X-CUBE-TCPP.4.2.0.pdsc: PDSC version is not supported
2026-01-22 11:23:59,964 [WARN] PackLoader:240 - Cannot read IP mode file for RealThread.X-CUBE-RT-Thread_Nano.4.1.1
2026-01-22 11:23:59,981 [WARN] PackLoader:240 - Cannot read IP mode file for STMicroelectronics.FP-ATR-SIGFOX1.3.2.0
2026-01-22 11:23:59,995 [WARN] PackLoader:240 - Cannot read IP mode file for wolfSSL.I-CUBE-wolfSSL.5.7.2
2026-01-22 11:24:00,027 [WARN] ConditionMgr:438 - getConditionDescription Invalid condition id : Cortex-A Device cause : null
2026-01-22 11:24:00,081 [WARN] ConditionMgr:1039 - genDependencies : Invalid condition id : Cortex-A Device cause : null
2026-01-22 11:24:00,081 [WARN] ConditionMgr:1039 - genDependencies : Invalid condition id : Cortex-A Device cause : null
2026-01-22 11:24:00,081 [WARN] ConditionMgr:1039 - genDependencies : Invalid condition id : Cortex-A Device cause : null
2026-01-22 11:24:00,091 [WARN] PackLoader:240 - Cannot read IP mode file for STMicroelectronics.X-CUBE-EEPRMA1.5.1.0
2026-01-22 11:24:00,107 [WARN] PackLoader:240 - Cannot read IP mode file for ITTIA_DB.I-CUBE-ITTIADB.8.9.0
2026-01-22 11:24:00,139 [WARN] PackLoader:240 - Cannot read IP mode file for STMicroelectronics.X-CUBE-NFC6.3.2.0
2026-01-22 11:24:00,139 [ERROR] Engine:466 - C:\Users\brady\.stm32cubemx\thirdparties\pdsc\STMicroelectronics.X-CUBE-ST67W61.1.0.0.pdsc: PDSC version is not supported
2026-01-22 11:24:00,155 [WARN] PackLoader:240 - Cannot read IP mode file for STMicroelectronics.X-CUBE-AI.10.2.0
2026-01-22 11:24:00,251 [WARN] PackLoader:240 - Cannot read IP mode file for SEGGER.I-CUBE-embOS.1.3.1
2026-01-22 11:24:00,427 [WARN] PackLoader:240 - Cannot read IP mode file for STMicroelectronics.X-CUBE-ALGOBUILD.1.4.0
2026-01-22 11:24:00,523 [WARN] PackLoader:240 - Cannot read IP mode file for STMicroelectronics.X-CUBE-MEMS1.11.3.0
2026-01-22 11:24:00,955 [WARN] PackLoader:240 - Cannot read IP mode file for STMicroelectronics.X-CUBE-AI.9.1.0
2026-01-22 11:24:00,971 [WARN] PackLoader:240 - Cannot read IP mode file for STMicroelectronics.X-CUBE-PM33A1.1.0.0
2026-01-22 11:24:00,988 [WARN] PackLoader:240 - Cannot read IP mode file for STMicroelectronics.X-CUBE-GNSS1.6.0.0
2026-01-22 11:24:01,020 [WARN] PackLoader:240 - Cannot read IP mode file for STMicroelectronics.X-CUBE-AZRTOS-F4.1.1.0
2026-01-22 11:24:01,020 [ERROR] Engine:466 - C:\Users\brady\.stm32cubemx\thirdparties\pdsc\Avnet-IotConnect.X-CUBE-IoTC-DA16k-PMOD.1.0.0.pdsc: PDSC version is not supported
2026-01-22 11:24:01,036 [WARN] PackLoader:240 - Cannot read IP mode file for STMicroelectronics.X-CUBE-ISPU.2.1.0
2026-01-22 11:24:01,036 [ERROR] Engine:466 - C:\Users\brady\.stm32cubemx\thirdparties\pdsc\STMicroelectronics.X-CUBE-IPS.3.2.0.pdsc: PDSC version is not supported
2026-01-22 11:24:01,052 [WARN] PackLoader:240 - Cannot read IP mode file for STMicroelectronics.X-CUBE-FREERTOS.1.2.0
2026-01-22 11:24:01,084 [WARN] PackLoader:240 - Cannot read IP mode file for STMicroelectronics.X-CUBE-NFC12.1.0.0
2026-01-22 11:24:01,132 [WARN] PackLoader:240 - Cannot read IP mode file for STMicroelectronics.X-CUBE-AZRTOS-L5.2.0.0
2026-01-22 11:24:01,148 [WARN] PackLoader:240 - Cannot read IP mode file for STMicroelectronics.X-CUBE-NFC6.3.1.0
2026-01-22 11:24:01,164 [WARN] PackLoader:240 - Cannot read IP mode file for STMicroelectronics.X-CUBE-DPower.1.2.0
2026-01-22 11:24:01,180 [WARN] PackLoader:240 - Cannot read IP mode file for STMicroelectronics.X-CUBE-AI.9.0.0
2026-01-22 11:24:01,212 [WARN] PackLoader:240 - Cannot read IP mode file for STMicroelectronics.X-CUBE-FREERTOS.1.3.1
2026-01-22 11:24:01,244 [WARN] PackLoader:240 - Cannot read IP mode file for STMicroelectronics.X-CUBE-FREERTOS.1.3.0
2026-01-22 11:24:01,276 [WARN] PackLoader:240 - Cannot read IP mode file for STMicroelectronics.X-CUBE-NFC7.1.0.1
2026-01-22 11:24:01,324 [WARN] PackLoader:240 - Cannot read IP mode file for STMicroelectronics.X-CUBE-TOUCHGFX.4.26.0
2026-01-22 11:24:01,340 [ERROR] Engine:466 - C:\Users\brady\.stm32cubemx\thirdparties\pdsc\STMicroelectronics.FP-SNS-STAIOTCFT.1.0.0.pdsc: PDSC version is not supported
2026-01-22 11:24:01,356 [WARN] PackLoader:240 - Cannot read IP mode file for STMicroelectronics.X-CUBE-DPower.1.3.0
2026-01-22 11:24:01,388 [WARN] ConditionMgr:438 - getConditionDescription Invalid condition id : LAN8742 Phy interface Condition cause : null
2026-01-22 11:24:01,388 [WARN] PackLoader:240 - Cannot read IP mode file for STMicroelectronics.X-CUBE-AZRTOS-L4.2.0.0
2026-01-22 11:24:01,388 [WARN] ConditionMgr:1039 - genDependencies : Invalid condition id : LAN8742 Phy interface Condition cause : null
2026-01-22 11:24:01,388 [WARN] ConditionMgr:1039 - genDependencies : Invalid condition id : LAN8742 Phy interface Condition cause : null
2026-01-22 11:24:01,388 [WARN] ConditionMgr:1039 - genDependencies : Invalid condition id : LAN8742 Phy interface Condition cause : null
2026-01-22 11:24:01,404 [WARN] PackLoader:240 - Cannot read IP mode file for STMicroelectronics.X-CUBE-SFXS2LP1.4.0.0
2026-01-22 11:24:01,420 [ERROR] Engine:466 - C:\Users\brady\.stm32cubemx\thirdparties\pdsc\STMicroelectronics.X-CUBE-ST67W61.1.2.0.pdsc: PDSC version is not supported
2026-01-22 11:24:01,452 [WARN] PackLoader:240 - Cannot read IP mode file for STMicroelectronics.X-CUBE-AZRTOS-H7.3.3.0
2026-01-22 11:24:01,468 [ERROR] Engine:466 - C:\Users\brady\.stm32cubemx\thirdparties\pdsc\STMicroelectronics.X-CUBE-BLEMGR.4.1.0.pdsc: PDSC version is not supported
2026-01-22 11:24:01,500 [WARN] PackLoader:240 - Cannot read IP mode file for STMicroelectronics.X-CUBE-IPS.3.0.0
2026-01-22 11:24:01,548 [WARN] ConditionMgr:438 - getConditionDescription Invalid condition id : UX DEVICE CLASS RTOS Condition cause : null
2026-01-22 11:24:01,548 [WARN] ConditionMgr:438 - getConditionDescription Invalid condition id : UX DEVICE CLASS RTOS Condition cause : null
2026-01-22 11:24:01,548 [WARN] PackLoader:240 - Cannot read IP mode file for STMicroelectronics.X-CUBE-AZRTOS-WB.2.0.0
2026-01-22 11:24:01,548 [WARN] ConditionMgr:1039 - genDependencies : Invalid condition id : UX DEVICE CLASS RTOS Condition cause : null
2026-01-22 11:24:01,548 [WARN] ConditionMgr:1039 - genDependencies : Invalid condition id : UX DEVICE CLASS RTOS Condition cause : null
2026-01-22 11:24:01,564 [WARN] ConditionMgr:1039 - genDependencies : Invalid condition id : UX DEVICE CLASS RTOS Condition cause : null
2026-01-22 11:24:01,564 [WARN] ConditionMgr:1039 - genDependencies : Invalid condition id : UX DEVICE CLASS RTOS Condition cause : null
2026-01-22 11:24:01,564 [WARN] ConditionMgr:1039 - genDependencies : Invalid condition id : UX DEVICE CLASS RTOS Condition cause : null
2026-01-22 11:24:01,564 [WARN] PackLoader:240 - Cannot read IP mode file for STMicroelectronics.X-CUBE-GNSS1.7.0.0
2026-01-22 11:24:01,586 [WARN] PackLoader:240 - Cannot read IP mode file for STMicroelectronics.X-CUBE-GNSS1.7.0.1
2026-01-22 11:24:01,596 [WARN] PackLoader:240 - Cannot read IP mode file for STMicroelectronics.X-CUBE-TOUCHGFX.4.25.0
2026-01-22 11:24:01,596 [WARN] PackLoader:240 - Cannot read IP mode file for STMicroelectronics.FP-SNS-STBOX1.2.0.0
2026-01-22 11:24:01,627 [WARN] PackLoader:240 - Cannot read IP mode file for STMicroelectronics.X-CUBE-STSE01.2.0.0
2026-01-22 11:24:01,644 [WARN] PackLoader:240 - Cannot read IP mode file for STMicroelectronics.X-CUBE-SUBG2.5.0.0
2026-01-22 11:24:01,724 [WARN] PackLoader:240 - Cannot read IP mode file for STMicroelectronics.X-CUBE-AZRTOS-H7RS.1.1.0
2026-01-22 11:24:01,724 [WARN] PackLoader:240 - Cannot read IP mode file for Cesanta.I-CUBE-Mongoose.7.13.0
2026-01-22 11:24:01,739 [WARN] PackLoader:240 - Cannot read IP mode file for STMicroelectronics.X-CUBE-AZRTOS-G4.2.0.0
2026-01-22 11:24:01,755 [WARN] PackLoader:240 - Cannot read IP mode file for STMicroelectronics.X-CUBE-NFC7.2.0.0
2026-01-22 11:24:01,755 [WARN] PackLoader:240 - Cannot read IP mode file for STMicroelectronics.X-CUBE-ISPU.2.0.0
2026-01-22 11:24:01,771 [ERROR] Engine:466 - C:\Users\brady\.stm32cubemx\thirdparties\pdsc\STMicroelectronics.X-CUBE-IPS.3.1.0.pdsc: PDSC version is not supported
2026-01-22 11:24:01,787 [WARN] PackLoader:240 - Cannot read IP mode file for STMicroelectronics.X-CUBE-ALS.1.0.2
2026-01-22 11:24:01,787 [WARN] PackLoader:240 - Cannot read IP mode file for STMicroelectronics.X-CUBE-TOUCHGFX.4.24.0
2026-01-22 11:24:01,787 [WARN] PackLoader:240 - Cannot read IP mode file for STMicroelectronics.X-CUBE-TOUCHGFX.4.24.2
2026-01-22 11:24:01,803 [WARN] PackLoader:240 - Cannot read IP mode file for STMicroelectronics.X-CUBE-TOUCHGFX.4.24.1
2026-01-22 11:24:01,803 [WARN] PackLoader:240 - Cannot read IP mode file for STMicroelectronics.X-CUBE-STSE01.1.0.0
2026-01-22 11:24:01,819 [WARN] PackLoader:240 - Cannot read IP mode file for wolfSSL.I-CUBE-wolfTPM.3.4.0
2026-01-22 11:24:01,819 [WARN] PackLoader:240 - Cannot read IP mode file for portGmbH.I-Cube-SoM-uGOAL.1.1.0
2026-01-22 11:24:01,851 [WARN] PackLoader:240 - Cannot read IP mode file for STMicroelectronics.X-CUBE-AZRTOS-H7RS.1.0.0
2026-01-22 11:24:01,851 [WARN] PackLoader:240 - Cannot read IP mode file for STMicroelectronics.FP-ATR-ASTRA1.2.0.0
2026-01-22 11:24:01,883 [WARN] PackLoader:240 - Cannot read IP mode file for STMicroelectronics.X-CUBE-TOF1.3.4.2
2026-01-22 11:24:01,899 [ERROR] Engine:466 - C:\Users\brady\.stm32cubemx\thirdparties\pdsc\STMicroelectronics.X-CUBE-TOF1.3.4.3.pdsc: PDSC version is not supported
2026-01-22 11:24:01,931 [WARN] PackLoader:240 - Cannot read IP mode file for Infineon.AIROC-Wi-Fi-Bluetooth-STM32.1.6.1
2026-01-22 11:24:01,947 [WARN] PackLoader:240 - Cannot read IP mode file for wolfSSL.I-CUBE-wolfSSH.1.4.17
2026-01-22 11:24:01,963 [INFO] ThirdParty:978 - Integrity check success = true
2026-01-22 11:24:01,963 [INFO] IntegrityCheckThread:100 - exiting critical section [integrity check]
2026-01-22 11:24:01,963 [INFO] IntegrityCheckThread:103 - End integrity checks thread
2026-01-22 11:24:02,802 [INFO] WebApp:448 - Apply proxy settings
2026-01-22 11:24:02,812 [INFO] WebApp:533 - Chromium requires no authentication
2026-01-22 11:24:02,813 [INFO] WebApp:476 - Direct internet connection detected
2026-01-22 11:24:02,860 [INFO] WebApp:869 - Register for checkConnection events
2026-01-22 11:24:02,860 [INFO] WebApp:448 - Apply proxy settings
2026-01-22 11:24:02,860 [INFO] WebApp:533 - Chromium requires no authentication
2026-01-22 11:24:02,860 [INFO] WebApp:476 - Direct internet connection detected
2026-01-22 11:24:03,040 [INFO] WebApp:186 - Connection restablished
2026-01-22 11:24:03,169 [INFO] WebApp:220 - Starting web application
2026-01-22 11:24:03,169 [INFO] WebApp:578 - Web application path used C:\ST\STM32CubeIDE_1.16.0\STM32CubeIDE\plugins\com.st.stm32cube.common.mx_6.12.0.202406281431\db\plugins\mcufinder\reactClient1\index.html
2026-01-22 11:24:45,821 [INFO] McuFinderGlobals:63 - Set McuFinder mode to 2 (CubeIDE integrated)
2026-01-22 11:24:45,824 [INFO] MainUpdater:2873 - connection check result : 10
2026-01-22 11:24:45,825 [INFO] MainUpdater:2873 - connection check result : 10
2026-01-22 11:24:45,857 [INFO] RulesReader:64 - Compatibility file has been processed (297 Rules)
2026-01-22 11:24:45,865 [INFO] RulesReader:64 - Compatibility file has been processed (297 Rules)
2026-01-22 11:24:45,870 [INFO] MicroXplorer:468 - Change Database Path : 
2026-01-22 11:24:45,870 [INFO] MicroXplorer:498 - Change Database Version : DB.6.0.120
2026-01-22 11:24:45,890 [WARN] ThirdParty:871 - waiting for thirdparty lock release [close project]
2026-01-22 11:24:45,890 [INFO] ThirdParty:873 - entering critical section [close project]
2026-01-22 11:24:45,892 [INFO] ThirdParty:883 - exiting critical section [close project]
2026-01-22 11:24:45,896 [INFO] PinOutPanel:1561 - setPackage(No Configuration,No Configuration)
2026-01-22 11:24:45,901 [INFO] UtilMem:75 - Begin LoadConfig() Used Memory: 385453200 Bytes (622854144)
2026-01-22 11:24:45,902 [INFO] MicroXplorer:468 - Change Database Path : 
2026-01-22 11:24:45,902 [INFO] MicroXplorer:498 - Change Database Version : DB.6.0.120
2026-01-22 11:24:45,903 [INFO] OpenFileManager:332 - Change cursor
2026-01-22 11:24:45,932 [INFO] Mcu:2032 - Initializing MCU STM32H743VGTx STM32H743VGTx STM32H743VGT6
2026-01-22 11:24:48,359 [INFO] Context:742 - Trying to add GPIOservice into a context  which must be forbidden
2026-01-22 11:24:49,838 [INFO] RtosManager:555 - Registered RTOS mode: class=CMSIS, group=RTOS, mode=CMSIS_V1, owner=FREERTOS
2026-01-22 11:24:49,838 [INFO] RtosManager:555 - Registered RTOS mode: class=CMSIS, group=RTOS2, mode=CMSIS_V2, owner=FREERTOS
2026-01-22 11:24:49,838 [INFO] RtosManager:555 - Registered RTOS mode: class=RTOS, group=Core, mode=CMSIS_V1, owner=FREERTOS
2026-01-22 11:24:49,838 [INFO] RtosManager:555 - Registered RTOS mode: class=RTOS, group=Core, mode=CMSIS_V2, owner=FREERTOS
2026-01-22 11:24:49,838 [WARN] ModelIntegratedComponent:184 - Missing modes for component STMicroelectronics:FreeRTOS:0.0.1:STMicroelectronics:RTOS:FreeRTOS:Core:::10.2.0:
2026-01-22 11:24:49,845 [WARN] ModelIntegratedComponent:63 - No mode defined for component null
2026-01-22 11:24:49,845 [WARN] ModelIntegratedComponent:63 - No mode defined for component null
2026-01-22 11:24:49,845 [WARN] ModelIntegratedComponent:63 - No mode defined for component null
2026-01-22 11:24:49,845 [WARN] ModelIntegratedComponent:63 - No mode defined for component null
2026-01-22 11:24:49,845 [WARN] ModelIntegratedComponent:63 - No mode defined for component null
2026-01-22 11:24:49,845 [WARN] ModelIntegratedComponent:63 - No mode defined for component null
2026-01-22 11:24:49,845 [WARN] ModelIntegratedComponent:63 - No mode defined for component null
2026-01-22 11:24:49,845 [WARN] ModelIntegratedComponent:63 - No mode defined for component null
2026-01-22 11:24:49,846 [WARN] ModelIntegratedComponent:63 - No mode defined for component null
2026-01-22 11:24:49,846 [WARN] ModelIntegratedComponent:63 - No mode defined for component null
2026-01-22 11:24:49,846 [WARN] ModelIntegratedComponent:63 - No mode defined for component null
2026-01-22 11:24:49,846 [WARN] ModelIntegratedComponent:63 - No mode defined for component null
2026-01-22 11:24:49,846 [WARN] ModelIntegratedComponent:63 - No mode defined for component null
2026-01-22 11:24:49,846 [WARN] ModelIntegratedComponent:63 - No mode defined for component null
2026-01-22 11:24:49,846 [WARN] ModelIntegratedComponent:63 - No mode defined for component null
2026-01-22 11:24:49,846 [WARN] ModelIntegratedComponent:63 - No mode defined for component null
2026-01-22 11:24:49,846 [WARN] ModelIntegratedComponent:63 - No mode defined for component null
2026-01-22 11:24:49,846 [WARN] ModelIntegratedComponent:63 - No mode defined for component null
2026-01-22 11:24:49,846 [WARN] ModelIntegratedComponent:63 - No mode defined for component null
2026-01-22 11:24:49,846 [WARN] ModelIntegratedComponent:63 - No mode defined for component null
2026-01-22 11:24:49,846 [WARN] ModelIntegratedComponent:63 - No mode defined for component null
2026-01-22 11:24:49,846 [WARN] ModelIntegratedComponent:63 - No mode defined for component null
2026-01-22 11:24:49,846 [WARN] ModelIntegratedComponent:63 - No mode defined for component null
2026-01-22 11:24:49,846 [WARN] ModelIntegratedComponent:63 - No mode defined for component null
2026-01-22 11:24:49,846 [WARN] ModelIntegratedComponent:63 - No mode defined for component null
2026-01-22 11:24:49,846 [WARN] ModelIntegratedComponent:63 - No mode defined for component null
2026-01-22 11:24:49,846 [WARN] ModelIntegratedComponent:63 - No mode defined for component null
2026-01-22 11:24:49,846 [WARN] ModelIntegratedComponent:63 - No mode defined for component null
2026-01-22 11:24:49,846 [WARN] ModelIntegratedComponent:63 - No mode defined for component null
2026-01-22 11:24:49,846 [WARN] ModelIntegratedComponent:63 - No mode defined for component null
2026-01-22 11:24:49,846 [WARN] ModelIntegratedComponent:63 - No mode defined for component null
2026-01-22 11:24:49,846 [WARN] ModelIntegratedComponent:63 - No mode defined for component null
2026-01-22 11:24:49,846 [WARN] ModelIntegratedComponent:63 - No mode defined for component null
2026-01-22 11:24:49,846 [WARN] ModelIntegratedComponent:63 - No mode defined for component null
2026-01-22 11:24:49,846 [WARN] ModelIntegratedComponent:63 - No mode defined for component null
2026-01-22 11:24:49,846 [WARN] ModelPack:524 - Component already loaded: STMicroelectronics:HAL Drivers:0.0.0:STMicroelectronics:Device:STMicro_Driver:XSPI:HAL::0.0.1:HAL_XSPI
2026-01-22 11:24:50,026 [INFO] ThirdPartyModel:298 - Start build external matchings
2026-01-22 11:24:50,814 [INFO] ThirdPartyModel:316 - End build external matchings
2026-01-22 11:24:50,843 [INFO] ImportTextPane:205 - (OptionalMessage_ERROR) IP (RCC) : Invalid parameter (FamilyName)
2026-01-22 11:24:50,844 [INFO] ImportTextPane:205 - (OptionalMessage_ERROR) IP (RCC) : Parameter (I2C4Freq_Value) has invalid value (64000000)
2026-01-22 11:24:50,844 [INFO] ImportTextPane:205 - (OptionalMessage_ERROR) IP (RCC) : Parameter (LPTIM2Freq_Value) has invalid value (64000000)
2026-01-22 11:24:50,844 [INFO] ImportTextPane:205 - (OptionalMessage_ERROR) IP (RCC) : Parameter (LPTIM345Freq_Value) has invalid value (64000000)
2026-01-22 11:24:50,844 [INFO] ImportTextPane:205 - (OptionalMessage_ERROR) IP (RCC) : Parameter (LPUART1Freq_Value) has invalid value (64000000)
2026-01-22 11:24:50,844 [INFO] ImportTextPane:205 - (OptionalMessage_ERROR) IP (RCC) : Parameter (LTDCFreq_Value) has invalid value (50390625)
2026-01-22 11:24:50,844 [INFO] ImportTextPane:205 - (OptionalMessage_ERROR) IP (RCC) : Parameter (SPI45Freq_Value) has invalid value (64000000)
2026-01-22 11:24:50,844 [INFO] ImportTextPane:205 - (OptionalMessage_ERROR) IP (RCC) : Parameter (SPI6Freq_Value) has invalid value (64000000)
2026-01-22 11:24:50,844 [INFO] ImportTextPane:205 - (OptionalMessage_ERROR) IP (RCC) : Parameter (USART16Freq_Value) has invalid value (64000000)
2026-01-22 11:24:51,387 [INFO] ApiDb:581 - Connected to CubeFinder SQLite database (C:\Users\brady\.stmcufinder\plugins\mcufinder\mcu\cube-finder-db.db)
2026-01-22 11:24:51,438 [INFO] ApiDb:668 - CubeFinder database Data Model version=2.1
2026-01-22 11:24:51,438 [INFO] ApiDb:669 - CubeFinder database Configuration version=3.0.39
2026-01-22 11:24:51,439 [INFO] ApiDb:670 - CubeFinder database generation date=2025-12-22 (1766407740)
2026-01-22 11:24:51,439 [INFO] ApiDb:671 - CubeFinder database FW Pack versions=[FP-ATR-ASTRA1_V2.0.0, FP-SNS-FLIGHT1_V5.1.0, FP-SNS-MOTENV1_V5.1.0, FP-SNS-MOTENVWB1_V1.4.0, FP-SNS-SMARTAG2_V1.2.0, FP-SNS-STBOX1_V2.1.0, STM32Cube_FW_C0_V1.4.0, STM32Cube_FW_F4_V1.28.3, STM32Cube_FW_F7_V1.17.4, STM32Cube_FW_G0_V1.6.2, STM32Cube_FW_G4_V1.6.1, STM32Cube_FW_H5_V1.5.1, STM32Cube_FW_H7RS_V1.3.0, STM32Cube_FW_H7_V1.12.1, STM32Cube_FW_L0_V1.12.2, STM32Cube_FW_L4_V1.18.1, STM32Cube_FW_L5_V1.6.0, STM32Cube_FW_N6_V1.3.0, STM32Cube_FW_U0_V1.3.0, STM32Cube_FW_U3_V1.2.1, STM32Cube_FW_U5_V1.8.0, STM32Cube_FW_WB0_V1.4.0, STM32Cube_FW_WBA_V1.8.0, STM32Cube_FW_WB_V1.24.0, STM32Cube_FW_WL3_V1.3.0, STM32Cube_FW_WL_V1.4.0, X-CUBE-ALGOBUILD_V1.4.0, X-CUBE-ALS_V1.0.2, X-CUBE-AZRTOS-F4_V1.1.0, X-CUBE-AZRTOS-F7_V1.1.0, X-CUBE-AZRTOS-G0_V1.1.0, X-CUBE-AZRTOS-G4_V2.0.0, X-CUBE-AZRTOS-H7RS_V1.1.0, X-CUBE-AZRTOS-H7_V3.4.0, X-CUBE-AZRTOS-L4_V2.0.0, X-CUBE-AZRTOS-L5_V2.0.0, X-CUBE-AZRTOS-WB_V2.0.0, X-CUBE-AZRTOS-WL_V2.0.0, X-CUBE-BLE1_V7.1.0, X-CUBE-BLE2_V3.3.0, X-CUBE-BLEMGR_V4.1.0, X-CUBE-EEPRMA1_V5.2.0, X-CUBE-FREERTOS_V1.3.1, X-CUBE-GNSS1_V6.0.0, X-CUBE-MEMS1_V12.0.0, X-CUBE-NFC4_V3.0.0, X-CUBE-NFC7_V2.0.0, X-CUBE-SFXS2LP1_V4.0.0, X-CUBE-ST67W61_V1.1.0, X-CUBE-SUBG2_V5.0.0, X-CUBE-TOF1_V3.4.3]
2026-01-22 11:24:51,479 [INFO] DbBoardsSqlite:226 - include board P-NUCLEO-WB55-NUCLEO as a kit item of type 'Nucleo-64'
2026-01-22 11:24:51,479 [INFO] DbBoardsSqlite:226 - include board P-NUCLEO-WB55-USBDONGLE as a kit item of type 'Nucleo USB Dongle'
2026-01-22 11:24:51,479 [INFO] DbBoardsSqlite:226 - include board STEVAL-IDP005V1 as a kit item of type 'Evaluation Board'
2026-01-22 11:24:51,479 [INFO] DbBoardsSqlite:226 - include board STEVAL-IDP005V2 as a kit item of type 'Evaluation Board'
2026-01-22 11:24:51,523 [INFO] ApiDb:240 - Found 646 in-development CPN: [B-G473E-ZEST1S, B-WB1M-WPAN1, B-WL5M-SUBG1, NUCLEO-C031C6, NUCLEO-C071RB, NUCLEO-H503RB, NUCLEO-H533RE, NUCLEO-H563ZI, NUCLEO-H7S3L8, NUCLEO-U031R8, NUCLEO-U083RC, NUCLEO-U545RE-Q, NUCLEO-U5A5ZJ-Q, NUCLEO-WB05KZ, NUCLEO-WB07CC, NUCLEO-WB09KE, NUCLEO-WBA52CG, NUCLEO-WBA55CG, STEVAL-PROTEUS1, STEVAL-SMARTAG2, STEVAL-STWINBX1, STM320518-EVAL, STM32C0116-DK, STM32C011D6Y3TR, STM32C011D6Y6TR, STM32C011F4P3, STM32C011F4P6, STM32C011F4U3, STM32C011F4U6TR, STM32C011F6P3, STM32C011F6P6, STM32C011F6U3, STM32C011F6U6TR, STM32C011J4M3, STM32C011J4M6, STM32C011J6M3, STM32C011J6M6, STM32C0316-DK, STM32C031C4T3, STM32C031C4T6, STM32C031C4U3, STM32C031C4U6, STM32C031C6T3, STM32C031C6T6, STM32C031C6U3, STM32C031C6U6, STM32C031F4P3, STM32C031F4P6, STM32C031F6P3, STM32C031F6P6, STM32C031G4U3, STM32C031G4U6, STM32C031G6U3, STM32C031G6U6, STM32C031K4T3, STM32C031K4T6, STM32C031K4U3, STM32C031K4U6, STM32C031K6T3, STM32C031K6T6, STM32C031K6U3, STM32C031K6U6, STM32C071C8T6, STM32C071C8T6N, STM32C071C8U6, STM32C071C8U6N, STM32C071CBT6, STM32C071CBT6N, STM32C071CBU6, STM32C071CBU6N, STM32C071F8P6, STM32C071F8P6N, STM32C071FBP6, STM32C071FBP6N, STM32C071FBY6TR, STM32C071G8U6, STM32C071G8U6N, STM32C071GBU6, STM32C071GBU6N, STM32C071K8T6, STM32C071K8T6N, STM32C071K8U6, STM32C071K8U6N, STM32C071KBT6, STM32C071KBT6N, STM32C071KBU6, STM32C071KBU6N, STM32C071R8T6, STM32C071R8T6N, STM32C071RBI6N, STM32C071RBT6, STM32C071RBT6N, STM32G071K8TXN, STM32G071K8UXN, STM32G081GBU6N, STM32G081KBT6N, STM32G081KBUXN, STM32G0B1CCT6N, STM32G0B1KCT6, STM32G0B1NEY6TR, STM32G0B1RCT6N, STM32G0C1CCT6, STM32G0C1CCT6N, STM32G0C1CCU6N, STM32G0C1CET6N, STM32G0C1CEU6N, STM32G0C1KCT6, STM32G0C1NEY6TR, STM32G0C1RCI6N, STM32G0C1RCT6N, STM32G0C1REI6N, STM32G0C1RET6N, STM32G0C1VCI6, STM32G0C1VEI6, STM32G411C6T3, STM32G411C6T6, STM32G411C6U3, STM32G411C6U6, STM32G411C8T3, STM32G411C8T6, STM32G411C8U3, STM32G411C8U6, STM32G411CBT3, STM32G411CBT6, STM32G411CBU3, STM32G411CBU6, STM32G411K6T3, STM32G411K6T6, STM32G411K6U3, STM32G411K6U6, STM32G411K8T3, STM32G411K8T6, STM32G411K8U3, STM32G411K8U6, STM32G411KBT3, STM32G411KBT6, STM32G411KBU3, STM32G411KBU6, STM32G411M6T3, STM32G411M6T6, STM32G411M8T3, STM32G411M8T6, STM32G411MBT3, STM32G411MBT6, STM32G411R6T3, STM32G411R6T6, STM32G411R8T3, STM32G411R8T6, STM32G411RBT3, STM32G411RBT6, STM32G414CBT3, STM32G414CBT6, STM32G414CBU3, STM32G414CBU6, STM32G414CCT3, STM32G414CCT6, STM32G414CCU3, STM32G414CCU6, STM32G414MBT3, STM32G414MBT6, STM32G414MCT3, STM32G414MCT6, STM32G414RBT3, STM32G414RBT6, STM32G414RCT3, STM32G414RCT6, STM32G414VBT3, STM32G414VBT6, STM32G414VCT3, STM32G414VCT6, STM32G431CBT3Z, STM32G431RBT3Z, STM32G471CCT6, STM32G471CCU6, STM32G471CET3, STM32G471CET6, STM32G471CEU3, STM32G471CEU6, STM32G471MCT6, STM32G471MET3, STM32G471MET6, STM32G471MEY6TR, STM32G471QCT6, STM32G471QET3, STM32G471RCT6, STM32G471RET3, STM32G471RET6, STM32G471VCH6, STM32G471VCI6, STM32G471VCT6, STM32G471VEH3, STM32G471VEH6, STM32G471VEI3, STM32G471VEI6, STM32G471VET3, STM32G471VET6, STM32G473QET3Z, STM32G473RET3Z, STM32G474CCT6, STM32G491RET3Z, STM32H503CBT6, STM32H503CBU6, STM32H503EBY6TR, STM32H503KBU6, STM32H503RBT6, STM32H523CCT6, STM32H523CCU6, STM32H523CET6, STM32H523CEU6, STM32H523HEY6TR, STM32H523RCT6, STM32H523RET6, STM32H523VCI6, STM32H523VCT6, STM32H523VEI6, STM32H523VET6, STM32H523ZCJ6, STM32H523ZCT6, STM32H523ZEJ6, STM32H523ZET6, STM32H533CET6, STM32H533CEU6, STM32H533HEY6TR, STM32H533RET6, STM32H533VEI6, STM32H533VET6, STM32H533ZEJ6, STM32H533ZET6, STM32H562AGI6, STM32H562AII6, STM32H562IGK6, STM32H562IGT6, STM32H562IIK6, STM32H562IIT6, STM32H562RGT6, STM32H562RGV6, STM32H562RIT6, STM32H562RIV6, STM32H562VGT6, STM32H562VIT6, STM32H562ZGT6, STM32H562ZIT6, STM32H563AGI6, STM32H563AII3Q, STM32H563AII6, STM32H563IGK6, STM32H563IGT6, STM32H563IIK3Q, STM32H563IIK6, STM32H563IIT3Q, STM32H563IIT6, STM32H563MIY3QTR, STM32H563RGT6, STM32H563RGV6, STM32H563RIT6, STM32H563RIV6, STM32H563VGT6, STM32H563VIT3Q, STM32H563VIT6, STM32H563ZGT6, STM32H563ZIT3Q, STM32H563ZIT6, STM32H573AII3Q, STM32H573AII6, STM32H573I-DK, STM32H573IIK3Q, STM32H573IIK6, STM32H573IIT3Q, STM32H573IIT6, STM32H573MIY3QTR, STM32H573RIT6, STM32H573RIV6, STM32H573VIT3Q, STM32H573VIT6, STM32H573ZIT3Q, STM32H573ZIT6, STM32H7R3A8I6, STM32H7R3I8K6, STM32H7R3I8T6, STM32H7R3L8H6, STM32H7R3L8H6H, STM32H7R3R8V6, STM32H7R3V8H6, STM32H7R3V8T6, STM32H7R3V8Y6TR, STM32H7R3Z8J6, STM32H7R3Z8T6, STM32H7R7A8I6, STM32H7R7I8K6, STM32H7R7I8T6, STM32H7R7L8H6, STM32H7R7L8H6H, STM32H7R7Z8J6, STM32H7S3A8I6, STM32H7S3I8K6, STM32H7S3I8T6, STM32H7S3L8H6, STM32H7S3L8H6H, STM32H7S3R8V6, STM32H7S3V8H6, STM32H7S3V8T6, STM32H7S3V8Y6TR, STM32H7S3Z8J6, STM32H7S3Z8T6, STM32H7S78-DK, STM32H7S7A8I6, STM32H7S7I8K6, STM32H7S7I8T6, STM32H7S7L8H6, STM32H7S7L8H6H, STM32H7S7Z8J6, STM32L4R5QGI6STR, STM32MP131AAE3, STM32MP131AAF3, STM32MP131AAG3, STM32MP131CAE3, STM32MP131CAF3, STM32MP131CAG3, STM32MP131DAE7, STM32MP131DAF7, STM32MP131DAG7, STM32MP131FAE7, STM32MP131FAF7, STM32MP131FAG7, STM32MP133AAE3, STM32MP133AAF3, STM32MP133AAG3, STM32MP133CAE3, STM32MP133CAF3, STM32MP133CAG3, STM32MP133DAE7, STM32MP133DAF7, STM32MP133DAG7, STM32MP133FAE7, STM32MP133FAF7, STM32MP133FAG7, STM32MP135AAE3, STM32MP135AAF3, STM32MP135AAG3, STM32MP135CAE3, STM32MP135CAF3, STM32MP135CAG3, STM32MP135DAE7, STM32MP135DAF7, STM32MP135DAG7, STM32MP135F-DK, STM32MP135FAE7, STM32MP135FAF7, STM32MP135FAF7T, STM32MP135FAF7U, STM32MP135FAG7, STM32MP251AAI3, STM32MP251AAK3, STM32MP251AAL3, STM32MP251CAI3, STM32MP251CAK3, STM32MP251CAL3, STM32MP251DAI3, STM32MP251DAK3, STM32MP251DAL3, STM32MP251FAI3, STM32MP251FAK3, STM32MP251FAL3, STM32MP253AAI3, STM32MP253AAK3, STM32MP253AAL3, STM32MP253CAI3, STM32MP253CAK3, STM32MP253CAL3, STM32MP253DAI3, STM32MP253DAK3, STM32MP253DAL3, STM32MP253FAI3, STM32MP253FAK3, STM32MP253FAL3, STM32MP255AAI3, STM32MP255AAK3, STM32MP255AAL3, STM32MP255CAI3, STM32MP255CAK3, STM32MP255CAL3, STM32MP255DAI3, STM32MP255DAK3, STM32MP255DAL3, STM32MP255FAI3, STM32MP255FAK3, STM32MP255FAL3, STM32MP257AAI3, STM32MP257AAK3, STM32MP257AAL3, STM32MP257CAI3, STM32MP257CAK3, STM32MP257CAL3, STM32MP257DAI3, STM32MP257DAK3, STM32MP257DAL3, STM32MP257F-DK, STM32MP257F-EV1, STM32MP257FAI3, STM32MP257FAK3, STM32MP257FAL3, STM32U031C6T6, STM32U031C6U6, STM32U031C8T6, STM32U031C8U6, STM32U031F4P6, STM32U031F6P6, STM32U031F8P6, STM32U031G6Y6TR, STM32U031G8Y6TR, STM32U031K4U6, STM32U031K6U6, STM32U031K8U6, STM32U031R6I6, STM32U031R6T6, STM32U031R8I6, STM32U031R8T6, STM32U073C8T6, STM32U073C8U6, STM32U073CBT6, STM32U073CBU6, STM32U073CCT6, STM32U073CCU6, STM32U073H8Y6TR, STM32U073HBY6TR, STM32U073HCY6TR, STM32U073K8U6, STM32U073KBU6, STM32U073KCU6, STM32U073M8I6, STM32U073M8T6, STM32U073MBI6, STM32U073MBT6, STM32U073MCI6, STM32U073MCT6, STM32U073R8I6, STM32U073R8T6, STM32U073RBI6, STM32U073RBT6, STM32U073RCI6, STM32U073RCT6, STM32U083C-DK, STM32U083CCT6, STM32U083CCU6, STM32U083HCY6TR, STM32U083KCU6, STM32U083MCI6, STM32U083MCT6, STM32U083RCI6, STM32U083RCT6, STM32U535CBT6, STM32U535CBT6Q, STM32U535CBU6, STM32U535CBU6Q, STM32U535CCT6, STM32U535CCT6Q, STM32U535CCU6, STM32U535CCU6Q, STM32U535CET6, STM32U535CET6Q, STM32U535CEU6, STM32U535CEU6Q, STM32U535JEY6QTR, STM32U535NCY6QTR, STM32U535NEY6QTR, STM32U535RBI6, STM32U535RBI6Q, STM32U535RBT6, STM32U535RBT6Q, STM32U535RCI6, STM32U535RCI6Q, STM32U535RCT6, STM32U535RCT6Q, STM32U535REI6, STM32U535REI6Q, STM32U535RET6, STM32U535RET6Q, STM32U535VCI6, STM32U535VCI6Q, STM32U535VCT6, STM32U535VCT6Q, STM32U535VEI6, STM32U535VEI6Q, STM32U535VET6, STM32U535VET6Q, STM32U545CET6, STM32U545CET6Q, STM32U545CEU6, STM32U545CEU6Q, STM32U545JEY6QTR, STM32U545NEY6QTR, STM32U545REI6, STM32U545REI6Q, STM32U545RET6, STM32U545RET6Q, STM32U545VEI6, STM32U545VEI6Q, STM32U545VET6, STM32U545VET6Q, STM32U595AIH6, STM32U595AIH6Q, STM32U595AJH6, STM32U595AJH6Q, STM32U595QII6, STM32U595QII6Q, STM32U595QJI6, STM32U595QJI6Q, STM32U595RIT6, STM32U595RIT6Q, STM32U595RJT6, STM32U595RJT6Q, STM32U595VIT6, STM32U595VIT6Q, STM32U595VJT6, STM32U595VJT6Q, STM32U595ZIT6, STM32U595ZIT6Q, STM32U595ZIY6QTR, STM32U595ZJT6, STM32U595ZJT6Q, STM32U595ZJY6QTR, STM32U599BJY6QTR, STM32U599NIH6Q, STM32U599NJH6Q, STM32U599VIT6Q, STM32U599VJT6, STM32U599VJT6Q, STM32U599ZIT6Q, STM32U599ZIY6QTR, STM32U599ZJT6Q, STM32U599ZJY6QTR, STM32U5A5AJH6, STM32U5A5AJH6Q, STM32U5A5QII3Q , STM32U5A5QJI6, STM32U5A5QJI6Q, STM32U5A5RJT6, STM32U5A5RJT6Q, STM32U5A5VJT6, STM32U5A5VJT6Q, STM32U5A5ZJT6, STM32U5A5ZJT6Q, STM32U5A5ZJY6QTR, STM32U5A9BJY6QTR, STM32U5A9J-DK, STM32U5A9NJH6Q, STM32U5A9VJT6Q, STM32U5A9ZJT6Q, STM32U5A9ZJY6QTR, STM32U5F7VIT6, STM32U5F7VIT6Q, STM32U5F7VJT6, STM32U5F7VJT6Q, STM32U5F9BJY6QTR, STM32U5F9NJH6Q, STM32U5F9VIT6Q, STM32U5F9VJT6Q, STM32U5F9ZIJ6QTR, STM32U5F9ZIT6Q, STM32U5F9ZJJ6QTR, STM32U5F9ZJT6Q, STM32U5G7VJT6, STM32U5G7VJT6Q, STM32U5G9BJY6QTR, STM32U5G9J-DK1, STM32U5G9J-DK2, STM32U5G9NJH6Q, STM32U5G9VJT6Q, STM32U5G9ZJJ6QTR, STM32U5G9ZJT6Q, STM32WB05KZV6TR, STM32WB05KZV7TR, STM32WB05TZF6TR, STM32WB05TZF7TR, STM32WB06CCF6TR, STM32WB06CCF7TR, STM32WB06CCV6TR, STM32WB06CCV7TR, STM32WB06KCV6TR, STM32WB06KCV7TR, STM32WB07CCF6TR, STM32WB07CCF7TR, STM32WB07CCV6TR, STM32WB07CCV7TR, STM32WB07KCV6TR, STM32WB07KCV7TR, STM32WB09KEV6TR, STM32WB09KEV7TR, STM32WB09TEF6TR, STM32WB09TEF7TR, STM32WB1MMCH6, STM32WBA50KGU6, STM32WBA50KGU6TR, STM32WBA52CEU6, STM32WBA52CEU6TR, STM32WBA52CEU7, STM32WBA52CEU7TR, STM32WBA52CGU6, STM32WBA52CGU6TR, STM32WBA52CGU6U, STM32WBA52CGU7, STM32WBA52CGU7TR, STM32WBA52KEU6, STM32WBA52KEU6TR, STM32WBA52KGU6, STM32WBA52KGU6TR, STM32WBA54CEU6, STM32WBA54CEU6TR, STM32WBA54CEU7, STM32WBA54CEU7TR, STM32WBA54CGU6, STM32WBA54CGU6TR, STM32WBA54CGU7, STM32WBA54CGU7TR, STM32WBA54KEU6, STM32WBA54KEU6TR, STM32WBA54KEU7, STM32WBA54KEU7TR, STM32WBA54KGU6, STM32WBA54KGU6TR, STM32WBA54KGU7, STM32WBA54KGU7TR, STM32WBA55CEU6, STM32WBA55CEU6TR, STM32WBA55CEU7, STM32WBA55CEU7TR, STM32WBA55CGU6, STM32WBA55CGU6TR, STM32WBA55CGU6U, STM32WBA55CGU7, STM32WBA55CGU7TR, STM32WBA55G-DK1, STM32WBA55HEF6, STM32WBA55HEF7, STM32WBA55HGF6, STM32WBA55HGF7, STM32WBA55UEI6, STM32WBA55UEI6TR, STM32WBA55UEI7, STM32WBA55UEI7TR, STM32WBA55UGI6, STM32WBA55UGI6TR, STM32WBA55UGI7, STM32WBA55UGI7TR, STM32WL5MOCH6, STM32WL5MOCH6TR]
2026-01-22 11:24:51,526 [INFO] ApiDb:668 - CubeFinder database Data Model version=2.1
2026-01-22 11:24:51,526 [INFO] ApiDb:669 - CubeFinder database Configuration version=3.0.39
2026-01-22 11:24:51,526 [INFO] ApiDb:670 - CubeFinder database generation date=2025-12-22 (1766407740)
2026-01-22 11:24:51,526 [INFO] ApiDb:671 - CubeFinder database FW Pack versions=[FP-ATR-ASTRA1_V2.0.0, FP-SNS-FLIGHT1_V5.1.0, FP-SNS-MOTENV1_V5.1.0, FP-SNS-MOTENVWB1_V1.4.0, FP-SNS-SMARTAG2_V1.2.0, FP-SNS-STBOX1_V2.1.0, STM32Cube_FW_C0_V1.4.0, STM32Cube_FW_F4_V1.28.3, STM32Cube_FW_F7_V1.17.4, STM32Cube_FW_G0_V1.6.2, STM32Cube_FW_G4_V1.6.1, STM32Cube_FW_H5_V1.5.1, STM32Cube_FW_H7RS_V1.3.0, STM32Cube_FW_H7_V1.12.1, STM32Cube_FW_L0_V1.12.2, STM32Cube_FW_L4_V1.18.1, STM32Cube_FW_L5_V1.6.0, STM32Cube_FW_N6_V1.3.0, STM32Cube_FW_U0_V1.3.0, STM32Cube_FW_U3_V1.2.1, STM32Cube_FW_U5_V1.8.0, STM32Cube_FW_WB0_V1.4.0, STM32Cube_FW_WBA_V1.8.0, STM32Cube_FW_WB_V1.24.0, STM32Cube_FW_WL3_V1.3.0, STM32Cube_FW_WL_V1.4.0, X-CUBE-ALGOBUILD_V1.4.0, X-CUBE-ALS_V1.0.2, X-CUBE-AZRTOS-F4_V1.1.0, X-CUBE-AZRTOS-F7_V1.1.0, X-CUBE-AZRTOS-G0_V1.1.0, X-CUBE-AZRTOS-G4_V2.0.0, X-CUBE-AZRTOS-H7RS_V1.1.0, X-CUBE-AZRTOS-H7_V3.4.0, X-CUBE-AZRTOS-L4_V2.0.0, X-CUBE-AZRTOS-L5_V2.0.0, X-CUBE-AZRTOS-WB_V2.0.0, X-CUBE-AZRTOS-WL_V2.0.0, X-CUBE-BLE1_V7.1.0, X-CUBE-BLE2_V3.3.0, X-CUBE-BLEMGR_V4.1.0, X-CUBE-EEPRMA1_V5.2.0, X-CUBE-FREERTOS_V1.3.1, X-CUBE-GNSS1_V6.0.0, X-CUBE-MEMS1_V12.0.0, X-CUBE-NFC4_V3.0.0, X-CUBE-NFC7_V2.0.0, X-CUBE-SFXS2LP1_V4.0.0, X-CUBE-ST67W61_V1.1.0, X-CUBE-SUBG2_V5.0.0, X-CUBE-TOF1_V3.4.3]
2026-01-22 11:24:52,721 [INFO] ApiDb:240 - Found 646 in-development CPN: [B-G473E-ZEST1S, B-WB1M-WPAN1, B-WL5M-SUBG1, NUCLEO-C031C6, NUCLEO-C071RB, NUCLEO-H503RB, NUCLEO-H533RE, NUCLEO-H563ZI, NUCLEO-H7S3L8, NUCLEO-U031R8, NUCLEO-U083RC, NUCLEO-U545RE-Q, NUCLEO-U5A5ZJ-Q, NUCLEO-WB05KZ, NUCLEO-WB07CC, NUCLEO-WB09KE, NUCLEO-WBA52CG, NUCLEO-WBA55CG, STEVAL-PROTEUS1, STEVAL-SMARTAG2, STEVAL-STWINBX1, STM320518-EVAL, STM32C0116-DK, STM32C011D6Y3TR, STM32C011D6Y6TR, STM32C011F4P3, STM32C011F4P6, STM32C011F4U3, STM32C011F4U6TR, STM32C011F6P3, STM32C011F6P6, STM32C011F6U3, STM32C011F6U6TR, STM32C011J4M3, STM32C011J4M6, STM32C011J6M3, STM32C011J6M6, STM32C0316-DK, STM32C031C4T3, STM32C031C4T6, STM32C031C4U3, STM32C031C4U6, STM32C031C6T3, STM32C031C6T6, STM32C031C6U3, STM32C031C6U6, STM32C031F4P3, STM32C031F4P6, STM32C031F6P3, STM32C031F6P6, STM32C031G4U3, STM32C031G4U6, STM32C031G6U3, STM32C031G6U6, STM32C031K4T3, STM32C031K4T6, STM32C031K4U3, STM32C031K4U6, STM32C031K6T3, STM32C031K6T6, STM32C031K6U3, STM32C031K6U6, STM32C071C8T6, STM32C071C8T6N, STM32C071C8U6, STM32C071C8U6N, STM32C071CBT6, STM32C071CBT6N, STM32C071CBU6, STM32C071CBU6N, STM32C071F8P6, STM32C071F8P6N, STM32C071FBP6, STM32C071FBP6N, STM32C071FBY6TR, STM32C071G8U6, STM32C071G8U6N, STM32C071GBU6, STM32C071GBU6N, STM32C071K8T6, STM32C071K8T6N, STM32C071K8U6, STM32C071K8U6N, STM32C071KBT6, STM32C071KBT6N, STM32C071KBU6, STM32C071KBU6N, STM32C071R8T6, STM32C071R8T6N, STM32C071RBI6N, STM32C071RBT6, STM32C071RBT6N, STM32G071K8TXN, STM32G071K8UXN, STM32G081GBU6N, STM32G081KBT6N, STM32G081KBUXN, STM32G0B1CCT6N, STM32G0B1KCT6, STM32G0B1NEY6TR, STM32G0B1RCT6N, STM32G0C1CCT6, STM32G0C1CCT6N, STM32G0C1CCU6N, STM32G0C1CET6N, STM32G0C1CEU6N, STM32G0C1KCT6, STM32G0C1NEY6TR, STM32G0C1RCI6N, STM32G0C1RCT6N, STM32G0C1REI6N, STM32G0C1RET6N, STM32G0C1VCI6, STM32G0C1VEI6, STM32G411C6T3, STM32G411C6T6, STM32G411C6U3, STM32G411C6U6, STM32G411C8T3, STM32G411C8T6, STM32G411C8U3, STM32G411C8U6, STM32G411CBT3, STM32G411CBT6, STM32G411CBU3, STM32G411CBU6, STM32G411K6T3, STM32G411K6T6, STM32G411K6U3, STM32G411K6U6, STM32G411K8T3, STM32G411K8T6, STM32G411K8U3, STM32G411K8U6, STM32G411KBT3, STM32G411KBT6, STM32G411KBU3, STM32G411KBU6, STM32G411M6T3, STM32G411M6T6, STM32G411M8T3, STM32G411M8T6, STM32G411MBT3, STM32G411MBT6, STM32G411R6T3, STM32G411R6T6, STM32G411R8T3, STM32G411R8T6, STM32G411RBT3, STM32G411RBT6, STM32G414CBT3, STM32G414CBT6, STM32G414CBU3, STM32G414CBU6, STM32G414CCT3, STM32G414CCT6, STM32G414CCU3, STM32G414CCU6, STM32G414MBT3, STM32G414MBT6, STM32G414MCT3, STM32G414MCT6, STM32G414RBT3, STM32G414RBT6, STM32G414RCT3, STM32G414RCT6, STM32G414VBT3, STM32G414VBT6, STM32G414VCT3, STM32G414VCT6, STM32G431CBT3Z, STM32G431RBT3Z, STM32G471CCT6, STM32G471CCU6, STM32G471CET3, STM32G471CET6, STM32G471CEU3, STM32G471CEU6, STM32G471MCT6, STM32G471MET3, STM32G471MET6, STM32G471MEY6TR, STM32G471QCT6, STM32G471QET3, STM32G471RCT6, STM32G471RET3, STM32G471RET6, STM32G471VCH6, STM32G471VCI6, STM32G471VCT6, STM32G471VEH3, STM32G471VEH6, STM32G471VEI3, STM32G471VEI6, STM32G471VET3, STM32G471VET6, STM32G473QET3Z, STM32G473RET3Z, STM32G474CCT6, STM32G491RET3Z, STM32H503CBT6, STM32H503CBU6, STM32H503EBY6TR, STM32H503KBU6, STM32H503RBT6, STM32H523CCT6, STM32H523CCU6, STM32H523CET6, STM32H523CEU6, STM32H523HEY6TR, STM32H523RCT6, STM32H523RET6, STM32H523VCI6, STM32H523VCT6, STM32H523VEI6, STM32H523VET6, STM32H523ZCJ6, STM32H523ZCT6, STM32H523ZEJ6, STM32H523ZET6, STM32H533CET6, STM32H533CEU6, STM32H533HEY6TR, STM32H533RET6, STM32H533VEI6, STM32H533VET6, STM32H533ZEJ6, STM32H533ZET6, STM32H562AGI6, STM32H562AII6, STM32H562IGK6, STM32H562IGT6, STM32H562IIK6, STM32H562IIT6, STM32H562RGT6, STM32H562RGV6, STM32H562RIT6, STM32H562RIV6, STM32H562VGT6, STM32H562VIT6, STM32H562ZGT6, STM32H562ZIT6, STM32H563AGI6, STM32H563AII3Q, STM32H563AII6, STM32H563IGK6, STM32H563IGT6, STM32H563IIK3Q, STM32H563IIK6, STM32H563IIT3Q, STM32H563IIT6, STM32H563MIY3QTR, STM32H563RGT6, STM32H563RGV6, STM32H563RIT6, STM32H563RIV6, STM32H563VGT6, STM32H563VIT3Q, STM32H563VIT6, STM32H563ZGT6, STM32H563ZIT3Q, STM32H563ZIT6, STM32H573AII3Q, STM32H573AII6, STM32H573I-DK, STM32H573IIK3Q, STM32H573IIK6, STM32H573IIT3Q, STM32H573IIT6, STM32H573MIY3QTR, STM32H573RIT6, STM32H573RIV6, STM32H573VIT3Q, STM32H573VIT6, STM32H573ZIT3Q, STM32H573ZIT6, STM32H7R3A8I6, STM32H7R3I8K6, STM32H7R3I8T6, STM32H7R3L8H6, STM32H7R3L8H6H, STM32H7R3R8V6, STM32H7R3V8H6, STM32H7R3V8T6, STM32H7R3V8Y6TR, STM32H7R3Z8J6, STM32H7R3Z8T6, STM32H7R7A8I6, STM32H7R7I8K6, STM32H7R7I8T6, STM32H7R7L8H6, STM32H7R7L8H6H, STM32H7R7Z8J6, STM32H7S3A8I6, STM32H7S3I8K6, STM32H7S3I8T6, STM32H7S3L8H6, STM32H7S3L8H6H, STM32H7S3R8V6, STM32H7S3V8H6, STM32H7S3V8T6, STM32H7S3V8Y6TR, STM32H7S3Z8J6, STM32H7S3Z8T6, STM32H7S78-DK, STM32H7S7A8I6, STM32H7S7I8K6, STM32H7S7I8T6, STM32H7S7L8H6, STM32H7S7L8H6H, STM32H7S7Z8J6, STM32L4R5QGI6STR, STM32MP131AAE3, STM32MP131AAF3, STM32MP131AAG3, STM32MP131CAE3, STM32MP131CAF3, STM32MP131CAG3, STM32MP131DAE7, STM32MP131DAF7, STM32MP131DAG7, STM32MP131FAE7, STM32MP131FAF7, STM32MP131FAG7, STM32MP133AAE3, STM32MP133AAF3, STM32MP133AAG3, STM32MP133CAE3, STM32MP133CAF3, STM32MP133CAG3, STM32MP133DAE7, STM32MP133DAF7, STM32MP133DAG7, STM32MP133FAE7, STM32MP133FAF7, STM32MP133FAG7, STM32MP135AAE3, STM32MP135AAF3, STM32MP135AAG3, STM32MP135CAE3, STM32MP135CAF3, STM32MP135CAG3, STM32MP135DAE7, STM32MP135DAF7, STM32MP135DAG7, STM32MP135F-DK, STM32MP135FAE7, STM32MP135FAF7, STM32MP135FAF7T, STM32MP135FAF7U, STM32MP135FAG7, STM32MP251AAI3, STM32MP251AAK3, STM32MP251AAL3, STM32MP251CAI3, STM32MP251CAK3, STM32MP251CAL3, STM32MP251DAI3, STM32MP251DAK3, STM32MP251DAL3, STM32MP251FAI3, STM32MP251FAK3, STM32MP251FAL3, STM32MP253AAI3, STM32MP253AAK3, STM32MP253AAL3, STM32MP253CAI3, STM32MP253CAK3, STM32MP253CAL3, STM32MP253DAI3, STM32MP253DAK3, STM32MP253DAL3, STM32MP253FAI3, STM32MP253FAK3, STM32MP253FAL3, STM32MP255AAI3, STM32MP255AAK3, STM32MP255AAL3, STM32MP255CAI3, STM32MP255CAK3, STM32MP255CAL3, STM32MP255DAI3, STM32MP255DAK3, STM32MP255DAL3, STM32MP255FAI3, STM32MP255FAK3, STM32MP255FAL3, STM32MP257AAI3, STM32MP257AAK3, STM32MP257AAL3, STM32MP257CAI3, STM32MP257CAK3, STM32MP257CAL3, STM32MP257DAI3, STM32MP257DAK3, STM32MP257DAL3, STM32MP257F-DK, STM32MP257F-EV1, STM32MP257FAI3, STM32MP257FAK3, STM32MP257FAL3, STM32U031C6T6, STM32U031C6U6, STM32U031C8T6, STM32U031C8U6, STM32U031F4P6, STM32U031F6P6, STM32U031F8P6, STM32U031G6Y6TR, STM32U031G8Y6TR, STM32U031K4U6, STM32U031K6U6, STM32U031K8U6, STM32U031R6I6, STM32U031R6T6, STM32U031R8I6, STM32U031R8T6, STM32U073C8T6, STM32U073C8U6, STM32U073CBT6, STM32U073CBU6, STM32U073CCT6, STM32U073CCU6, STM32U073H8Y6TR, STM32U073HBY6TR, STM32U073HCY6TR, STM32U073K8U6, STM32U073KBU6, STM32U073KCU6, STM32U073M8I6, STM32U073M8T6, STM32U073MBI6, STM32U073MBT6, STM32U073MCI6, STM32U073MCT6, STM32U073R8I6, STM32U073R8T6, STM32U073RBI6, STM32U073RBT6, STM32U073RCI6, STM32U073RCT6, STM32U083C-DK, STM32U083CCT6, STM32U083CCU6, STM32U083HCY6TR, STM32U083KCU6, STM32U083MCI6, STM32U083MCT6, STM32U083RCI6, STM32U083RCT6, STM32U535CBT6, STM32U535CBT6Q, STM32U535CBU6, STM32U535CBU6Q, STM32U535CCT6, STM32U535CCT6Q, STM32U535CCU6, STM32U535CCU6Q, STM32U535CET6, STM32U535CET6Q, STM32U535CEU6, STM32U535CEU6Q, STM32U535JEY6QTR, STM32U535NCY6QTR, STM32U535NEY6QTR, STM32U535RBI6, STM32U535RBI6Q, STM32U535RBT6, STM32U535RBT6Q, STM32U535RCI6, STM32U535RCI6Q, STM32U535RCT6, STM32U535RCT6Q, STM32U535REI6, STM32U535REI6Q, STM32U535RET6, STM32U535RET6Q, STM32U535VCI6, STM32U535VCI6Q, STM32U535VCT6, STM32U535VCT6Q, STM32U535VEI6, STM32U535VEI6Q, STM32U535VET6, STM32U535VET6Q, STM32U545CET6, STM32U545CET6Q, STM32U545CEU6, STM32U545CEU6Q, STM32U545JEY6QTR, STM32U545NEY6QTR, STM32U545REI6, STM32U545REI6Q, STM32U545RET6, STM32U545RET6Q, STM32U545VEI6, STM32U545VEI6Q, STM32U545VET6, STM32U545VET6Q, STM32U595AIH6, STM32U595AIH6Q, STM32U595AJH6, STM32U595AJH6Q, STM32U595QII6, STM32U595QII6Q, STM32U595QJI6, STM32U595QJI6Q, STM32U595RIT6, STM32U595RIT6Q, STM32U595RJT6, STM32U595RJT6Q, STM32U595VIT6, STM32U595VIT6Q, STM32U595VJT6, STM32U595VJT6Q, STM32U595ZIT6, STM32U595ZIT6Q, STM32U595ZIY6QTR, STM32U595ZJT6, STM32U595ZJT6Q, STM32U595ZJY6QTR, STM32U599BJY6QTR, STM32U599NIH6Q, STM32U599NJH6Q, STM32U599VIT6Q, STM32U599VJT6, STM32U599VJT6Q, STM32U599ZIT6Q, STM32U599ZIY6QTR, STM32U599ZJT6Q, STM32U599ZJY6QTR, STM32U5A5AJH6, STM32U5A5AJH6Q, STM32U5A5QII3Q , STM32U5A5QJI6, STM32U5A5QJI6Q, STM32U5A5RJT6, STM32U5A5RJT6Q, STM32U5A5VJT6, STM32U5A5VJT6Q, STM32U5A5ZJT6, STM32U5A5ZJT6Q, STM32U5A5ZJY6QTR, STM32U5A9BJY6QTR, STM32U5A9J-DK, STM32U5A9NJH6Q, STM32U5A9VJT6Q, STM32U5A9ZJT6Q, STM32U5A9ZJY6QTR, STM32U5F7VIT6, STM32U5F7VIT6Q, STM32U5F7VJT6, STM32U5F7VJT6Q, STM32U5F9BJY6QTR, STM32U5F9NJH6Q, STM32U5F9VIT6Q, STM32U5F9VJT6Q, STM32U5F9ZIJ6QTR, STM32U5F9ZIT6Q, STM32U5F9ZJJ6QTR, STM32U5F9ZJT6Q, STM32U5G7VJT6, STM32U5G7VJT6Q, STM32U5G9BJY6QTR, STM32U5G9J-DK1, STM32U5G9J-DK2, STM32U5G9NJH6Q, STM32U5G9VJT6Q, STM32U5G9ZJJ6QTR, STM32U5G9ZJT6Q, STM32WB05KZV6TR, STM32WB05KZV7TR, STM32WB05TZF6TR, STM32WB05TZF7TR, STM32WB06CCF6TR, STM32WB06CCF7TR, STM32WB06CCV6TR, STM32WB06CCV7TR, STM32WB06KCV6TR, STM32WB06KCV7TR, STM32WB07CCF6TR, STM32WB07CCF7TR, STM32WB07CCV6TR, STM32WB07CCV7TR, STM32WB07KCV6TR, STM32WB07KCV7TR, STM32WB09KEV6TR, STM32WB09KEV7TR, STM32WB09TEF6TR, STM32WB09TEF7TR, STM32WB1MMCH6, STM32WBA50KGU6, STM32WBA50KGU6TR, STM32WBA52CEU6, STM32WBA52CEU6TR, STM32WBA52CEU7, STM32WBA52CEU7TR, STM32WBA52CGU6, STM32WBA52CGU6TR, STM32WBA52CGU6U, STM32WBA52CGU7, STM32WBA52CGU7TR, STM32WBA52KEU6, STM32WBA52KEU6TR, STM32WBA52KGU6, STM32WBA52KGU6TR, STM32WBA54CEU6, STM32WBA54CEU6TR, STM32WBA54CEU7, STM32WBA54CEU7TR, STM32WBA54CGU6, STM32WBA54CGU6TR, STM32WBA54CGU7, STM32WBA54CGU7TR, STM32WBA54KEU6, STM32WBA54KEU6TR, STM32WBA54KEU7, STM32WBA54KEU7TR, STM32WBA54KGU6, STM32WBA54KGU6TR, STM32WBA54KGU7, STM32WBA54KGU7TR, STM32WBA55CEU6, STM32WBA55CEU6TR, STM32WBA55CEU7, STM32WBA55CEU7TR, STM32WBA55CGU6, STM32WBA55CGU6TR, STM32WBA55CGU6U, STM32WBA55CGU7, STM32WBA55CGU7TR, STM32WBA55G-DK1, STM32WBA55HEF6, STM32WBA55HEF7, STM32WBA55HGF6, STM32WBA55HGF7, STM32WBA55UEI6, STM32WBA55UEI6TR, STM32WBA55UEI7, STM32WBA55UEI7TR, STM32WBA55UGI6, STM32WBA55UGI6TR, STM32WBA55UGI7, STM32WBA55UGI7TR, STM32WL5MOCH6, STM32WL5MOCH6TR]
2026-01-22 11:24:52,724 [INFO] DbMcus:218 - Found 4816 MCUs, 4816 are supported
2026-01-22 11:24:52,725 [INFO] ApiDb:423 - Load user favorites file C:\Users\brady/.stm32cubeide/favorites.mcus.txt: 1 item(s)
2026-01-22 11:24:52,725 [INFO] ApiDb:427 - User favorites MCUs=[STM32F412ZGT6]
2026-01-22 11:24:52,725 [INFO] DbMcus:224 - Set 1 / 1 favorites MCUs
2026-01-22 11:24:52,987 [INFO] BoardInfo:889 - No configuration file found for board B-WBA5M-WPAN
2026-01-22 11:24:52,988 [INFO] DbBoards:161 - Board is not supported: B-WBA5M-WPAN
2026-01-22 11:24:52,991 [INFO] BoardInfo:889 - No configuration file found for board NUCLEO-C051C8
2026-01-22 11:24:52,991 [INFO] DbBoards:161 - Board is not supported: NUCLEO-C051C8
2026-01-22 11:24:52,993 [INFO] BoardInfo:889 - No configuration file found for board NUCLEO-C092RC
2026-01-22 11:24:52,994 [INFO] DbBoards:161 - Board is not supported: NUCLEO-C092RC
2026-01-22 11:24:53,059 [INFO] BoardInfo:889 - No configuration file found for board NUCLEO-N657X0-Q
2026-01-22 11:24:53,059 [INFO] DbBoards:161 - Board is not supported: NUCLEO-N657X0-Q
2026-01-22 11:24:53,062 [INFO] BoardInfo:889 - No configuration file found for board NUCLEO-U385RG-Q
2026-01-22 11:24:53,062 [INFO] DbBoards:161 - Board is not supported: NUCLEO-U385RG-Q
2026-01-22 11:24:53,073 [INFO] BoardInfo:889 - No configuration file found for board NUCLEO-WBA65RI
2026-01-22 11:24:53,073 [INFO] DbBoards:161 - Board is not supported: NUCLEO-WBA65RI
2026-01-22 11:24:53,074 [INFO] BoardInfo:889 - No configuration file found for board NUCLEO-WL33CC1
2026-01-22 11:24:53,074 [INFO] DbBoards:161 - Board is not supported: NUCLEO-WL33CC1
2026-01-22 11:24:53,075 [INFO] BoardInfo:889 - No configuration file found for board NUCLEO-WL33CC2
2026-01-22 11:24:53,075 [INFO] DbBoards:161 - Board is not supported: NUCLEO-WL33CC2
2026-01-22 11:24:53,087 [INFO] BoardInfo:889 - No configuration file found for board P-NUCLEO-WB55
2026-01-22 11:24:53,087 [INFO] DbBoards:161 - Kit is not supported: P-NUCLEO-WB55
2026-01-22 11:24:53,091 [INFO] BoardInfo:889 - No configuration file found for board STEVAL-BFA001V1B
2026-01-22 11:24:53,091 [INFO] DbBoards:161 - Kit is not supported: STEVAL-BFA001V1B
2026-01-22 11:24:53,092 [INFO] BoardInfo:889 - No configuration file found for board STEVAL-BFA001V2B
2026-01-22 11:24:53,092 [INFO] DbBoards:161 - Kit is not supported: STEVAL-BFA001V2B
2026-01-22 11:24:53,184 [INFO] BoardInfo:889 - No configuration file found for board STM32N6570-DK
2026-01-22 11:24:53,184 [INFO] DbBoards:161 - Board is not supported: STM32N6570-DK
2026-01-22 11:24:53,193 [INFO] BoardInfo:889 - No configuration file found for board STM32WBA65I-DK1
2026-01-22 11:24:53,194 [INFO] DbBoards:161 - Board is not supported: STM32WBA65I-DK1
2026-01-22 11:24:53,194 [INFO] DbBoards:168 - Found 211 boards, 198 are supported
2026-01-22 11:24:53,194 [INFO] DbBoards:169 - Found 211 boards, 25 of them is supported for  Bsp
2026-01-22 11:24:53,196 [INFO] ApiDb:423 - Load user favorites file C:\Users\brady/.stm32cubeide/favorites.boards.txt: 0 item(s)
2026-01-22 11:24:53,196 [INFO] ApiDb:427 - User favorites Boards=[]
2026-01-22 11:24:53,196 [INFO] DbBoards:198 - Set 0 / 0 favorites Boards
2026-01-22 11:24:53,248 [INFO] UtilMem:75 - End LoadConfig() Used Memory: 709875752 Bytes (964689920)
2026-01-22 11:24:53,327 [WARN] ThirdParty:833 - waiting for thirdparty lock release [change project]
2026-01-22 11:24:53,327 [INFO] ThirdParty:835 - entering critical section [change project]
2026-01-22 11:24:53,327 [INFO] ThirdParty:1030 - CMSIS Pack Vendor :STMicroelectronics X-CUBE-PM33A1 1.0.0
2026-01-22 11:24:53,327 [INFO] ThirdParty:1030 - CMSIS Pack Vendor :STMicroelectronics USBPD 4.1
2026-01-22 11:24:53,327 [INFO] ThirdParty:1030 - CMSIS Pack Vendor :STMicroelectronics X-CUBE-GNSS1 6.0.0
2026-01-22 11:24:53,327 [INFO] ThirdParty:1030 - CMSIS Pack Vendor :STMicroelectronics USB_HOST 2.0.0
2026-01-22 11:24:53,327 [INFO] ThirdParty:1030 - CMSIS Pack Vendor :STMicroelectronics FP-SNS-MOTENVWB1 1.4.0
2026-01-22 11:24:53,327 [INFO] ThirdParty:1030 - CMSIS Pack Vendor :STMicroelectronics X-CUBE-AZRTOS-F4 1.1.0
2026-01-22 11:24:53,327 [INFO] ThirdParty:1030 - CMSIS Pack Vendor :STMicroelectronics LIBJPEG 8.0.0
2026-01-22 11:24:53,327 [INFO] ThirdParty:1030 - CMSIS Pack Vendor :STMicroelectronics FP-ATR-ASTRA1 2.0.2
2026-01-22 11:24:53,327 [INFO] ThirdParty:1030 - CMSIS Pack Vendor :STMicroelectronics FP-ATR-ASTRA1 2.0.1
2026-01-22 11:24:53,327 [INFO] ThirdParty:1030 - CMSIS Pack Vendor :STMicroelectronics X-CUBE-SMBUS 2.1.0
2026-01-22 11:24:53,327 [INFO] ThirdParty:1030 - CMSIS Pack Vendor :STMicroelectronics X-CUBE-WB05N 1.1.0
2026-01-22 11:24:53,327 [INFO] ThirdParty:1030 - CMSIS Pack Vendor :STMicroelectronics X-CUBE-ISPU 2.1.0
2026-01-22 11:24:53,327 [INFO] ThirdParty:1030 - CMSIS Pack Vendor :STMicroelectronics X-CUBE-FREERTOS 1.2.0
2026-01-22 11:24:53,327 [INFO] ThirdParty:1030 - CMSIS Pack Vendor :STMicroelectronics X-CUBE-NFC12 1.0.0
2026-01-22 11:24:53,327 [INFO] ThirdParty:1030 - CMSIS Pack Vendor :STMicroelectronics X-CUBE-AZRTOS-F7 1.1.0
2026-01-22 11:24:53,327 [INFO] ThirdParty:1030 - CMSIS Pack Vendor :STMicroelectronics X-CUBE-AZRTOS-L5 2.0.0
2026-01-22 11:24:53,327 [INFO] ThirdParty:1030 - CMSIS Pack Vendor :STMicroelectronics USB_DEVICE 2.0.0
2026-01-22 11:24:53,327 [INFO] ThirdParty:1030 - CMSIS Pack Vendor :STMicroelectronics X-CUBE-NFC6 3.1.0
2026-01-22 11:24:53,327 [INFO] ThirdParty:1030 - CMSIS Pack Vendor :STMicroelectronics X-CUBE-MEMS1 11.0.0
2026-01-22 11:24:53,327 [INFO] ThirdParty:1030 - CMSIS Pack Vendor :STMicroelectronics FreeRTOS 0.0.1
2026-01-22 11:24:53,327 [INFO] ThirdParty:1030 - CMSIS Pack Vendor :STMicroelectronics X-CUBE-DPower 1.2.0
2026-01-22 11:24:53,327 [INFO] ThirdParty:1030 - CMSIS Pack Vendor :STMicroelectronics FP-SNS-FLIGHT1 5.0.2
2026-01-22 11:24:53,327 [INFO] ThirdParty:1030 - CMSIS Pack Vendor :STMicroelectronics X-CUBE-AI 9.0.0
2026-01-22 11:24:53,328 [INFO] ThirdParty:1030 - CMSIS Pack Vendor :STMicroelectronics PDM2PCM 3.3.0
2026-01-22 11:24:53,328 [INFO] ThirdParty:1030 - CMSIS Pack Vendor :STMicroelectronics X-CUBE-AZRTOS-H7 3.4.0
2026-01-22 11:24:53,328 [INFO] ThirdParty:1030 - CMSIS Pack Vendor :STMicroelectronics X-CUBE-DISPLAY 3.0.0
2026-01-22 11:24:53,328 [INFO] ThirdParty:1030 - CMSIS Pack Vendor :STMicroelectronics X-CUBE-BLE1 7.0.0
2026-01-22 11:24:53,328 [INFO] ThirdParty:1030 - CMSIS Pack Vendor :STMicroelectronics X-CUBE-NFC10 1.0.0
2026-01-22 11:24:53,328 [INFO] ThirdParty:1030 - CMSIS Pack Vendor :STMicroelectronics X-CUBE-BLEMGR 4.0.0
2026-01-22 11:24:53,328 [INFO] ThirdParty:1030 - CMSIS Pack Vendor :STMicroelectronics X-CUBE-FREERTOS 1.3.1
2026-01-22 11:24:53,328 [INFO] ThirdParty:1030 - CMSIS Pack Vendor :STMicroelectronics HAL Drivers 0.0.0
2026-01-22 11:24:53,328 [INFO] ThirdParty:1030 - CMSIS Pack Vendor :emotas I-CUBE-CANOPEN 1.3.0
2026-01-22 11:24:53,328 [INFO] ThirdParty:1030 - CMSIS Pack Vendor :STMicroelectronics X-CUBE-FREERTOS 1.3.0
2026-01-22 11:24:53,328 [INFO] ThirdParty:1030 - CMSIS Pack Vendor :STMicroelectronics X-CUBE-NFC7 1.0.1
2026-01-22 11:24:53,328 [INFO] ThirdParty:1030 - CMSIS Pack Vendor :STMicroelectronics MBEDTLS 2.14.1
2026-01-22 11:24:53,328 [INFO] ThirdParty:1030 - CMSIS Pack Vendor :STMicroelectronics X-CUBE-GNSS1 7.1.0
2026-01-22 11:24:53,328 [INFO] ThirdParty:1030 - CMSIS Pack Vendor :STMicroelectronics X-CUBE-TOUCHGFX 4.26.0
2026-01-22 11:24:53,328 [INFO] ThirdParty:1030 - CMSIS Pack Vendor :STMicroelectronics X-CUBE-BLEMGR 3.1.0
2026-01-22 11:24:53,328 [INFO] ThirdParty:1030 - CMSIS Pack Vendor :STMicroelectronics X-CUBE-AI 10.0.0
2026-01-22 11:24:53,328 [INFO] ThirdParty:1030 - CMSIS Pack Vendor :STMicroelectronics FP-SNS-SMARTAG2 1.2.0
2026-01-22 11:24:53,328 [INFO] ThirdParty:1030 - CMSIS Pack Vendor :STMicroelectronics X-CUBE-MEMS1 11.1.0
2026-01-22 11:24:53,328 [INFO] ThirdParty:1030 - CMSIS Pack Vendor :STMicroelectronics X-CUBE-AZRTOS-WL 2.0.0
2026-01-22 11:24:53,328 [INFO] ThirdParty:1030 - CMSIS Pack Vendor :STMicroelectronics X-CUBE-DPower 1.3.0
2026-01-22 11:24:53,328 [INFO] ThirdParty:1030 - CMSIS Pack Vendor :STMicroelectronics FP-SNS-MOTENV1 5.0.0
2026-01-22 11:24:53,328 [INFO] ThirdParty:1030 - CMSIS Pack Vendor :STMicroelectronics USB_DEVICE 1.0.0
2026-01-22 11:24:53,328 [INFO] ThirdParty:1030 - CMSIS Pack Vendor :STMicroelectronics X-CUBE-AZRTOS-H7RS 1.2.0
2026-01-22 11:24:53,328 [INFO] ThirdParty:1030 - CMSIS Pack Vendor :wolfSSL I-CUBE-wolfMQTT 1.19.0
2026-01-22 11:24:53,328 [INFO] ThirdParty:1030 - CMSIS Pack Vendor :STMicroelectronics X-CUBE-AZRTOS-L4 2.0.0
2026-01-22 11:24:53,328 [INFO] ThirdParty:1030 - CMSIS Pack Vendor :STMicroelectronics ThreadX 0.0.2
2026-01-22 11:24:53,328 [INFO] ThirdParty:1030 - CMSIS Pack Vendor :WES I-CUBE-Cesium 1.3.0
2026-01-22 11:24:53,328 [INFO] ThirdParty:1030 - CMSIS Pack Vendor :STMicroelectronics lwIP 2.1.2
2026-01-22 11:24:53,328 [INFO] ThirdParty:1030 - CMSIS Pack Vendor :STMicroelectronics X-CUBE-SFXS2LP1 4.0.0
2026-01-22 11:24:53,328 [INFO] ThirdParty:1030 - CMSIS Pack Vendor :STMicroelectronics X-CUBE-BLE2 3.3.0
2026-01-22 11:24:53,328 [INFO] ThirdParty:1030 - CMSIS Pack Vendor :STMicroelectronics PDM2PCM 3.2.0
2026-01-22 11:24:53,328 [INFO] ThirdParty:1030 - CMSIS Pack Vendor :STMicroelectronics X-CUBE-AZRTOS-H7 3.3.0
2026-01-22 11:24:53,328 [INFO] ThirdParty:1030 - CMSIS Pack Vendor :STMicroelectronics X-CUBE-NFC9 1.0.0
2026-01-22 11:24:53,328 [INFO] ThirdParty:1030 - CMSIS Pack Vendor :STMicroelectronics X-CUBE-BLE1 7.1.0
2026-01-22 11:24:53,328 [INFO] ThirdParty:1030 - CMSIS Pack Vendor :STMicroelectronics USB_DEVICE 3.0.0
2026-01-22 11:24:53,328 [INFO] ThirdParty:1030 - CMSIS Pack Vendor :STMicroelectronics X-CUBE-TCPP 4.1.0
2026-01-22 11:24:53,328 [INFO] ThirdParty:1030 - CMSIS Pack Vendor :STMicroelectronics X-CUBE-EEPRMA1 5.2.0
2026-01-22 11:24:53,328 [INFO] ThirdParty:1030 - CMSIS Pack Vendor :STMicroelectronics X-CUBE-IPS 3.0.0
2026-01-22 11:24:53,328 [INFO] ThirdParty:1030 - CMSIS Pack Vendor :STMicroelectronics X-CUBE-AZRTOS-WB 2.0.0
2026-01-22 11:24:53,328 [INFO] ThirdParty:1030 - CMSIS Pack Vendor :STMicroelectronics X-CUBE-GNSS1 7.0.0
2026-01-22 11:24:53,328 [INFO] ThirdParty:1030 - CMSIS Pack Vendor :STMicroelectronics X-CUBE-GNSS1 7.0.1
2026-01-22 11:24:53,328 [INFO] ThirdParty:1030 - CMSIS Pack Vendor :STMicroelectronics X-CUBE-TOUCHGFX 4.25.0
2026-01-22 11:24:53,328 [INFO] ThirdParty:1030 - CMSIS Pack Vendor :STMicroelectronics X-CUBE-AI 10.1.0
2026-01-22 11:24:53,328 [INFO] ThirdParty:1030 - CMSIS Pack Vendor :STMicroelectronics FP-SNS-STBOX1 2.0.0
2026-01-22 11:24:53,328 [INFO] ThirdParty:1030 - CMSIS Pack Vendor :STMicroelectronics X-CUBE-MEMS1 12.0.0
2026-01-22 11:24:53,328 [INFO] ThirdParty:1030 - CMSIS Pack Vendor :STMicroelectronics X-CUBE-STSE01 2.0.0
2026-01-22 11:24:53,328 [INFO] ThirdParty:1030 - CMSIS Pack Vendor :STMicroelectronics X-CUBE-MEMS1 11.2.0
2026-01-22 11:24:53,328 [INFO] ThirdParty:1030 - CMSIS Pack Vendor :STMicroelectronics X-CUBE-AZRTOS-G0 1.1.0
2026-01-22 11:24:53,328 [INFO] ThirdParty:1030 - CMSIS Pack Vendor :STMicroelectronics X-CUBE-SAFEA1 1.2.2
2026-01-22 11:24:53,328 [INFO] ThirdParty:1030 - CMSIS Pack Vendor :STMicroelectronics X-CUBE-NFC4 3.0.0
2026-01-22 11:24:53,328 [INFO] ThirdParty:1030 - CMSIS Pack Vendor :STMicroelectronics X-CUBE-SUBG2 5.0.0
2026-01-22 11:24:53,328 [INFO] ThirdParty:1030 - CMSIS Pack Vendor :STMicroelectronics X-CUBE-AZRTOS-H7RS 1.1.0
2026-01-22 11:24:53,328 [INFO] ThirdParty:1030 - CMSIS Pack Vendor :STMicroelectronics STM32_WPAN 1.0.0
2026-01-22 11:24:53,328 [INFO] ThirdParty:1030 - CMSIS Pack Vendor :EmbeddedOffice I-CUBE-FS-RTOS 1.0.1
2026-01-22 11:24:53,328 [INFO] ThirdParty:1030 - CMSIS Pack Vendor :STMicroelectronics lwIP 2.0.3
2026-01-22 11:24:53,328 [INFO] ThirdParty:1030 - CMSIS Pack Vendor :Cesanta I-CUBE-Mongoose 7.13.0
2026-01-22 11:24:53,328 [INFO] ThirdParty:1030 - CMSIS Pack Vendor :STMicroelectronics USB_HOST 1.0.0
2026-01-22 11:24:53,328 [INFO] ThirdParty:1030 - CMSIS Pack Vendor :STMicroelectronics X-CUBE-AZRTOS-G4 2.0.0
2026-01-22 11:24:53,328 [INFO] ThirdParty:1030 - CMSIS Pack Vendor :STMicroelectronics X-CUBE-WB05N 2.0.0
2026-01-22 11:24:53,328 [INFO] ThirdParty:1030 - CMSIS Pack Vendor :STMicroelectronics PDM2PCM 3.1.0
2026-01-22 11:24:53,328 [INFO] ThirdParty:1030 - CMSIS Pack Vendor :STMicroelectronics X-CUBE-NFC7 2.0.0
2026-01-22 11:24:53,328 [INFO] ThirdParty:1030 - CMSIS Pack Vendor :RealThread X-CUBE-RT-Thread_Nano 4.1.1
2026-01-22 11:24:53,328 [INFO] ThirdParty:1030 - CMSIS Pack Vendor :STMicroelectronics FP-ATR-SIGFOX1 3.2.0
2026-01-22 11:24:53,328 [INFO] ThirdParty:1030 - CMSIS Pack Vendor :wolfSSL I-CUBE-wolfSSL 5.7.2
2026-01-22 11:24:53,328 [INFO] ThirdParty:1030 - CMSIS Pack Vendor :quantropi X-CUBE-qispace-sdk-base 1.9.3
2026-01-22 11:24:53,328 [INFO] ThirdParty:1030 - CMSIS Pack Vendor :STMicroelectronics X-CUBE-ISPU 2.0.0
2026-01-22 11:24:53,328 [INFO] ThirdParty:1030 - CMSIS Pack Vendor :STMicroelectronics X-CUBE-EEPRMA1 5.1.0
2026-01-22 11:24:53,328 [INFO] ThirdParty:1030 - CMSIS Pack Vendor :STMicroelectronics MBEDTLS 2.16.2
2026-01-22 11:24:53,328 [INFO] ThirdParty:1030 - CMSIS Pack Vendor :STMicroelectronics X-CUBE-ALS 1.0.2
2026-01-22 11:24:53,328 [INFO] ThirdParty:1030 - CMSIS Pack Vendor :STMicroelectronics X-CUBE-TOUCHGFX 4.24.0
2026-01-22 11:24:53,328 [INFO] ThirdParty:1030 - CMSIS Pack Vendor :ITTIA_DB I-CUBE-ITTIADB 8.9.0
2026-01-22 11:24:53,328 [INFO] ThirdParty:1030 - CMSIS Pack Vendor :STMicroelectronics X-CUBE-TOUCHGFX 4.24.2
2026-01-22 11:24:53,328 [INFO] ThirdParty:1030 - CMSIS Pack Vendor :STMicroelectronics X-CUBE-TOUCHGFX 4.24.1
2026-01-22 11:24:53,328 [INFO] ThirdParty:1030 - CMSIS Pack Vendor :STMicroelectronics X-CUBE-STSE01 1.0.0
2026-01-22 11:24:53,328 [INFO] ThirdParty:1030 - CMSIS Pack Vendor :wolfSSL I-CUBE-wolfTPM 3.4.0
2026-01-22 11:24:53,329 [INFO] ThirdParty:1030 - CMSIS Pack Vendor :portGmbH I-Cube-SoM-uGOAL 1.1.0
2026-01-22 11:24:53,329 [INFO] ThirdParty:1030 - CMSIS Pack Vendor :STMicroelectronics X-CUBE-NFC6 3.2.0
2026-01-22 11:24:53,329 [INFO] ThirdParty:1030 - CMSIS Pack Vendor :STMicroelectronics X-CUBE-AI 10.2.0
2026-01-22 11:24:53,329 [INFO] ThirdParty:1030 - CMSIS Pack Vendor :STMicroelectronics ThreadX 1.0.0
2026-01-22 11:24:53,329 [INFO] ThirdParty:1030 - CMSIS Pack Vendor :SEGGER I-CUBE-embOS 1.3.1
2026-01-22 11:24:53,329 [INFO] ThirdParty:1030 - CMSIS Pack Vendor :STMicroelectronics X-CUBE-ALGOBUILD 1.4.0
2026-01-22 11:24:53,329 [INFO] ThirdParty:1030 - CMSIS Pack Vendor :STMicroelectronics X-CUBE-MEMS1 11.3.0
2026-01-22 11:24:53,329 [INFO] ThirdParty:1030 - CMSIS Pack Vendor :STMicroelectronics X-CUBE-AZRTOS-H7RS 1.0.0
2026-01-22 11:24:53,329 [INFO] ThirdParty:1030 - CMSIS Pack Vendor :STMicroelectronics FP-ATR-ASTRA1 2.0.0
2026-01-22 11:24:53,329 [INFO] ThirdParty:1030 - CMSIS Pack Vendor :STMicroelectronics X-CUBE-TOF1 3.4.2
2026-01-22 11:24:53,329 [INFO] ThirdParty:1030 - CMSIS Pack Vendor :STMicroelectronics X-CUBE-AI 9.1.0
2026-01-22 11:24:53,329 [INFO] ThirdParty:1030 - CMSIS Pack Vendor :Infineon AIROC-Wi-Fi-Bluetooth-STM32 1.6.1
2026-01-22 11:24:53,329 [INFO] ThirdParty:1030 - CMSIS Pack Vendor :wolfSSL I-CUBE-wolfSSH 1.4.17
2026-01-22 11:24:53,329 [INFO] ThirdParty:841 - exiting critical section [change project]
2026-01-22 11:24:53,665 [INFO] PinOutPanel:1561 - setPackage(No Configuration,No Configuration)
2026-01-22 11:24:53,666 [INFO] PinOutPanel:1561 - setPackage(STM32H743VGTx,LQFP100)
2026-01-22 11:24:54,275 [INFO] UtilMem:75 - Before build in PCC Used Memory: 674509664 Bytes (1053818880)
2026-01-22 11:24:55,142 [INFO] UtilMem:75 - After build in PCC Used Memory: 805059424 Bytes (1053818880)
2026-01-22 11:24:55,262 [INFO] ApiDbMcu:508 - Load IP Config File for FATFS
2026-01-22 11:24:55,299 [INFO] IPUIPlugin:80 - create IPUIPlugin
2026-01-22 11:24:55,299 [INFO] IPUIPlugin:80 - create IPUIPlugin
2026-01-22 11:24:55,299 [INFO] IPUIPlugin:80 - create IPUIPlugin
2026-01-22 11:24:55,299 [INFO] IPUIPlugin:80 - create IPUIPlugin
2026-01-22 11:24:55,299 [INFO] IPUIPlugin:80 - create IPUIPlugin
2026-01-22 11:24:55,299 [INFO] IPUIPlugin:80 - create IPUIPlugin
2026-01-22 11:24:55,299 [INFO] IPUIPlugin:80 - create IPUIPlugin
2026-01-22 11:24:55,300 [INFO] IPUIPlugin:80 - create IPUIPlugin
2026-01-22 11:24:55,300 [INFO] IPUIPlugin:80 - create IPUIPlugin
2026-01-22 11:24:55,300 [INFO] IPUIPlugin:80 - create IPUIPlugin
2026-01-22 11:24:55,300 [INFO] IPUIPlugin:80 - create IPUIPlugin
2026-01-22 11:24:55,300 [INFO] IPUIPlugin:80 - create IPUIPlugin
2026-01-22 11:24:55,300 [INFO] IPUIPlugin:80 - create IPUIPlugin
2026-01-22 11:24:55,311 [INFO] IPUIPlugin:80 - create IPUIPlugin
2026-01-22 11:24:55,312 [INFO] IPUIPlugin:80 - create IPUIPlugin
2026-01-22 11:24:55,312 [INFO] IPUIPlugin:80 - create IPUIPlugin
2026-01-22 11:24:55,312 [INFO] IPUIPlugin:80 - create IPUIPlugin
2026-01-22 11:24:55,312 [INFO] IPUIPlugin:80 - create IPUIPlugin
2026-01-22 11:24:55,312 [INFO] IPUIPlugin:80 - create IPUIPlugin
2026-01-22 11:24:55,312 [INFO] IPUIPlugin:80 - create IPUIPlugin
2026-01-22 11:24:55,312 [INFO] IPUIPlugin:80 - create IPUIPlugin
2026-01-22 11:24:55,312 [INFO] IPUIPlugin:80 - create IPUIPlugin
2026-01-22 11:24:55,312 [INFO] IPUIPlugin:80 - create IPUIPlugin
2026-01-22 11:24:55,312 [INFO] IPUIPlugin:80 - create IPUIPlugin
2026-01-22 11:24:55,312 [INFO] IPUIPlugin:80 - create IPUIPlugin
2026-01-22 11:24:55,312 [INFO] IPUIPlugin:80 - create IPUIPlugin
2026-01-22 11:24:55,312 [INFO] IPUIPlugin:80 - create IPUIPlugin
2026-01-22 11:24:55,312 [INFO] IPUIPlugin:80 - create IPUIPlugin
2026-01-22 11:24:55,312 [INFO] IPUIPlugin:80 - create IPUIPlugin
2026-01-22 11:24:55,312 [INFO] IPUIPlugin:80 - create IPUIPlugin
2026-01-22 11:24:55,313 [INFO] IPUIPlugin:80 - create IPUIPlugin
2026-01-22 11:24:55,313 [INFO] IPUIPlugin:80 - create IPUIPlugin
2026-01-22 11:24:55,313 [INFO] IPUIPlugin:80 - create IPUIPlugin
2026-01-22 11:24:55,313 [INFO] IPUIPlugin:80 - create IPUIPlugin
2026-01-22 11:24:55,313 [INFO] IPUIPlugin:80 - create IPUIPlugin
2026-01-22 11:24:55,314 [INFO] IPUIPlugin:80 - create IPUIPlugin
2026-01-22 11:24:55,314 [INFO] IPUIPlugin:80 - create IPUIPlugin
2026-01-22 11:24:55,315 [INFO] IPUIPlugin:80 - create IPUIPlugin
2026-01-22 11:24:55,315 [INFO] IPUIPlugin:80 - create IPUIPlugin
2026-01-22 11:24:55,315 [INFO] IPUIPlugin:80 - create IPUIPlugin
2026-01-22 11:24:55,315 [INFO] IPUIPlugin:80 - create IPUIPlugin
2026-01-22 11:24:55,315 [INFO] IPUIPlugin:80 - create IPUIPlugin
2026-01-22 11:24:55,315 [INFO] IPUIPlugin:80 - create IPUIPlugin
2026-01-22 11:24:55,315 [INFO] IPUIPlugin:80 - create IPUIPlugin
2026-01-22 11:24:55,316 [INFO] IPUIPlugin:80 - create IPUIPlugin
2026-01-22 11:24:55,316 [INFO] IPUIPlugin:80 - create IPUIPlugin
2026-01-22 11:24:55,316 [INFO] IPUIPlugin:80 - create IPUIPlugin
2026-01-22 11:24:55,316 [INFO] IPUIPlugin:80 - create IPUIPlugin
2026-01-22 11:24:55,316 [INFO] IPUIPlugin:80 - create IPUIPlugin
2026-01-22 11:24:55,316 [INFO] IPUIPlugin:80 - create IPUIPlugin
2026-01-22 11:24:55,316 [INFO] IPUIPlugin:80 - create IPUIPlugin
2026-01-22 11:24:55,316 [INFO] IPUIPlugin:80 - create IPUIPlugin
2026-01-22 11:24:55,317 [INFO] IPUIPlugin:80 - create IPUIPlugin
2026-01-22 11:24:55,317 [INFO] IPUIPlugin:80 - create IPUIPlugin
2026-01-22 11:24:55,317 [INFO] IPUIPlugin:80 - create IPUIPlugin
2026-01-22 11:24:55,317 [INFO] IPUIPlugin:80 - create IPUIPlugin
2026-01-22 11:24:55,317 [INFO] IPUIPlugin:80 - create IPUIPlugin
2026-01-22 11:24:55,317 [INFO] IPUIPlugin:80 - create IPUIPlugin
2026-01-22 11:24:55,317 [INFO] IPUIPlugin:80 - create IPUIPlugin
2026-01-22 11:24:55,318 [INFO] IPUIPlugin:80 - create IPUIPlugin
2026-01-22 11:24:55,318 [INFO] IPUIPlugin:80 - create IPUIPlugin
2026-01-22 11:24:55,318 [INFO] IPUIPlugin:80 - create IPUIPlugin
2026-01-22 11:24:55,318 [INFO] IPUIPlugin:80 - create IPUIPlugin
2026-01-22 11:24:55,318 [INFO] IPUIPlugin:80 - create IPUIPlugin
2026-01-22 11:24:55,318 [INFO] IPUIPlugin:80 - create IPUIPlugin
2026-01-22 11:24:55,319 [INFO] IPUIPlugin:80 - create IPUIPlugin
2026-01-22 11:24:55,319 [INFO] IPUIPlugin:80 - create IPUIPlugin
2026-01-22 11:24:55,319 [INFO] IPUIPlugin:80 - create IPUIPlugin
2026-01-22 11:24:55,319 [INFO] IPUIPlugin:80 - create IPUIPlugin
2026-01-22 11:24:55,319 [INFO] IPUIPlugin:80 - create IPUIPlugin
2026-01-22 11:24:55,320 [INFO] IPUIPlugin:80 - create IPUIPlugin
2026-01-22 11:24:55,320 [INFO] IPUIPlugin:80 - create IPUIPlugin
2026-01-22 11:24:55,320 [INFO] IPUIPlugin:80 - create IPUIPlugin
2026-01-22 11:24:55,320 [INFO] IPUIPlugin:80 - create IPUIPlugin
2026-01-22 11:24:55,320 [INFO] IPUIPlugin:80 - create IPUIPlugin
2026-01-22 11:24:55,320 [INFO] IPUIPlugin:80 - create IPUIPlugin
2026-01-22 11:24:55,321 [INFO] IPUIPlugin:80 - create IPUIPlugin
2026-01-22 11:24:55,321 [INFO] IPUIPlugin:80 - create IPUIPlugin
2026-01-22 11:24:55,321 [INFO] IPUIPlugin:80 - create IPUIPlugin
2026-01-22 11:24:55,321 [INFO] IPUIPlugin:80 - create IPUIPlugin
2026-01-22 11:24:55,321 [INFO] IPUIPlugin:80 - create IPUIPlugin
2026-01-22 11:24:55,321 [INFO] IPUIPlugin:80 - create IPUIPlugin
2026-01-22 11:24:55,322 [INFO] IPUIPlugin:80 - create IPUIPlugin
2026-01-22 11:24:55,322 [INFO] IPUIPlugin:80 - create IPUIPlugin
2026-01-22 11:24:55,322 [INFO] IPUIPlugin:80 - create IPUIPlugin
2026-01-22 11:24:55,322 [INFO] IPUIPlugin:80 - create IPUIPlugin
2026-01-22 11:24:55,322 [INFO] IPUIPlugin:80 - create IPUIPlugin
2026-01-22 11:24:55,323 [INFO] IPUIPlugin:80 - create IPUIPlugin
2026-01-22 11:24:55,323 [INFO] IPUIPlugin:80 - create IPUIPlugin
2026-01-22 11:24:55,323 [INFO] IPUIPlugin:80 - create IPUIPlugin
2026-01-22 11:24:55,323 [INFO] IPUIPlugin:80 - create IPUIPlugin
2026-01-22 11:24:55,324 [INFO] IPUIPlugin:80 - create IPUIPlugin
2026-01-22 11:24:55,324 [INFO] IPUIPlugin:80 - create IPUIPlugin
2026-01-22 11:24:55,324 [INFO] IPUIPlugin:80 - create IPUIPlugin
2026-01-22 11:24:55,324 [INFO] IPUIPlugin:80 - create IPUIPlugin
2026-01-22 11:24:55,325 [INFO] IPUIPlugin:80 - create IPUIPlugin
2026-01-22 11:24:55,325 [INFO] IPUIPlugin:80 - create IPUIPlugin
2026-01-22 11:24:55,367 [INFO] ApiDbMcu:508 - Load IP Config File for PDM2PCM
2026-01-22 11:24:55,574 [INFO] CADModel:165 - CPN selected for project levelSTM32H743VGT6
2026-01-22 11:24:55,574 [INFO] CADModel:114 - Register for checkConnection events
2026-01-22 11:24:55,625 [INFO] OpenFileManager:363 - Restore cursor
2026-01-22 12:56:06,665 [INFO] WebApp:189 - Connection lost
2026-01-22 12:56:14,000 [INFO] WebApp:186 - Connection restablished
2026-01-22 12:56:17,145 [INFO] WebApp:189 - Connection lost
2026-01-22 12:56:17,779 [INFO] WebApp:186 - Connection restablished
2026-01-22 12:58:29,529 [INFO] WebApp:189 - Connection lost
2026-01-22 12:58:29,659 [INFO] WebApp:186 - Connection restablished
2026-01-22 12:58:43,990 [INFO] WebApp:189 - Connection lost
2026-01-22 12:58:44,107 [INFO] WebApp:186 - Connection restablished
2026-01-22 13:12:41,535 [INFO] WebApp:189 - Connection lost
2026-01-22 13:12:41,828 [INFO] WebApp:186 - Connection restablished
2026-01-22 13:22:12,934 [INFO] WebApp:189 - Connection lost
2026-01-22 13:22:13,116 [INFO] WebApp:186 - Connection restablished
2026-01-22 13:31:48,472 [INFO] WebApp:189 - Connection lost
2026-01-22 13:31:48,568 [INFO] WebApp:186 - Connection restablished
2026-01-22 13:48:24,494 [INFO] WebApp:189 - Connection lost
2026-01-22 13:48:24,686 [INFO] WebApp:186 - Connection restablished
2026-01-22 13:51:28,532 [INFO] WebApp:189 - Connection lost
2026-01-22 13:51:28,663 [INFO] WebApp:186 - Connection restablished
2026-01-22 13:54:31,011 [INFO] WebApp:189 - Connection lost
2026-01-22 13:54:31,146 [INFO] WebApp:186 - Connection restablished
2026-01-22 14:05:36,532 [INFO] WebApp:189 - Connection lost
2026-01-22 14:05:36,670 [INFO] WebApp:186 - Connection restablished
2026-01-22 15:07:27,962 [INFO] WebApp:189 - Connection lost
2026-01-22 15:07:28,094 [INFO] WebApp:186 - Connection restablished
2026-01-22 15:17:56,956 [INFO] WebApp:189 - Connection lost
2026-01-22 15:17:57,099 [INFO] WebApp:186 - Connection restablished
2026-01-22 15:24:38,982 [INFO] WebApp:189 - Connection lost
2026-01-22 17:04:25,782 [INFO] WebApp:186 - Connection restablished
2026-01-22 17:04:42,517 [INFO] WebApp:189 - Connection lost
2026-01-22 17:04:42,662 [INFO] WebApp:186 - Connection restablished
2026-01-22 19:22:23,349 [INFO] WebApp:189 - Connection lost
2026-01-22 19:22:23,458 [INFO] WebApp:186 - Connection restablished
2026-01-22 19:49:27,485 [INFO] MainUpdater:2873 - connection check result : 10
2026-01-22 19:49:27,485 [INFO] MainUpdater:2873 - connection check result : 10
2026-01-22 19:49:27,635 [INFO] MicroXplorer:468 - Change Database Path : 
2026-01-22 19:49:27,635 [INFO] MicroXplorer:498 - Change Database Version : DB.6.0.120
2026-01-22 19:49:27,649 [ERROR] ProjectManagerView:394 - 
java.lang.NullPointerException: Cannot invoke "javax.swing.JTextField.getText()" because the return value of "java.util.List.get(int)" is null
	at com.st.microxplorer.plugins.projectmanager.gui.ProjectChoiceTab$10.caretUpdate(ProjectChoiceTab.java:2622) ~[filemanager.jar:?]
	at javax.swing.text.JTextComponent.fireCaretUpdate(JTextComponent.java:412) ~[?:?]
	at javax.swing.text.JTextComponent$MutableCaretEvent.fire(JTextComponent.java:4491) ~[?:?]
	at javax.swing.text.JTextComponent$MutableCaretEvent.stateChanged(JTextComponent.java:4513) ~[?:?]
	at javax.swing.text.DefaultCaret.fireStateChanged(DefaultCaret.java:842) ~[?:?]
	at javax.swing.text.DefaultCaret.changeCaretPosition(DefaultCaret.java:1313) ~[?:?]
	at javax.swing.text.DefaultCaret.handleSetDot(DefaultCaret.java:1212) ~[?:?]
	at javax.swing.text.DefaultCaret.setDot(DefaultCaret.java:1193) ~[?:?]
	at javax.swing.text.DefaultCaret$Handler.insertUpdate(DefaultCaret.java:1789) ~[?:?]
	at javax.swing.text.AbstractDocument.fireInsertUpdate(AbstractDocument.java:226) ~[?:?]
	at javax.swing.text.AbstractDocument.handleInsertString(AbstractDocument.java:780) ~[?:?]
	at javax.swing.text.AbstractDocument.insertString(AbstractDocument.java:739) ~[?:?]
	at javax.swing.text.PlainDocument.insertString(PlainDocument.java:131) ~[?:?]
	at javax.swing.text.AbstractDocument.replace(AbstractDocument.java:698) ~[?:?]
	at javax.swing.text.JTextComponent.setText(JTextComponent.java:1729) ~[?:?]
	at com.st.microxplorer.plugins.projectmanager.gui.ProjectChoiceTab.createHeapStackFields(ProjectChoiceTab.java:972) ~[filemanager.jar:?]
	at com.st.microxplorer.plugins.projectmanager.gui.ProjectChoiceTab.buildLinkSettingsPanel(ProjectChoiceTab.java:3597) ~[filemanager.jar:?]
	at com.st.microxplorer.plugins.projectmanager.gui.ProjectChoiceTab.defineWindowsFields(ProjectChoiceTab.java:1940) ~[filemanager.jar:?]
	at com.st.microxplorer.plugins.projectmanager.gui.ProjectChoiceTab.updateSettings(ProjectChoiceTab.java:550) ~[filemanager.jar:?]
	at com.st.microxplorer.plugins.projectmanager.gui.ProjectSettingsPanel.UpdateDialog(ProjectSettingsPanel.java:245) ~[filemanager.jar:?]
	at com.st.microxplorer.plugins.projectmanager.ProjectManagerView.propertyChange(ProjectManagerView.java:391) ~[filemanager.jar:?]
	at java.beans.PropertyChangeSupport.fire(PropertyChangeSupport.java:343) ~[?:?]
	at java.beans.PropertyChangeSupport.firePropertyChange(PropertyChangeSupport.java:335) ~[?:?]
	at java.beans.PropertyChangeSupport.firePropertyChange(PropertyChangeSupport.java:268) ~[?:?]
	at com.st.microxplorer.util.MXPropertyChangeSupport.firePropertyChange(MXPropertyChangeSupport.java:54) ~[STM32CubeMX.jar:?]
	at com.st.microxplorer.mxsystem.MxSystem.closeConfig(MxSystem.java:900) ~[STM32CubeMX.jar:?]
	at com.st.microxplorer.maingui.MainPanel.closeConfig(MainPanel.java:781) ~[STM32CubeMX.jar:?]
	at com.st.microxplorer.plugins.filemanager.engine.OpenFileManager.loadConfigurationFile(OpenFileManager.java:265) ~[filemanager.jar:?]
	at com.st.microxplorer.plugins.filemanager.engine.MainFileManager.userLoadConfig(MainFileManager.java:352) ~[filemanager.jar:?]
	at com.st.microxplorer.plugins.filemanager.engine.MainFileManager.userLoadConfig(MainFileManager.java:330) ~[filemanager.jar:?]
	at com.st.microxplorer.plugins.filemanager.FileManagerView.getSpecificTask(FileManagerView.java:246) ~[filemanager.jar:?]
	at com.st.stm32cube.common.mx.editor.CubeMxEditor.getMxTabbedPaneInstance(CubeMxEditor.java:1198) ~[com.st.stm32cube.common.mx_6.12.0.202406281431/:?]
	at com.st.stm32cube.common.mx.editor.CubeMxEditor$12$1.createSwingComponent(CubeMxEditor.java:1068) ~[com.st.stm32cube.common.mx_6.12.0.202406281431/:?]
	at com.st.stm32cube.common.mx.oss.core.awtswtbridge.EmbeddedSwingComposite.doComponentCreation(EmbeddedSwingComposite.java:492) ~[com.st.stm32cube.common.mx.oss_6.12.0.202406281431/:?]
	at com.st.stm32cube.common.mx.oss.core.awtswtbridge.EmbeddedSwingComposite$4.run(EmbeddedSwingComposite.java:291) ~[com.st.stm32cube.common.mx.oss_6.12.0.202406281431/:?]
	at com.st.stm32cube.common.mx.oss.core.awtswtbridge.AwtEnvironment$2.run(AwtEnvironment.java:166) ~[com.st.stm32cube.common.mx.oss_6.12.0.202406281431/:?]
	at java.awt.event.InvocationEvent.dispatch(InvocationEvent.java:318) ~[?:?]
	at java.awt.EventQueue.dispatchEventImpl(EventQueue.java:773) ~[?:?]
	at java.awt.EventQueue$4.run(EventQueue.java:720) ~[?:?]
	at java.awt.EventQueue$4.run(EventQueue.java:714) ~[?:?]
	at java.security.AccessController.doPrivileged(AccessController.java:399) ~[?:?]
	at java.security.ProtectionDomain$JavaSecurityAccessImpl.doIntersectionPrivilege(ProtectionDomain.java:86) ~[?:?]
	at java.awt.EventQueue.dispatchEvent(EventQueue.java:742) ~[?:?]
	at java.awt.EventDispatchThread.pumpOneEventForFilters(EventDispatchThread.java:203) ~[?:?]
	at java.awt.EventDispatchThread.pumpEventsForFilter(EventDispatchThread.java:124) ~[?:?]
	at java.awt.EventDispatchThread.pumpEventsForHierarchy(EventDispatchThread.java:113) ~[?:?]
	at java.awt.EventDispatchThread.pumpEvents(EventDispatchThread.java:109) ~[?:?]
	at java.awt.EventDispatchThread.pumpEvents(EventDispatchThread.java:101) ~[?:?]
	at java.awt.EventDispatchThread.run(EventDispatchThread.java:90) ~[?:?]
2026-01-22 19:49:27,655 [WARN] ThirdParty:871 - waiting for thirdparty lock release [close project]
2026-01-22 19:49:27,655 [INFO] ThirdParty:873 - entering critical section [close project]
2026-01-22 19:49:27,655 [INFO] ThirdParty:883 - exiting critical section [close project]
2026-01-22 19:49:27,656 [INFO] PinOutPanel:1561 - setPackage(No Configuration,No Configuration)
2026-01-22 19:49:27,665 [WARN] IpParametersView:151 - Warning: This peripheral hasn't parameters
2026-01-22 19:49:27,674 [WARN] MainPanel:284 - <html><b><center>Warning: This peripheral has no parameters to be configured<br></b></html>
2026-01-22 19:49:27,684 [INFO] HwResourcesManager:1923 - RZone for current mcu STM32H743VGTx : STM32_DIE450_864_1024
2026-01-22 19:49:27,699 [INFO] HwResourcesManager:288 - provisioning FMC Bank1 added
2026-01-22 19:49:27,700 [INFO] HwResourcesManager:288 - provisioning FMC Bank3 added
2026-01-22 19:49:27,701 [INFO] HwResourcesManager:288 - provisioning QuadSPI added
2026-01-22 19:49:27,701 [INFO] HwResourcesManager:288 - provisioning FMC SDRAM Bank1 added
2026-01-22 19:49:27,702 [INFO] HwResourcesManager:288 - provisioning FMC SDRAM Bank2 added
2026-01-22 19:49:27,709 [INFO] HwResourcesManager:472 - Memory Region RAM_ITCM added without MPC
2026-01-22 19:49:27,711 [INFO] HwResourcesManager:472 - Memory Region Flash Bank1 added without MPC
2026-01-22 19:49:27,712 [INFO] HwResourcesManager:472 - Memory Region Flash Bank2 added without MPC
2026-01-22 19:49:27,713 [INFO] HwResourcesManager:472 - Memory Region System Bank1 added without MPC
2026-01-22 19:49:27,715 [INFO] HwResourcesManager:472 - Memory Region System Bank2 added without MPC
2026-01-22 19:49:27,716 [INFO] HwResourcesManager:472 - Memory Region RAM_DTCM added without MPC
2026-01-22 19:49:27,718 [INFO] HwResourcesManager:472 - Memory Region RAM_AXI added without MPC
2026-01-22 19:49:27,719 [INFO] HwResourcesManager:472 - Memory Region RAM1_AHB added without MPC
2026-01-22 19:49:27,721 [INFO] HwResourcesManager:472 - Memory Region RAM2_AHB added without MPC
2026-01-22 19:49:27,722 [INFO] HwResourcesManager:472 - Memory Region RAM3_AHB added without MPC
2026-01-22 19:49:27,723 [INFO] HwResourcesManager:472 - Memory Region RAM_AHB_D4 added without MPC
2026-01-22 19:49:27,724 [INFO] HwResourcesManager:472 - Memory Region BKPSRAM added without MPC
2026-01-22 19:49:27,755 [INFO] MemInfoExtractor$FMCInfoExtractor:862 - Cannot find FMC BANK1 start address in the info provided by HWResourceManager => Set it to the default value
2026-01-22 19:49:27,757 [INFO] MemInfoExtractor$OctoQuadSPIInfoExtractor:1587 - Cannot find QUADSPI start address in the info provided by HWResourceManager => Set it to the default value
2026-01-22 19:49:28,074 [ERROR] HwResourcesManager:1531 - Cannot find MPC for the given IP: FLASH
2026-01-22 19:49:28,075 [ERROR] HwResourcesManager:1531 - Cannot find MPC for the given IP: FLASH
2026-01-22 19:49:28,078 [ERROR] HwResourcesManager:1531 - Cannot find MPC for the given IP: FLASH
2026-01-22 19:49:28,419 [ERROR] HwResourcesManager:1531 - Cannot find MPC for the given IP: FLASH
2026-01-22 19:49:28,421 [ERROR] HwResourcesManager:1531 - Cannot find MPC for the given IP: FLASH
2026-01-22 19:49:28,426 [ERROR] HwResourcesManager:1531 - Cannot find MPC for the given IP: FLASH
2026-01-22 19:49:28,735 [ERROR] HwResourcesManager:1531 - Cannot find MPC for the given IP: FLASH
2026-01-22 19:49:28,736 [ERROR] HwResourcesManager:1531 - Cannot find MPC for the given IP: FLASH
2026-01-22 19:49:28,740 [ERROR] HwResourcesManager:1531 - Cannot find MPC for the given IP: FLASH
2026-01-22 19:49:28,938 [ERROR] HwResourcesManager:1531 - Cannot find MPC for the given IP: FLASH
2026-01-22 19:49:28,939 [ERROR] HwResourcesManager:1531 - Cannot find MPC for the given IP: FLASH
2026-01-22 19:49:28,943 [ERROR] HwResourcesManager:1531 - Cannot find MPC for the given IP: FLASH
2026-01-22 19:49:29,150 [ERROR] HwResourcesManager:1531 - Cannot find MPC for the given IP: FLASH
2026-01-22 19:49:29,151 [ERROR] HwResourcesManager:1531 - Cannot find MPC for the given IP: FLASH
2026-01-22 19:49:29,154 [ERROR] HwResourcesManager:1531 - Cannot find MPC for the given IP: FLASH
2026-01-22 19:49:29,156 [ERROR] HwResourcesManager:1531 - Cannot find MPC for the given IP: FLASH
2026-01-22 19:49:29,178 [INFO] MemInfoExtractor:277 - EVENT_MCU_SET_IP_PARAMETER
2026-01-22 19:49:29,184 [ERROR] HwResourcesManager:1531 - Cannot find MPC for the given IP: FLASH
2026-01-22 19:49:29,185 [ERROR] HwResourcesManager:1531 - Cannot find MPC for the given IP: FLASH
2026-01-22 19:49:29,188 [ERROR] HwResourcesManager:1531 - Cannot find MPC for the given IP: FLASH
2026-01-22 19:49:29,453 [ERROR] HwResourcesManager:1531 - Cannot find MPC for the given IP: FLASH
2026-01-22 19:49:29,454 [ERROR] HwResourcesManager:1531 - Cannot find MPC for the given IP: FLASH
2026-01-22 19:49:29,457 [ERROR] HwResourcesManager:1531 - Cannot find MPC for the given IP: FLASH
2026-01-22 19:49:29,640 [ERROR] HwResourcesManager:1531 - Cannot find MPC for the given IP: FLASH
2026-01-22 19:49:29,641 [ERROR] HwResourcesManager:1531 - Cannot find MPC for the given IP: FLASH
2026-01-22 19:49:29,645 [ERROR] HwResourcesManager:1531 - Cannot find MPC for the given IP: FLASH
2026-01-22 19:49:29,867 [ERROR] HwResourcesManager:1531 - Cannot find MPC for the given IP: FLASH
2026-01-22 19:49:29,868 [ERROR] HwResourcesManager:1531 - Cannot find MPC for the given IP: FLASH
2026-01-22 19:49:29,871 [ERROR] HwResourcesManager:1531 - Cannot find MPC for the given IP: FLASH
2026-01-22 19:49:30,068 [ERROR] HwResourcesManager:1531 - Cannot find MPC for the given IP: FLASH
2026-01-22 19:49:30,069 [ERROR] HwResourcesManager:1531 - Cannot find MPC for the given IP: FLASH
2026-01-22 19:49:30,073 [ERROR] HwResourcesManager:1531 - Cannot find MPC for the given IP: FLASH
2026-01-22 19:49:30,280 [ERROR] HwResourcesManager:1531 - Cannot find MPC for the given IP: FLASH
2026-01-22 19:49:30,281 [ERROR] HwResourcesManager:1531 - Cannot find MPC for the given IP: FLASH
2026-01-22 19:49:30,284 [ERROR] HwResourcesManager:1531 - Cannot find MPC for the given IP: FLASH
2026-01-22 19:49:30,478 [ERROR] HwResourcesManager:1531 - Cannot find MPC for the given IP: FLASH
2026-01-22 19:49:30,479 [ERROR] HwResourcesManager:1531 - Cannot find MPC for the given IP: FLASH
2026-01-22 19:49:30,482 [ERROR] HwResourcesManager:1531 - Cannot find MPC for the given IP: FLASH
2026-01-22 19:49:30,485 [ERROR] HwResourcesManager:1531 - Cannot find MPC for the given IP: FLASH
2026-01-22 19:49:30,687 [ERROR] HwResourcesManager:1531 - Cannot find MPC for the given IP: FLASH
2026-01-22 19:49:30,688 [ERROR] HwResourcesManager:1531 - Cannot find MPC for the given IP: FLASH
2026-01-22 19:49:30,690 [ERROR] HwResourcesManager:1531 - Cannot find MPC for the given IP: FLASH
2026-01-22 19:49:30,926 [ERROR] HwResourcesManager:1531 - Cannot find MPC for the given IP: FLASH
2026-01-22 19:49:30,927 [ERROR] HwResourcesManager:1531 - Cannot find MPC for the given IP: FLASH
2026-01-22 19:49:30,930 [ERROR] HwResourcesManager:1531 - Cannot find MPC for the given IP: FLASH
2026-01-22 19:49:30,955 [INFO] MemInfoExtractor:277 - EVENT_MCU_SET_IP_PARAMETER
2026-01-22 19:49:30,955 [ERROR] HwResourcesManager:1531 - Cannot find MPC for the given IP: FLASH
2026-01-22 19:49:30,958 [ERROR] HwResourcesManager:1531 - Cannot find MPC for the given IP: FLASH
2026-01-22 19:49:30,959 [ERROR] HwResourcesManager:1531 - Cannot find MPC for the given IP: FLASH
2026-01-22 19:49:30,962 [ERROR] HwResourcesManager:1531 - Cannot find MPC for the given IP: FLASH
2026-01-22 19:49:30,991 [INFO] MemInfoExtractor:277 - EVENT_MCU_SET_IP_PARAMETER
2026-01-22 19:49:30,991 [ERROR] HwResourcesManager:1531 - Cannot find MPC for the given IP: FLASH
2026-01-22 19:49:30,994 [ERROR] HwResourcesManager:1531 - Cannot find MPC for the given IP: FLASH
2026-01-22 19:49:30,995 [ERROR] HwResourcesManager:1531 - Cannot find MPC for the given IP: FLASH
2026-01-22 19:49:30,998 [ERROR] HwResourcesManager:1531 - Cannot find MPC for the given IP: FLASH
2026-01-22 19:49:31,020 [INFO] MemInfoExtractor:277 - EVENT_MCU_SET_IP_PARAMETER
2026-01-22 19:49:31,024 [ERROR] HwResourcesManager:1531 - Cannot find MPC for the given IP: FLASH
2026-01-22 19:49:31,025 [ERROR] HwResourcesManager:1531 - Cannot find MPC for the given IP: FLASH
2026-01-22 19:49:31,028 [ERROR] HwResourcesManager:1531 - Cannot find MPC for the given IP: FLASH
2026-01-22 19:49:31,031 [ERROR] HwResourcesManager:1531 - Cannot find MPC for the given IP: FLASH
2026-01-22 19:49:31,222 [INFO] MPUBuilderARMV7M:904 - MPU region Start address: 0X8000000 Size: 1572864 Context: CORTEX-M7NS
2026-01-22 19:49:31,222 [INFO] MPUBuilderARMV7M:921 - Bigger Strategy whit the min MPU regions with 1 MPU regions!
2026-01-22 19:49:31,226 [ERROR] HwResourcesManager:1531 - Cannot find MPC for the given IP: FLASH
2026-01-22 19:49:31,227 [ERROR] HwResourcesManager:1531 - Cannot find MPC for the given IP: FLASH
2026-01-22 19:49:31,231 [ERROR] HwResourcesManager:1531 - Cannot find MPC for the given IP: FLASH
2026-01-22 19:49:31,580 [INFO] UtilMem:75 - Begin LoadConfig() Used Memory: 941042872 Bytes (1073741824)
2026-01-22 19:49:31,580 [INFO] MicroXplorer:468 - Change Database Path : 
2026-01-22 19:49:31,580 [INFO] MicroXplorer:498 - Change Database Version : DB.6.0.120
2026-01-22 19:49:31,580 [INFO] OpenFileManager:332 - Change cursor
2026-01-22 19:49:31,593 [INFO] Mcu:2032 - Initializing MCU STM32H743VGTx STM32H743VGTx STM32H743VGT6
2026-01-22 19:49:33,718 [INFO] Context:742 - Trying to add GPIOservice into a context  which must be forbidden
2026-01-22 19:49:34,674 [INFO] RtosManager:555 - Registered RTOS mode: class=CMSIS, group=RTOS, mode=CMSIS_V1, owner=FREERTOS
2026-01-22 19:49:34,674 [INFO] RtosManager:555 - Registered RTOS mode: class=CMSIS, group=RTOS2, mode=CMSIS_V2, owner=FREERTOS
2026-01-22 19:49:34,675 [INFO] RtosManager:555 - Registered RTOS mode: class=RTOS, group=Core, mode=CMSIS_V1, owner=FREERTOS
2026-01-22 19:49:34,675 [INFO] RtosManager:555 - Registered RTOS mode: class=RTOS, group=Core, mode=CMSIS_V2, owner=FREERTOS
2026-01-22 19:49:34,675 [WARN] ModelIntegratedComponent:184 - Missing modes for component STMicroelectronics:FreeRTOS:0.0.1:STMicroelectronics:RTOS:FreeRTOS:Core:::10.2.0:
2026-01-22 19:49:34,677 [WARN] ModelIntegratedComponent:63 - No mode defined for component null
2026-01-22 19:49:34,677 [WARN] ModelIntegratedComponent:63 - No mode defined for component null
2026-01-22 19:49:34,677 [WARN] ModelIntegratedComponent:63 - No mode defined for component null
2026-01-22 19:49:34,677 [WARN] ModelIntegratedComponent:63 - No mode defined for component null
2026-01-22 19:49:34,677 [WARN] ModelIntegratedComponent:63 - No mode defined for component null
2026-01-22 19:49:34,677 [WARN] ModelIntegratedComponent:63 - No mode defined for component null
2026-01-22 19:49:34,677 [WARN] ModelIntegratedComponent:63 - No mode defined for component null
2026-01-22 19:49:34,677 [WARN] ModelIntegratedComponent:63 - No mode defined for component null
2026-01-22 19:49:34,677 [WARN] ModelIntegratedComponent:63 - No mode defined for component null
2026-01-22 19:49:34,677 [WARN] ModelIntegratedComponent:63 - No mode defined for component null
2026-01-22 19:49:34,677 [WARN] ModelIntegratedComponent:63 - No mode defined for component null
2026-01-22 19:49:34,677 [WARN] ModelIntegratedComponent:63 - No mode defined for component null
2026-01-22 19:49:34,677 [WARN] ModelIntegratedComponent:63 - No mode defined for component null
2026-01-22 19:49:34,677 [WARN] ModelIntegratedComponent:63 - No mode defined for component null
2026-01-22 19:49:34,677 [WARN] ModelIntegratedComponent:63 - No mode defined for component null
2026-01-22 19:49:34,677 [WARN] ModelIntegratedComponent:63 - No mode defined for component null
2026-01-22 19:49:34,677 [WARN] ModelIntegratedComponent:63 - No mode defined for component null
2026-01-22 19:49:34,677 [WARN] ModelIntegratedComponent:63 - No mode defined for component null
2026-01-22 19:49:34,677 [WARN] ModelIntegratedComponent:63 - No mode defined for component null
2026-01-22 19:49:34,677 [WARN] ModelIntegratedComponent:63 - No mode defined for component null
2026-01-22 19:49:34,677 [WARN] ModelIntegratedComponent:63 - No mode defined for component null
2026-01-22 19:49:34,677 [WARN] ModelIntegratedComponent:63 - No mode defined for component null
2026-01-22 19:49:34,677 [WARN] ModelIntegratedComponent:63 - No mode defined for component null
2026-01-22 19:49:34,677 [WARN] ModelIntegratedComponent:63 - No mode defined for component null
2026-01-22 19:49:34,677 [WARN] ModelIntegratedComponent:63 - No mode defined for component null
2026-01-22 19:49:34,677 [WARN] ModelIntegratedComponent:63 - No mode defined for component null
2026-01-22 19:49:34,677 [WARN] ModelIntegratedComponent:63 - No mode defined for component null
2026-01-22 19:49:34,677 [WARN] ModelIntegratedComponent:63 - No mode defined for component null
2026-01-22 19:49:34,677 [WARN] ModelIntegratedComponent:63 - No mode defined for component null
2026-01-22 19:49:34,677 [WARN] ModelIntegratedComponent:63 - No mode defined for component null
2026-01-22 19:49:34,677 [WARN] ModelIntegratedComponent:63 - No mode defined for component null
2026-01-22 19:49:34,677 [WARN] ModelIntegratedComponent:63 - No mode defined for component null
2026-01-22 19:49:34,677 [WARN] ModelIntegratedComponent:63 - No mode defined for component null
2026-01-22 19:49:34,677 [WARN] ModelIntegratedComponent:63 - No mode defined for component null
2026-01-22 19:49:34,677 [WARN] ModelIntegratedComponent:63 - No mode defined for component null
2026-01-22 19:49:34,677 [WARN] ModelPack:524 - Component already loaded: STMicroelectronics:HAL Drivers:0.0.0:STMicroelectronics:Device:STMicro_Driver:XSPI:HAL::0.0.1:HAL_XSPI
2026-01-22 19:49:34,828 [INFO] ThirdPartyModel:298 - Start build external matchings
2026-01-22 19:49:35,534 [INFO] ThirdPartyModel:316 - End build external matchings
2026-01-22 19:49:35,553 [INFO] ImportTextPane:205 - (OptionalMessage_ERROR) IP (RCC) : Invalid parameter (FamilyName)
2026-01-22 19:49:35,553 [INFO] ImportTextPane:205 - (OptionalMessage_ERROR) IP (RCC) : Parameter (I2C4Freq_Value) has invalid value (64000000)
2026-01-22 19:49:35,553 [INFO] ImportTextPane:205 - (OptionalMessage_ERROR) IP (RCC) : Parameter (LPTIM2Freq_Value) has invalid value (64000000)
2026-01-22 19:49:35,553 [INFO] ImportTextPane:205 - (OptionalMessage_ERROR) IP (RCC) : Parameter (LPTIM345Freq_Value) has invalid value (64000000)
2026-01-22 19:49:35,553 [INFO] ImportTextPane:205 - (OptionalMessage_ERROR) IP (RCC) : Parameter (LPUART1Freq_Value) has invalid value (64000000)
2026-01-22 19:49:35,553 [INFO] ImportTextPane:205 - (OptionalMessage_ERROR) IP (RCC) : Parameter (LTDCFreq_Value) has invalid value (50390625)
2026-01-22 19:49:35,553 [INFO] ImportTextPane:205 - (OptionalMessage_ERROR) IP (RCC) : Parameter (SPI45Freq_Value) has invalid value (64000000)
2026-01-22 19:49:35,553 [INFO] ImportTextPane:205 - (OptionalMessage_ERROR) IP (RCC) : Parameter (SPI6Freq_Value) has invalid value (64000000)
2026-01-22 19:49:35,553 [INFO] ImportTextPane:205 - (OptionalMessage_ERROR) IP (RCC) : Parameter (USART16Freq_Value) has invalid value (64000000)
2026-01-22 19:49:35,887 [INFO] UtilMem:75 - End LoadConfig() Used Memory: 859247096 Bytes (1073741824)
2026-01-22 19:49:35,916 [WARN] ThirdParty:833 - waiting for thirdparty lock release [change project]
2026-01-22 19:49:35,916 [INFO] ThirdParty:835 - entering critical section [change project]
2026-01-22 19:49:35,916 [INFO] ThirdParty:1030 - CMSIS Pack Vendor :STMicroelectronics X-CUBE-PM33A1 1.0.0
2026-01-22 19:49:35,916 [INFO] ThirdParty:1030 - CMSIS Pack Vendor :STMicroelectronics USBPD 4.1
2026-01-22 19:49:35,916 [INFO] ThirdParty:1030 - CMSIS Pack Vendor :STMicroelectronics X-CUBE-GNSS1 6.0.0
2026-01-22 19:49:35,916 [INFO] ThirdParty:1030 - CMSIS Pack Vendor :STMicroelectronics USB_HOST 2.0.0
2026-01-22 19:49:35,916 [INFO] ThirdParty:1030 - CMSIS Pack Vendor :STMicroelectronics FP-SNS-MOTENVWB1 1.4.0
2026-01-22 19:49:35,916 [INFO] ThirdParty:1030 - CMSIS Pack Vendor :STMicroelectronics X-CUBE-AZRTOS-F4 1.1.0
2026-01-22 19:49:35,916 [INFO] ThirdParty:1030 - CMSIS Pack Vendor :STMicroelectronics LIBJPEG 8.0.0
2026-01-22 19:49:35,916 [INFO] ThirdParty:1030 - CMSIS Pack Vendor :STMicroelectronics FP-ATR-ASTRA1 2.0.2
2026-01-22 19:49:35,916 [INFO] ThirdParty:1030 - CMSIS Pack Vendor :STMicroelectronics FP-ATR-ASTRA1 2.0.1
2026-01-22 19:49:35,916 [INFO] ThirdParty:1030 - CMSIS Pack Vendor :STMicroelectronics X-CUBE-SMBUS 2.1.0
2026-01-22 19:49:35,916 [INFO] ThirdParty:1030 - CMSIS Pack Vendor :STMicroelectronics X-CUBE-WB05N 1.1.0
2026-01-22 19:49:35,916 [INFO] ThirdParty:1030 - CMSIS Pack Vendor :STMicroelectronics X-CUBE-ISPU 2.1.0
2026-01-22 19:49:35,916 [INFO] ThirdParty:1030 - CMSIS Pack Vendor :STMicroelectronics X-CUBE-FREERTOS 1.2.0
2026-01-22 19:49:35,916 [INFO] ThirdParty:1030 - CMSIS Pack Vendor :STMicroelectronics X-CUBE-NFC12 1.0.0
2026-01-22 19:49:35,916 [INFO] ThirdParty:1030 - CMSIS Pack Vendor :STMicroelectronics X-CUBE-AZRTOS-F7 1.1.0
2026-01-22 19:49:35,916 [INFO] ThirdParty:1030 - CMSIS Pack Vendor :STMicroelectronics X-CUBE-AZRTOS-L5 2.0.0
2026-01-22 19:49:35,916 [INFO] ThirdParty:1030 - CMSIS Pack Vendor :STMicroelectronics USB_DEVICE 2.0.0
2026-01-22 19:49:35,916 [INFO] ThirdParty:1030 - CMSIS Pack Vendor :STMicroelectronics X-CUBE-NFC6 3.1.0
2026-01-22 19:49:35,916 [INFO] ThirdParty:1030 - CMSIS Pack Vendor :STMicroelectronics X-CUBE-MEMS1 11.0.0
2026-01-22 19:49:35,916 [INFO] ThirdParty:1030 - CMSIS Pack Vendor :STMicroelectronics FreeRTOS 0.0.1
2026-01-22 19:49:35,916 [INFO] ThirdParty:1030 - CMSIS Pack Vendor :STMicroelectronics X-CUBE-DPower 1.2.0
2026-01-22 19:49:35,916 [INFO] ThirdParty:1030 - CMSIS Pack Vendor :STMicroelectronics FP-SNS-FLIGHT1 5.0.2
2026-01-22 19:49:35,916 [INFO] ThirdParty:1030 - CMSIS Pack Vendor :STMicroelectronics X-CUBE-AI 9.0.0
2026-01-22 19:49:35,916 [INFO] ThirdParty:1030 - CMSIS Pack Vendor :STMicroelectronics PDM2PCM 3.3.0
2026-01-22 19:49:35,916 [INFO] ThirdParty:1030 - CMSIS Pack Vendor :STMicroelectronics X-CUBE-AZRTOS-H7 3.4.0
2026-01-22 19:49:35,916 [INFO] ThirdParty:1030 - CMSIS Pack Vendor :STMicroelectronics X-CUBE-DISPLAY 3.0.0
2026-01-22 19:49:35,916 [INFO] ThirdParty:1030 - CMSIS Pack Vendor :STMicroelectronics X-CUBE-BLE1 7.0.0
2026-01-22 19:49:35,916 [INFO] ThirdParty:1030 - CMSIS Pack Vendor :STMicroelectronics X-CUBE-NFC10 1.0.0
2026-01-22 19:49:35,916 [INFO] ThirdParty:1030 - CMSIS Pack Vendor :STMicroelectronics X-CUBE-BLEMGR 4.0.0
2026-01-22 19:49:35,916 [INFO] ThirdParty:1030 - CMSIS Pack Vendor :STMicroelectronics X-CUBE-FREERTOS 1.3.1
2026-01-22 19:49:35,916 [INFO] ThirdParty:1030 - CMSIS Pack Vendor :STMicroelectronics HAL Drivers 0.0.0
2026-01-22 19:49:35,917 [INFO] ThirdParty:1030 - CMSIS Pack Vendor :emotas I-CUBE-CANOPEN 1.3.0
2026-01-22 19:49:35,917 [INFO] ThirdParty:1030 - CMSIS Pack Vendor :STMicroelectronics X-CUBE-FREERTOS 1.3.0
2026-01-22 19:49:35,917 [INFO] ThirdParty:1030 - CMSIS Pack Vendor :STMicroelectronics X-CUBE-NFC7 1.0.1
2026-01-22 19:49:35,917 [INFO] ThirdParty:1030 - CMSIS Pack Vendor :STMicroelectronics MBEDTLS 2.14.1
2026-01-22 19:49:35,917 [INFO] ThirdParty:1030 - CMSIS Pack Vendor :STMicroelectronics X-CUBE-GNSS1 7.1.0
2026-01-22 19:49:35,917 [INFO] ThirdParty:1030 - CMSIS Pack Vendor :STMicroelectronics X-CUBE-TOUCHGFX 4.26.0
2026-01-22 19:49:35,917 [INFO] ThirdParty:1030 - CMSIS Pack Vendor :STMicroelectronics X-CUBE-BLEMGR 3.1.0
2026-01-22 19:49:35,917 [INFO] ThirdParty:1030 - CMSIS Pack Vendor :STMicroelectronics X-CUBE-AI 10.0.0
2026-01-22 19:49:35,917 [INFO] ThirdParty:1030 - CMSIS Pack Vendor :STMicroelectronics FP-SNS-SMARTAG2 1.2.0
2026-01-22 19:49:35,917 [INFO] ThirdParty:1030 - CMSIS Pack Vendor :STMicroelectronics X-CUBE-MEMS1 11.1.0
2026-01-22 19:49:35,917 [INFO] ThirdParty:1030 - CMSIS Pack Vendor :STMicroelectronics X-CUBE-AZRTOS-WL 2.0.0
2026-01-22 19:49:35,917 [INFO] ThirdParty:1030 - CMSIS Pack Vendor :STMicroelectronics X-CUBE-DPower 1.3.0
2026-01-22 19:49:35,917 [INFO] ThirdParty:1030 - CMSIS Pack Vendor :STMicroelectronics FP-SNS-MOTENV1 5.0.0
2026-01-22 19:49:35,917 [INFO] ThirdParty:1030 - CMSIS Pack Vendor :STMicroelectronics USB_DEVICE 1.0.0
2026-01-22 19:49:35,917 [INFO] ThirdParty:1030 - CMSIS Pack Vendor :STMicroelectronics X-CUBE-AZRTOS-H7RS 1.2.0
2026-01-22 19:49:35,917 [INFO] ThirdParty:1030 - CMSIS Pack Vendor :wolfSSL I-CUBE-wolfMQTT 1.19.0
2026-01-22 19:49:35,917 [INFO] ThirdParty:1030 - CMSIS Pack Vendor :STMicroelectronics X-CUBE-AZRTOS-L4 2.0.0
2026-01-22 19:49:35,917 [INFO] ThirdParty:1030 - CMSIS Pack Vendor :STMicroelectronics ThreadX 0.0.2
2026-01-22 19:49:35,917 [INFO] ThirdParty:1030 - CMSIS Pack Vendor :WES I-CUBE-Cesium 1.3.0
2026-01-22 19:49:35,917 [INFO] ThirdParty:1030 - CMSIS Pack Vendor :STMicroelectronics lwIP 2.1.2
2026-01-22 19:49:35,917 [INFO] ThirdParty:1030 - CMSIS Pack Vendor :STMicroelectronics X-CUBE-SFXS2LP1 4.0.0
2026-01-22 19:49:35,917 [INFO] ThirdParty:1030 - CMSIS Pack Vendor :STMicroelectronics X-CUBE-BLE2 3.3.0
2026-01-22 19:49:35,917 [INFO] ThirdParty:1030 - CMSIS Pack Vendor :STMicroelectronics PDM2PCM 3.2.0
2026-01-22 19:49:35,917 [INFO] ThirdParty:1030 - CMSIS Pack Vendor :STMicroelectronics X-CUBE-AZRTOS-H7 3.3.0
2026-01-22 19:49:35,917 [INFO] ThirdParty:1030 - CMSIS Pack Vendor :STMicroelectronics X-CUBE-NFC9 1.0.0
2026-01-22 19:49:35,917 [INFO] ThirdParty:1030 - CMSIS Pack Vendor :STMicroelectronics X-CUBE-BLE1 7.1.0
2026-01-22 19:49:35,917 [INFO] ThirdParty:1030 - CMSIS Pack Vendor :STMicroelectronics USB_DEVICE 3.0.0
2026-01-22 19:49:35,917 [INFO] ThirdParty:1030 - CMSIS Pack Vendor :STMicroelectronics X-CUBE-TCPP 4.1.0
2026-01-22 19:49:35,917 [INFO] ThirdParty:1030 - CMSIS Pack Vendor :STMicroelectronics X-CUBE-EEPRMA1 5.2.0
2026-01-22 19:49:35,917 [INFO] ThirdParty:1030 - CMSIS Pack Vendor :STMicroelectronics X-CUBE-IPS 3.0.0
2026-01-22 19:49:35,917 [INFO] ThirdParty:1030 - CMSIS Pack Vendor :STMicroelectronics X-CUBE-AZRTOS-WB 2.0.0
2026-01-22 19:49:35,917 [INFO] ThirdParty:1030 - CMSIS Pack Vendor :STMicroelectronics X-CUBE-GNSS1 7.0.0
2026-01-22 19:49:35,917 [INFO] ThirdParty:1030 - CMSIS Pack Vendor :STMicroelectronics X-CUBE-GNSS1 7.0.1
2026-01-22 19:49:35,917 [INFO] ThirdParty:1030 - CMSIS Pack Vendor :STMicroelectronics X-CUBE-TOUCHGFX 4.25.0
2026-01-22 19:49:35,917 [INFO] ThirdParty:1030 - CMSIS Pack Vendor :STMicroelectronics X-CUBE-AI 10.1.0
2026-01-22 19:49:35,917 [INFO] ThirdParty:1030 - CMSIS Pack Vendor :STMicroelectronics FP-SNS-STBOX1 2.0.0
2026-01-22 19:49:35,917 [INFO] ThirdParty:1030 - CMSIS Pack Vendor :STMicroelectronics X-CUBE-MEMS1 12.0.0
2026-01-22 19:49:35,917 [INFO] ThirdParty:1030 - CMSIS Pack Vendor :STMicroelectronics X-CUBE-STSE01 2.0.0
2026-01-22 19:49:35,917 [INFO] ThirdParty:1030 - CMSIS Pack Vendor :STMicroelectronics X-CUBE-MEMS1 11.2.0
2026-01-22 19:49:35,917 [INFO] ThirdParty:1030 - CMSIS Pack Vendor :STMicroelectronics X-CUBE-AZRTOS-G0 1.1.0
2026-01-22 19:49:35,917 [INFO] ThirdParty:1030 - CMSIS Pack Vendor :STMicroelectronics X-CUBE-SAFEA1 1.2.2
2026-01-22 19:49:35,917 [INFO] ThirdParty:1030 - CMSIS Pack Vendor :STMicroelectronics X-CUBE-NFC4 3.0.0
2026-01-22 19:49:35,917 [INFO] ThirdParty:1030 - CMSIS Pack Vendor :STMicroelectronics X-CUBE-SUBG2 5.0.0
2026-01-22 19:49:35,917 [INFO] ThirdParty:1030 - CMSIS Pack Vendor :STMicroelectronics X-CUBE-AZRTOS-H7RS 1.1.0
2026-01-22 19:49:35,917 [INFO] ThirdParty:1030 - CMSIS Pack Vendor :STMicroelectronics STM32_WPAN 1.0.0
2026-01-22 19:49:35,917 [INFO] ThirdParty:1030 - CMSIS Pack Vendor :EmbeddedOffice I-CUBE-FS-RTOS 1.0.1
2026-01-22 19:49:35,917 [INFO] ThirdParty:1030 - CMSIS Pack Vendor :STMicroelectronics lwIP 2.0.3
2026-01-22 19:49:35,917 [INFO] ThirdParty:1030 - CMSIS Pack Vendor :Cesanta I-CUBE-Mongoose 7.13.0
2026-01-22 19:49:35,917 [INFO] ThirdParty:1030 - CMSIS Pack Vendor :STMicroelectronics USB_HOST 1.0.0
2026-01-22 19:49:35,917 [INFO] ThirdParty:1030 - CMSIS Pack Vendor :STMicroelectronics X-CUBE-AZRTOS-G4 2.0.0
2026-01-22 19:49:35,917 [INFO] ThirdParty:1030 - CMSIS Pack Vendor :STMicroelectronics X-CUBE-WB05N 2.0.0
2026-01-22 19:49:35,917 [INFO] ThirdParty:1030 - CMSIS Pack Vendor :STMicroelectronics PDM2PCM 3.1.0
2026-01-22 19:49:35,917 [INFO] ThirdParty:1030 - CMSIS Pack Vendor :STMicroelectronics X-CUBE-NFC7 2.0.0
2026-01-22 19:49:35,917 [INFO] ThirdParty:1030 - CMSIS Pack Vendor :RealThread X-CUBE-RT-Thread_Nano 4.1.1
2026-01-22 19:49:35,917 [INFO] ThirdParty:1030 - CMSIS Pack Vendor :STMicroelectronics FP-ATR-SIGFOX1 3.2.0
2026-01-22 19:49:35,917 [INFO] ThirdParty:1030 - CMSIS Pack Vendor :wolfSSL I-CUBE-wolfSSL 5.7.2
2026-01-22 19:49:35,917 [INFO] ThirdParty:1030 - CMSIS Pack Vendor :quantropi X-CUBE-qispace-sdk-base 1.9.3
2026-01-22 19:49:35,917 [INFO] ThirdParty:1030 - CMSIS Pack Vendor :STMicroelectronics X-CUBE-ISPU 2.0.0
2026-01-22 19:49:35,917 [INFO] ThirdParty:1030 - CMSIS Pack Vendor :STMicroelectronics X-CUBE-EEPRMA1 5.1.0
2026-01-22 19:49:35,917 [INFO] ThirdParty:1030 - CMSIS Pack Vendor :STMicroelectronics MBEDTLS 2.16.2
2026-01-22 19:49:35,917 [INFO] ThirdParty:1030 - CMSIS Pack Vendor :STMicroelectronics X-CUBE-ALS 1.0.2
2026-01-22 19:49:35,917 [INFO] ThirdParty:1030 - CMSIS Pack Vendor :STMicroelectronics X-CUBE-TOUCHGFX 4.24.0
2026-01-22 19:49:35,917 [INFO] ThirdParty:1030 - CMSIS Pack Vendor :ITTIA_DB I-CUBE-ITTIADB 8.9.0
2026-01-22 19:49:35,917 [INFO] ThirdParty:1030 - CMSIS Pack Vendor :STMicroelectronics X-CUBE-TOUCHGFX 4.24.2
2026-01-22 19:49:35,917 [INFO] ThirdParty:1030 - CMSIS Pack Vendor :STMicroelectronics X-CUBE-TOUCHGFX 4.24.1
2026-01-22 19:49:35,917 [INFO] ThirdParty:1030 - CMSIS Pack Vendor :STMicroelectronics X-CUBE-STSE01 1.0.0
2026-01-22 19:49:35,917 [INFO] ThirdParty:1030 - CMSIS Pack Vendor :wolfSSL I-CUBE-wolfTPM 3.4.0
2026-01-22 19:49:35,917 [INFO] ThirdParty:1030 - CMSIS Pack Vendor :portGmbH I-Cube-SoM-uGOAL 1.1.0
2026-01-22 19:49:35,917 [INFO] ThirdParty:1030 - CMSIS Pack Vendor :STMicroelectronics X-CUBE-NFC6 3.2.0
2026-01-22 19:49:35,917 [INFO] ThirdParty:1030 - CMSIS Pack Vendor :STMicroelectronics X-CUBE-AI 10.2.0
2026-01-22 19:49:35,917 [INFO] ThirdParty:1030 - CMSIS Pack Vendor :STMicroelectronics ThreadX 1.0.0
2026-01-22 19:49:35,917 [INFO] ThirdParty:1030 - CMSIS Pack Vendor :SEGGER I-CUBE-embOS 1.3.1
2026-01-22 19:49:35,917 [INFO] ThirdParty:1030 - CMSIS Pack Vendor :STMicroelectronics X-CUBE-ALGOBUILD 1.4.0
2026-01-22 19:49:35,917 [INFO] ThirdParty:1030 - CMSIS Pack Vendor :STMicroelectronics X-CUBE-MEMS1 11.3.0
2026-01-22 19:49:35,917 [INFO] ThirdParty:1030 - CMSIS Pack Vendor :STMicroelectronics X-CUBE-AZRTOS-H7RS 1.0.0
2026-01-22 19:49:35,917 [INFO] ThirdParty:1030 - CMSIS Pack Vendor :STMicroelectronics FP-ATR-ASTRA1 2.0.0
2026-01-22 19:49:35,917 [INFO] ThirdParty:1030 - CMSIS Pack Vendor :STMicroelectronics X-CUBE-TOF1 3.4.2
2026-01-22 19:49:35,917 [INFO] ThirdParty:1030 - CMSIS Pack Vendor :STMicroelectronics X-CUBE-AI 9.1.0
2026-01-22 19:49:35,917 [INFO] ThirdParty:1030 - CMSIS Pack Vendor :Infineon AIROC-Wi-Fi-Bluetooth-STM32 1.6.1
2026-01-22 19:49:35,917 [INFO] ThirdParty:1030 - CMSIS Pack Vendor :wolfSSL I-CUBE-wolfSSH 1.4.17
2026-01-22 19:49:35,917 [INFO] ThirdParty:841 - exiting critical section [change project]
2026-01-22 19:49:36,112 [INFO] PinOutPanel:1561 - setPackage(No Configuration,No Configuration)
2026-01-22 19:49:36,113 [INFO] PinOutPanel:1561 - setPackage(STM32H743VGTx,LQFP100)
2026-01-22 19:49:36,478 [INFO] UtilMem:75 - Before build in PCC Used Memory: 953806816 Bytes (1073741824)
2026-01-22 19:49:36,686 [INFO] UtilMem:75 - After build in PCC Used Memory: 840479096 Bytes (1073741824)
2026-01-22 19:49:36,696 [INFO] ApiDbMcu:508 - Load IP Config File for FATFS
2026-01-22 19:49:36,713 [INFO] IPUIPlugin:80 - create IPUIPlugin
2026-01-22 19:49:36,714 [INFO] IPUIPlugin:80 - create IPUIPlugin
2026-01-22 19:49:36,714 [INFO] IPUIPlugin:80 - create IPUIPlugin
2026-01-22 19:49:36,714 [INFO] IPUIPlugin:80 - create IPUIPlugin
2026-01-22 19:49:36,714 [INFO] IPUIPlugin:80 - create IPUIPlugin
2026-01-22 19:49:36,714 [INFO] IPUIPlugin:80 - create IPUIPlugin
2026-01-22 19:49:36,714 [INFO] IPUIPlugin:80 - create IPUIPlugin
2026-01-22 19:49:36,714 [INFO] IPUIPlugin:80 - create IPUIPlugin
2026-01-22 19:49:36,714 [INFO] IPUIPlugin:80 - create IPUIPlugin
2026-01-22 19:49:36,714 [INFO] IPUIPlugin:80 - create IPUIPlugin
2026-01-22 19:49:36,714 [INFO] IPUIPlugin:80 - create IPUIPlugin
2026-01-22 19:49:36,714 [INFO] IPUIPlugin:80 - create IPUIPlugin
2026-01-22 19:49:36,714 [INFO] IPUIPlugin:80 - create IPUIPlugin
2026-01-22 19:49:36,714 [INFO] IPUIPlugin:80 - create IPUIPlugin
2026-01-22 19:49:36,714 [INFO] IPUIPlugin:80 - create IPUIPlugin
2026-01-22 19:49:36,714 [INFO] IPUIPlugin:80 - create IPUIPlugin
2026-01-22 19:49:36,714 [INFO] IPUIPlugin:80 - create IPUIPlugin
2026-01-22 19:49:36,714 [INFO] IPUIPlugin:80 - create IPUIPlugin
2026-01-22 19:49:36,714 [INFO] IPUIPlugin:80 - create IPUIPlugin
2026-01-22 19:49:36,714 [INFO] IPUIPlugin:80 - create IPUIPlugin
2026-01-22 19:49:36,714 [INFO] IPUIPlugin:80 - create IPUIPlugin
2026-01-22 19:49:36,714 [INFO] IPUIPlugin:80 - create IPUIPlugin
2026-01-22 19:49:36,714 [INFO] IPUIPlugin:80 - create IPUIPlugin
2026-01-22 19:49:36,715 [INFO] IPUIPlugin:80 - create IPUIPlugin
2026-01-22 19:49:36,715 [INFO] IPUIPlugin:80 - create IPUIPlugin
2026-01-22 19:49:36,715 [INFO] IPUIPlugin:80 - create IPUIPlugin
2026-01-22 19:49:36,715 [INFO] IPUIPlugin:80 - create IPUIPlugin
2026-01-22 19:49:36,715 [INFO] IPUIPlugin:80 - create IPUIPlugin
2026-01-22 19:49:36,715 [INFO] IPUIPlugin:80 - create IPUIPlugin
2026-01-22 19:49:36,715 [INFO] IPUIPlugin:80 - create IPUIPlugin
2026-01-22 19:49:36,715 [INFO] IPUIPlugin:80 - create IPUIPlugin
2026-01-22 19:49:36,715 [INFO] IPUIPlugin:80 - create IPUIPlugin
2026-01-22 19:49:36,715 [INFO] IPUIPlugin:80 - create IPUIPlugin
2026-01-22 19:49:36,715 [INFO] IPUIPlugin:80 - create IPUIPlugin
2026-01-22 19:49:36,715 [INFO] IPUIPlugin:80 - create IPUIPlugin
2026-01-22 19:49:36,715 [INFO] IPUIPlugin:80 - create IPUIPlugin
2026-01-22 19:49:36,716 [INFO] IPUIPlugin:80 - create IPUIPlugin
2026-01-22 19:49:36,716 [INFO] IPUIPlugin:80 - create IPUIPlugin
2026-01-22 19:49:36,716 [INFO] IPUIPlugin:80 - create IPUIPlugin
2026-01-22 19:49:36,716 [INFO] IPUIPlugin:80 - create IPUIPlugin
2026-01-22 19:49:36,716 [INFO] IPUIPlugin:80 - create IPUIPlugin
2026-01-22 19:49:36,716 [INFO] IPUIPlugin:80 - create IPUIPlugin
2026-01-22 19:49:36,717 [INFO] IPUIPlugin:80 - create IPUIPlugin
2026-01-22 19:49:36,717 [INFO] IPUIPlugin:80 - create IPUIPlugin
2026-01-22 19:49:36,717 [INFO] IPUIPlugin:80 - create IPUIPlugin
2026-01-22 19:49:36,717 [INFO] IPUIPlugin:80 - create IPUIPlugin
2026-01-22 19:49:36,717 [INFO] IPUIPlugin:80 - create IPUIPlugin
2026-01-22 19:49:36,717 [INFO] IPUIPlugin:80 - create IPUIPlugin
2026-01-22 19:49:36,717 [INFO] IPUIPlugin:80 - create IPUIPlugin
2026-01-22 19:49:36,717 [INFO] IPUIPlugin:80 - create IPUIPlugin
2026-01-22 19:49:36,717 [INFO] IPUIPlugin:80 - create IPUIPlugin
2026-01-22 19:49:36,717 [INFO] IPUIPlugin:80 - create IPUIPlugin
2026-01-22 19:49:36,718 [INFO] IPUIPlugin:80 - create IPUIPlugin
2026-01-22 19:49:36,718 [INFO] IPUIPlugin:80 - create IPUIPlugin
2026-01-22 19:49:36,718 [INFO] IPUIPlugin:80 - create IPUIPlugin
2026-01-22 19:49:36,718 [INFO] IPUIPlugin:80 - create IPUIPlugin
2026-01-22 19:49:36,718 [INFO] IPUIPlugin:80 - create IPUIPlugin
2026-01-22 19:49:36,718 [INFO] IPUIPlugin:80 - create IPUIPlugin
2026-01-22 19:49:36,718 [INFO] IPUIPlugin:80 - create IPUIPlugin
2026-01-22 19:49:36,718 [INFO] IPUIPlugin:80 - create IPUIPlugin
2026-01-22 19:49:36,719 [INFO] IPUIPlugin:80 - create IPUIPlugin
2026-01-22 19:49:36,719 [INFO] IPUIPlugin:80 - create IPUIPlugin
2026-01-22 19:49:36,719 [INFO] IPUIPlugin:80 - create IPUIPlugin
2026-01-22 19:49:36,719 [INFO] IPUIPlugin:80 - create IPUIPlugin
2026-01-22 19:49:36,719 [INFO] IPUIPlugin:80 - create IPUIPlugin
2026-01-22 19:49:36,719 [INFO] IPUIPlugin:80 - create IPUIPlugin
2026-01-22 19:49:36,719 [INFO] IPUIPlugin:80 - create IPUIPlugin
2026-01-22 19:49:36,720 [INFO] IPUIPlugin:80 - create IPUIPlugin
2026-01-22 19:49:36,720 [INFO] IPUIPlugin:80 - create IPUIPlugin
2026-01-22 19:49:36,720 [INFO] IPUIPlugin:80 - create IPUIPlugin
2026-01-22 19:49:36,720 [INFO] IPUIPlugin:80 - create IPUIPlugin
2026-01-22 19:49:36,720 [INFO] IPUIPlugin:80 - create IPUIPlugin
2026-01-22 19:49:36,720 [INFO] IPUIPlugin:80 - create IPUIPlugin
2026-01-22 19:49:36,720 [INFO] IPUIPlugin:80 - create IPUIPlugin
2026-01-22 19:49:36,720 [INFO] IPUIPlugin:80 - create IPUIPlugin
2026-01-22 19:49:36,721 [INFO] IPUIPlugin:80 - create IPUIPlugin
2026-01-22 19:49:36,721 [INFO] IPUIPlugin:80 - create IPUIPlugin
2026-01-22 19:49:36,721 [INFO] IPUIPlugin:80 - create IPUIPlugin
2026-01-22 19:49:36,721 [INFO] IPUIPlugin:80 - create IPUIPlugin
2026-01-22 19:49:36,721 [INFO] IPUIPlugin:80 - create IPUIPlugin
2026-01-22 19:49:36,721 [INFO] IPUIPlugin:80 - create IPUIPlugin
2026-01-22 19:49:36,721 [INFO] IPUIPlugin:80 - create IPUIPlugin
2026-01-22 19:49:36,722 [INFO] IPUIPlugin:80 - create IPUIPlugin
2026-01-22 19:49:36,722 [INFO] IPUIPlugin:80 - create IPUIPlugin
2026-01-22 19:49:36,722 [INFO] IPUIPlugin:80 - create IPUIPlugin
2026-01-22 19:49:36,722 [INFO] IPUIPlugin:80 - create IPUIPlugin
2026-01-22 19:49:36,722 [INFO] IPUIPlugin:80 - create IPUIPlugin
2026-01-22 19:49:36,723 [INFO] IPUIPlugin:80 - create IPUIPlugin
2026-01-22 19:49:36,723 [INFO] IPUIPlugin:80 - create IPUIPlugin
2026-01-22 19:49:36,723 [INFO] IPUIPlugin:80 - create IPUIPlugin
2026-01-22 19:49:36,723 [INFO] IPUIPlugin:80 - create IPUIPlugin
2026-01-22 19:49:36,724 [INFO] IPUIPlugin:80 - create IPUIPlugin
2026-01-22 19:49:36,724 [INFO] IPUIPlugin:80 - create IPUIPlugin
2026-01-22 19:49:36,724 [INFO] IPUIPlugin:80 - create IPUIPlugin
2026-01-22 19:49:36,724 [INFO] IPUIPlugin:80 - create IPUIPlugin
2026-01-22 19:49:36,725 [INFO] IPUIPlugin:80 - create IPUIPlugin
2026-01-22 19:49:36,725 [INFO] IPUIPlugin:80 - create IPUIPlugin
2026-01-22 19:49:36,742 [INFO] ApiDbMcu:508 - Load IP Config File for PDM2PCM
2026-01-22 19:49:36,827 [INFO] CADModel:165 - CPN selected for project levelSTM32H743VGT6
2026-01-22 19:49:36,827 [INFO] CADModel:114 - Register for checkConnection events
2026-01-22 19:49:36,876 [INFO] OpenFileManager:363 - Restore cursor
2026-01-22 19:49:57,049 [INFO] NvicIntPanel:101 - NVIC parent = com.st.microxplorer.plugins.ip.nvic.MultiNvicIntPanel[,0,0,0x0,invalid,layout=javax.swing.BoxLayout,alignmentX=0.0,alignmentY=0.0,border=,flags=9,maximumSize=,minimumSize=,preferredSize=]
2026-01-22 19:49:58,417 [INFO] UtilMem:75 - End SaveConfig() Used Memory: 844083048 Bytes (1073741824)
2026-01-22 19:49:59,705 [INFO] UtilMem:75 - End SaveConfig() Used Memory: 874824944 Bytes (1073741824)
2026-01-22 19:50:01,429 [INFO] UtilMem:75 - End SaveConfig() Used Memory: 817001816 Bytes (1073741824)
2026-01-22 19:50:01,595 [INFO] BlockDiagram:2766 - set Specific Code input for plugin: SPI
2026-01-22 19:50:01,595 [INFO] BlockDiagram:2766 - set Specific Code input for plugin: RCC
2026-01-22 19:50:01,595 [INFO] BlockDiagram:2766 - set Specific Code input for plugin: USART
2026-01-22 19:50:01,595 [INFO] BlockDiagram:2766 - set Specific Code input for plugin: FATFS
2026-01-22 19:50:01,595 [INFO] BlockDiagram:2766 - set Specific Code input for plugin: MEMORYMAP
2026-01-22 19:50:01,595 [INFO] BlockDiagram:2766 - set Specific Code input for plugin: SYS
2026-01-22 19:50:01,595 [INFO] BlockDiagram:2766 - set Specific Code input for plugin: USB_OTG_FS
2026-01-22 19:50:01,595 [INFO] BlockDiagram:2766 - set Specific Code input for plugin: NVIC
2026-01-22 19:50:01,595 [INFO] BlockDiagram:2766 - set Specific Code input for plugin: CORTEX_M7
2026-01-22 19:50:01,595 [INFO] BlockDiagram:2766 - set Specific Code input for plugin: UART
2026-01-22 19:50:01,595 [INFO] BlockDiagram:2766 - set Specific Code input for plugin: UART
2026-01-22 19:50:01,595 [INFO] BlockDiagram:2766 - set Specific Code input for plugin: DEBUG
2026-01-22 19:50:01,596 [INFO] BlockDiagram:2766 - set Specific Code input for plugin: GPIO
2026-01-22 19:50:01,598 [INFO] CodeGenerator:807 - code generatio: config db path: C:\ST\STM32CubeIDE_1.16.0\STM32CubeIDE\plugins\com.st.stm32cube.common.mx_6.12.0.202406281431\\db\
2026-01-22 19:50:01,796 [INFO] CodeEngine:255 - oldGeneratedFile, C:\Users\brady\repos\UCI-Rocket-Project-Solids\flight-code\MXTmpFiles\license.tmp_save
2026-01-22 19:50:02,190 [INFO] CodeEngine:279 - Generated code: C:\Users\brady\repos\UCI-Rocket-Project-Solids\flight-code\MXTmpFiles\license.tmp
2026-01-22 19:50:02,337 [INFO] CodeEngine:255 - oldGeneratedFile, C:\Users\brady\repos\UCI-Rocket-Project-Solids\flight-code\MXTmpFiles\gpio.tmp_save
2026-01-22 19:50:02,473 [INFO] CodeEngine:279 - Generated code: C:\Users\brady\repos\UCI-Rocket-Project-Solids\flight-code\MXTmpFiles\gpio.tmp
2026-01-22 19:50:02,618 [WARN] IPConfigManager:98 - WARNING: Missing Config File for DEBUG ip!!
2026-01-22 19:50:02,937 [WARN] IPConfigManager:98 - WARNING: Missing Config File for MEMORYMAP ip!!
2026-01-22 19:50:03,517 [INFO] Middleware:1439 - No code input for Bsp Dependency
2026-01-22 19:50:03,528 [INFO] CodeEngine:255 - oldGeneratedFile, C:\Users\brady\repos\UCI-Rocket-Project-Solids\flight-code\MXTmpFiles\fatfs_HalInit.tmp_save
2026-01-22 19:50:03,603 [INFO] CodeEngine:279 - Generated code: C:\Users\brady\repos\UCI-Rocket-Project-Solids\flight-code\MXTmpFiles\fatfs_HalInit.tmp
2026-01-22 19:50:03,617 [INFO] CodeEngine:255 - oldGeneratedFile, C:\Users\brady\repos\UCI-Rocket-Project-Solids\flight-code\MXTmpFiles\fatfs_vars.tmp_save
2026-01-22 19:50:03,675 [INFO] CodeEngine:279 - Generated code: C:\Users\brady\repos\UCI-Rocket-Project-Solids\flight-code\MXTmpFiles\fatfs_vars.tmp
2026-01-22 19:50:03,685 [INFO] CodeEngine:255 - oldGeneratedFile, C:\Users\brady\repos\UCI-Rocket-Project-Solids\flight-code\MXTmpFiles\fatfs_ext_vars.tmp_save
2026-01-22 19:50:03,736 [INFO] CodeEngine:279 - Generated code: C:\Users\brady\repos\UCI-Rocket-Project-Solids\flight-code\MXTmpFiles\fatfs_ext_vars.tmp
2026-01-22 19:50:03,747 [INFO] CodeEngine:255 - oldGeneratedFile, C:\Users\brady\repos\UCI-Rocket-Project-Solids\flight-code\MXTmpFiles\fatfs_inc.tmp_save
2026-01-22 19:50:03,797 [INFO] CodeEngine:279 - Generated code: C:\Users\brady\repos\UCI-Rocket-Project-Solids\flight-code\MXTmpFiles\fatfs_inc.tmp
2026-01-22 19:50:03,811 [INFO] CodeEngine:255 - oldGeneratedFile, C:\Users\brady\repos\UCI-Rocket-Project-Solids\flight-code\MXTmpFiles\cortex.tmp_save
2026-01-22 19:50:03,871 [INFO] CodeEngine:279 - Generated code: C:\Users\brady\repos\UCI-Rocket-Project-Solids\flight-code\MXTmpFiles\cortex.tmp
2026-01-22 19:50:03,877 [INFO] Middleware:1439 - No code input for Bsp Dependency
2026-01-22 19:50:03,882 [INFO] CodeEngine:255 - oldGeneratedFile, C:\Users\brady\repos\UCI-Rocket-Project-Solids\flight-code\MXTmpFiles\fatfs_HalInit.tmp_save
2026-01-22 19:50:03,930 [INFO] CodeEngine:279 - Generated code: C:\Users\brady\repos\UCI-Rocket-Project-Solids\flight-code\MXTmpFiles\fatfs_HalInit.tmp
2026-01-22 19:50:03,934 [INFO] CodeEngine:255 - oldGeneratedFile, C:\Users\brady\repos\UCI-Rocket-Project-Solids\flight-code\MXTmpFiles\fatfs_vars.tmp_save
2026-01-22 19:50:03,968 [INFO] CodeEngine:279 - Generated code: C:\Users\brady\repos\UCI-Rocket-Project-Solids\flight-code\MXTmpFiles\fatfs_vars.tmp
2026-01-22 19:50:03,971 [INFO] CodeEngine:255 - oldGeneratedFile, C:\Users\brady\repos\UCI-Rocket-Project-Solids\flight-code\MXTmpFiles\fatfs_ext_vars.tmp_save
2026-01-22 19:50:04,004 [INFO] CodeEngine:279 - Generated code: C:\Users\brady\repos\UCI-Rocket-Project-Solids\flight-code\MXTmpFiles\fatfs_ext_vars.tmp
2026-01-22 19:50:04,007 [INFO] CodeEngine:255 - oldGeneratedFile, C:\Users\brady\repos\UCI-Rocket-Project-Solids\flight-code\MXTmpFiles\fatfs_inc.tmp_save
2026-01-22 19:50:04,043 [INFO] CodeEngine:279 - Generated code: C:\Users\brady\repos\UCI-Rocket-Project-Solids\flight-code\MXTmpFiles\fatfs_inc.tmp
2026-01-22 19:50:04,072 [INFO] CodeEngine:255 - oldGeneratedFile, C:\Users\brady\repos\UCI-Rocket-Project-Solids\flight-code\FATFS\Target\ffconf.h_save
2026-01-22 19:50:04,142 [INFO] CodeEngine:279 - Generated code: C:\Users\brady\repos\UCI-Rocket-Project-Solids\flight-code\FATFS\Target\ffconf.h
2026-01-22 19:50:04,172 [INFO] CodeEngine:255 - oldGeneratedFile, C:\Users\brady\repos\UCI-Rocket-Project-Solids\flight-code\FATFS\Target\user_diskio.c_save
2026-01-22 19:50:04,229 [INFO] CodeEngine:279 - Generated code: C:\Users\brady\repos\UCI-Rocket-Project-Solids\flight-code\FATFS\Target\user_diskio.c
2026-01-22 19:50:04,245 [INFO] CodeEngine:255 - oldGeneratedFile, C:\Users\brady\repos\UCI-Rocket-Project-Solids\flight-code\FATFS\Target\user_diskio.h_save
2026-01-22 19:50:04,292 [INFO] CodeEngine:279 - Generated code: C:\Users\brady\repos\UCI-Rocket-Project-Solids\flight-code\FATFS\Target\user_diskio.h
2026-01-22 19:50:04,308 [INFO] CodeEngine:255 - oldGeneratedFile, C:\Users\brady\repos\UCI-Rocket-Project-Solids\flight-code\FATFS\App\fatfs.c_save
2026-01-22 19:50:04,361 [INFO] CodeEngine:279 - Generated code: C:\Users\brady\repos\UCI-Rocket-Project-Solids\flight-code\FATFS\App\fatfs.c
2026-01-22 19:50:04,376 [INFO] CodeEngine:255 - oldGeneratedFile, C:\Users\brady\repos\UCI-Rocket-Project-Solids\flight-code\FATFS\App\fatfs.h_save
2026-01-22 19:50:04,442 [INFO] CodeEngine:279 - Generated code: C:\Users\brady\repos\UCI-Rocket-Project-Solids\flight-code\FATFS\App\fatfs.h
2026-01-22 19:50:04,486 [INFO] CodeEngine:255 - oldGeneratedFile, C:\Users\brady\repos\UCI-Rocket-Project-Solids\flight-code\Core\Src\stm32h7xx_it.c_save
2026-01-22 19:50:04,605 [INFO] CodeEngine:279 - Generated code: C:\Users\brady\repos\UCI-Rocket-Project-Solids\flight-code\Core\Src\stm32h7xx_it.c
2026-01-22 19:50:04,636 [INFO] CodeEngine:255 - oldGeneratedFile, C:\Users\brady\repos\UCI-Rocket-Project-Solids\flight-code\Core\Inc\stm32h7xx_it.h_save
2026-01-22 19:50:04,690 [INFO] CodeEngine:279 - Generated code: C:\Users\brady\repos\UCI-Rocket-Project-Solids\flight-code\Core\Inc\stm32h7xx_it.h
2026-01-22 19:50:04,856 [INFO] CodeEngine:255 - oldGeneratedFile, C:\Users\brady\repos\UCI-Rocket-Project-Solids\flight-code\Core\Src\stm32h7xx_hal_msp.c_save
2026-01-22 19:50:04,950 [INFO] CodeEngine:279 - Generated code: C:\Users\brady\repos\UCI-Rocket-Project-Solids\flight-code\Core\Src\stm32h7xx_hal_msp.c
2026-01-22 19:50:04,972 [INFO] CodeEngine:255 - oldGeneratedFile, C:\Users\brady\repos\UCI-Rocket-Project-Solids\flight-code\MXTmpFiles\system.tmp_save
2026-01-22 19:50:05,027 [INFO] CodeEngine:279 - Generated code: C:\Users\brady\repos\UCI-Rocket-Project-Solids\flight-code\MXTmpFiles\system.tmp
2026-01-22 19:50:05,062 [INFO] CodeEngine:311 - oldGeneratedFile, C:\Users\brady\repos\UCI-Rocket-Project-Solids\flight-code\Core\Inc\stm32h7xx_hal_conf.h_save
2026-01-22 19:50:05,129 [INFO] CodeEngine:335 - Generated code: C:\Users\brady\repos\UCI-Rocket-Project-Solids\flight-code\Core\Inc\stm32h7xx_hal_conf.h
2026-01-22 19:50:05,163 [WARN] IPConfigManager:3554 - IP not found : USB_OTG
2026-01-22 19:50:05,176 [WARN] CodeGenerator:4002 - IP not found : null
2026-01-22 19:50:05,197 [INFO] CodeEngine:255 - oldGeneratedFile, C:\Users\brady\repos\UCI-Rocket-Project-Solids\flight-code\Core\Inc\main.h_save
2026-01-22 19:50:05,272 [INFO] CodeEngine:279 - Generated code: C:\Users\brady\repos\UCI-Rocket-Project-Solids\flight-code\Core\Inc\main.h
2026-01-22 19:50:05,291 [INFO] CodeEngine:255 - oldGeneratedFile, C:\Users\brady\repos\UCI-Rocket-Project-Solids\flight-code\Core\Src\main.c_save
2026-01-22 19:50:05,405 [INFO] CodeEngine:279 - Generated code: C:\Users\brady\repos\UCI-Rocket-Project-Solids\flight-code\Core\Src\main.c
2026-01-22 19:50:05,877 [INFO] ProjectBuilder:3249 - Time for Copy HAL[1] : 353mS.
2026-01-22 19:50:05,883 [INFO] ProjectBuilder:4828 - Project Generator version: 4.4.0-B60
2026-01-22 19:50:05,932 [INFO] ConfigFileManager:1531 - The Die is : DIE450
2026-01-22 19:50:05,944 [INFO] ApiDbMcu:508 - Load IP Config File for FREERTOS
2026-01-22 19:50:05,954 [INFO] ApiDbMcu:508 - Load IP Config File for LIBJPEG
2026-01-22 19:50:05,965 [INFO] ApiDbMcu:508 - Load IP Config File for LWIP
2026-01-22 19:50:05,980 [INFO] ApiDbMcu:508 - Load IP Config File for MBEDTLS
2026-01-22 19:50:05,993 [INFO] ApiDbMcu:508 - Load IP Config File for USB_DEVICE
2026-01-22 19:50:06,004 [INFO] ApiDbMcu:508 - Load IP Config File for USB_HOST
2026-01-22 19:50:06,542 [INFO] LogOutputStream:77 - [STDOUT_REDIRECT] 
2026-01-22 19:50:07,948 [INFO] ProjectBuilder:5097 - Time for Generating toolchain IDE Files: 2065mS.
2026-01-22 19:50:07,949 [INFO] ProjectBuilder:3107 - Time for Copy CMSIS : 1mS.
2026-01-22 19:50:07,951 [INFO] ProjectBuilder:3107 - Time for Copy CMSIS : 0mS.
2026-01-22 20:05:36,629 [INFO] WebApp:189 - Connection lost
2026-01-22 20:05:36,854 [INFO] WebApp:186 - Connection restablished
2026-01-22 20:25:29,072 [INFO] WebApp:189 - Connection lost
2026-01-22 20:25:29,177 [INFO] WebApp:186 - Connection restablished
2026-01-22 21:32:20,461 [ERROR] LogOutputStream:75 - [STDERR_REDIRECT] 
2026-01-22 21:32:20,462 [ERROR] LogOutputStream:75 - [STDERR_REDIRECT] 
