2026-01-18 00:29:47,574 [INFO] Activator:176 - 


2026-01-18 00:29:47,577 [INFO] Activator:177 - !SESSION log4j initialized
2026-01-18 00:29:52,068 [INFO] LogOutputStream:77 - [STDOUT_REDIRECT] 
2026-01-18 00:29:53,358 [INFO] ApplicationProperties:184 - Using Application install path: C:\ST\STM32CubeIDE_1.16.0\STM32CubeIDE\plugins\com.st.stm32cube.common.mx_6.12.0.202406281431
2026-01-18 00:29:53,390 [INFO] DbMcusXml:78 - Set database path to: C:\ST\STM32CubeIDE_1.16.0\STM32CubeIDE\plugins\com.st.stm32cube.common.mx_6.12.0.202406281431\\db\/mcu/
2026-01-18 00:29:53,390 [INFO] ApiDb:274 - Set plugin database path to: C:\ST\STM32CubeIDE_1.16.0\STM32CubeIDE\plugins\com.st.stm32cube.common.mx_6.12.0.202406281431\\db\/plugins/boardmanager/
2026-01-18 00:29:53,391 [WARN] ApiDb:259 - Overriding images path with different value:  => C:\ST\STM32CubeIDE_1.16.0\STM32CubeIDE\plugins\com.st.stm32cube.common.mx_6.12.0.202406281431\\db\/plugins/mcufinder/images/
2026-01-18 00:29:53,404 [INFO] ApiDb:250 - Set database path to: C:\Users\brady\.stmcufinder\plugins\mcufinder//mcu/
2026-01-18 00:29:53,405 [INFO] DbMcusAds:125 - Set database path to: C:\Users\brady\.stmcufinder\plugins\mcufinder//mcu/
2026-01-18 00:29:53,407 [INFO] CrossReferenceDbSqlite:203 - Set database path to: C:\Users\brady\.stmcufinder\plugins\mcufinder//mcu/cs/
2026-01-18 00:29:53,497 [INFO] RulesReader:64 - Compatibility file has been processed (297 Rules)
2026-01-18 00:29:53,550 [INFO] DbMcusXml:78 - Set database path to: C:\ST\STM32CubeIDE_1.16.0\STM32CubeIDE\plugins\com.st.stm32cube.common.mx_6.12.0.202406281431\\db\/mcu/
2026-01-18 00:29:53,550 [INFO] ApiDb:274 - Set plugin database path to: C:\ST\STM32CubeIDE_1.16.0\STM32CubeIDE\plugins\com.st.stm32cube.common.mx_6.12.0.202406281431\\db\/plugins/boardmanager/
2026-01-18 00:29:53,550 [INFO] ApiDb:261 - Set plugin images path to: C:\ST\STM32CubeIDE_1.16.0\STM32CubeIDE\plugins\com.st.stm32cube.common.mx_6.12.0.202406281431\\db\/plugins/mcufinder/images/
2026-01-18 00:29:53,550 [WARN] DbFile:41 - Overriding database path with different value: C:\Users\brady\.stmcufinder\plugins\mcufinder/ => C:\Users\brady\.stmcufinder\plugins\mcufinder
2026-01-18 00:29:53,550 [INFO] ApiDb:250 - Set database path to: C:\Users\brady\.stmcufinder\plugins\mcufinder//mcu/
2026-01-18 00:29:53,550 [WARN] DbFile:41 - Overriding database path with different value: C:\Users\brady\.stmcufinder\plugins\mcufinder/ => C:\Users\brady\.stmcufinder\plugins\mcufinder
2026-01-18 00:29:53,551 [INFO] DbMcusAds:125 - Set database path to: C:\Users\brady\.stmcufinder\plugins\mcufinder//mcu/
2026-01-18 00:29:53,551 [WARN] DbFile:41 - Overriding database path with different value: C:\Users\brady\.stmcufinder\plugins\mcufinder/ => C:\Users\brady\.stmcufinder\plugins\mcufinder
2026-01-18 00:29:53,551 [WARN] DbFile:41 - Overriding database path with different value: C:\Users\brady\.stmcufinder\plugins\mcufinder/ => C:\Users\brady\.stmcufinder\plugins\mcufinder
2026-01-18 00:29:53,551 [INFO] CrossReferenceDbSqlite:203 - Set database path to: C:\Users\brady\.stmcufinder\plugins\mcufinder//mcu/cs/
2026-01-18 00:29:53,605 [INFO] MainPanel:268 - HeapMemory: 279969792
2026-01-18 00:29:53,662 [INFO] DbMcusXml:78 - Set database path to: C:\ST\STM32CubeIDE_1.16.0\STM32CubeIDE\plugins\com.st.stm32cube.common.mx_6.12.0.202406281431\\db\/mcu/
2026-01-18 00:29:53,662 [INFO] ApiDb:274 - Set plugin database path to: C:\ST\STM32CubeIDE_1.16.0\STM32CubeIDE\plugins\com.st.stm32cube.common.mx_6.12.0.202406281431\\db\/plugins/boardmanager/
2026-01-18 00:29:53,662 [INFO] ApiDb:261 - Set plugin images path to: C:\ST\STM32CubeIDE_1.16.0\STM32CubeIDE\plugins\com.st.stm32cube.common.mx_6.12.0.202406281431\\db\/plugins/mcufinder/images/
2026-01-18 00:29:53,662 [WARN] DbFile:41 - Overriding database path with different value: C:\Users\brady\.stmcufinder\plugins\mcufinder/ => C:\Users\brady\.stmcufinder\plugins\mcufinder
2026-01-18 00:29:53,662 [INFO] ApiDb:250 - Set database path to: C:\Users\brady\.stmcufinder\plugins\mcufinder//mcu/
2026-01-18 00:29:53,662 [WARN] DbFile:41 - Overriding database path with different value: C:\Users\brady\.stmcufinder\plugins\mcufinder/ => C:\Users\brady\.stmcufinder\plugins\mcufinder
2026-01-18 00:29:53,663 [INFO] DbMcusAds:125 - Set database path to: C:\Users\brady\.stmcufinder\plugins\mcufinder//mcu/
2026-01-18 00:29:53,663 [WARN] DbFile:41 - Overriding database path with different value: C:\Users\brady\.stmcufinder\plugins\mcufinder/ => C:\Users\brady\.stmcufinder\plugins\mcufinder
2026-01-18 00:29:53,663 [WARN] DbFile:41 - Overriding database path with different value: C:\Users\brady\.stmcufinder\plugins\mcufinder/ => C:\Users\brady\.stmcufinder\plugins\mcufinder
2026-01-18 00:29:53,663 [INFO] CrossReferenceDbSqlite:203 - Set database path to: C:\Users\brady\.stmcufinder\plugins\mcufinder//mcu/cs/
2026-01-18 00:29:53,676 [INFO] ApplicationProperties:184 - Using Application install path: C:\ST\STM32CubeIDE_1.16.0\STM32CubeIDE\plugins\com.st.stm32cube.common.mx_6.12.0.202406281431
2026-01-18 00:29:53,677 [INFO] PluginManage:196 - Search for loadable plugins [exclusion list=, ]
2026-01-18 00:29:53,678 [INFO] PluginManage:310 - Check plugin analytics
2026-01-18 00:29:53,809 [INFO] AnalyticsPlugin:253 - Accepted Software Licenses: STM32CubeMX.6.12.1
2026-01-18 00:29:53,810 [INFO] AnalyticsPlugin:255 - Accepted CMSIS Pack Licenses: 
2026-01-18 00:29:53,810 [INFO] AnalyticsPlugin:257 - Accepted Firmware Licenses: FW.F4.1.28.0,FW.H7.1.11.0
2026-01-18 00:29:53,813 [INFO] PluginManage:359 - Loaded plugin analytics (category:tool,tabindex:-1)
2026-01-18 00:29:53,813 [INFO] PluginManage:310 - Check plugin cadmodel
2026-01-18 00:29:53,828 [INFO] CADModel:105 - Init CAD model plugin
2026-01-18 00:29:53,828 [INFO] PluginManage:359 - Loaded plugin cadmodel (category:power,tabindex:5)
2026-01-18 00:29:53,828 [INFO] PluginManage:310 - Check plugin clock
2026-01-18 00:29:53,845 [INFO] PluginManage:359 - Loaded plugin clock (category:base,tabindex:2)
2026-01-18 00:29:53,845 [INFO] PluginManage:310 - Check plugin ddr
2026-01-18 00:29:53,846 [INFO] PluginManage:359 - Loaded plugin ddr (category:tool,tabindex:6)
2026-01-18 00:29:53,847 [INFO] PluginManage:310 - Check plugin filemanager
2026-01-18 00:29:54,020 [INFO] PluginManage:359 - Loaded plugin filemanager (category:base,tabindex:10)
2026-01-18 00:29:54,020 [INFO] PluginManage:310 - Check plugin ipmanager
2026-01-18 00:29:54,029 [INFO] PluginManage:359 - Loaded plugin ipmanager (category:base,tabindex:5)
2026-01-18 00:29:54,029 [INFO] PluginManage:310 - Check plugin lpbam
2026-01-18 00:29:54,046 [INFO] PluginManage:359 - Loaded plugin lpbam (category:base,tabindex:0)
2026-01-18 00:29:54,046 [INFO] PluginManage:310 - Check plugin memorymap
2026-01-18 00:29:54,065 [INFO] PluginManage:359 - Loaded plugin memorymap (category:base,tabindex:4)
2026-01-18 00:29:54,065 [INFO] PluginManage:310 - Check plugin pinoutandconfiguration
2026-01-18 00:29:54,079 [INFO] PluginManage:359 - Loaded plugin pinoutandconfiguration (category:base,tabindex:1)
2026-01-18 00:29:54,079 [INFO] PluginManage:310 - Check plugin pinoutconfig
2026-01-18 00:29:54,143 [WARN] SupportedApi:132 - Cannot load RTOS API schema: s4s-elt-must-match.1: The content of 'definitions' must match (annotation?, (simpleType | complexType)?, (unique | key | keyref)*)). A problem was found starting at: attribute.
2026-01-18 00:29:54,232 [INFO] PluginManage:359 - Loaded plugin pinoutconfig (category:base,tabindex:0)
2026-01-18 00:29:54,232 [INFO] PluginManage:310 - Check plugin power
2026-01-18 00:29:54,248 [INFO] PluginManage:359 - Loaded plugin power (category:power,tabindex:4)
2026-01-18 00:29:54,248 [INFO] PluginManage:310 - Check plugin projectmanager
2026-01-18 00:29:54,258 [INFO] PluginManage:359 - Loaded plugin projectmanager (category:projectmanager,tabindex:4)
2026-01-18 00:29:54,258 [INFO] PluginManage:310 - Check plugin rif
2026-01-18 00:29:54,274 [INFO] PluginManage:359 - Loaded plugin rif (category:base,tabindex:3)
2026-01-18 00:29:54,274 [INFO] PluginManage:310 - Check plugin thirdparty
2026-01-18 00:29:54,500 [INFO] PluginManage:359 - Loaded plugin thirdparty (category:base,tabindex:-1)
2026-01-18 00:29:54,500 [WARN] IntegrityCheckThread:84 - waiting for thirdparty lock release [integrity check]
2026-01-18 00:29:54,500 [INFO] PluginManage:310 - Check plugin tools
2026-01-18 00:29:54,500 [INFO] IntegrityCheckThread:86 - entering critical section [integrity check]
2026-01-18 00:29:54,500 [INFO] ThirdPartyUpdaterWithRetryManager:70 - Updater plugin not ready yet. [1/15]
2026-01-18 00:29:54,535 [INFO] PluginManage:359 - Loaded plugin tools (category:base,tabindex:7)
2026-01-18 00:29:54,535 [INFO] PluginManage:310 - Check plugin tutovideos
2026-01-18 00:29:54,663 [INFO] PluginManage:359 - Loaded plugin tutovideos (category:base,tabindex:-1)
2026-01-18 00:29:54,663 [INFO] PluginManage:310 - Check plugin updater
2026-01-18 00:29:54,674 [INFO] PluginManage:359 - Loaded plugin updater (category:base,tabindex:12)
2026-01-18 00:29:54,675 [INFO] PluginManage:310 - Check plugin userauth
2026-01-18 00:29:54,679 [INFO] UserAuth:113 - Init User Auth plugin
2026-01-18 00:29:54,679 [INFO] PluginManage:359 - Loaded plugin userauth (category:base,tabindex:14)
2026-01-18 00:29:54,679 [INFO] PluginManage:283 - PluginManage : Loaded plugins [18]
2026-01-18 00:29:54,814 [INFO] PinOutPanel:1561 - setPackage(No Configuration,No Configuration)
2026-01-18 00:29:54,905 [INFO] CADModel:165 - CPN selected for project level
2026-01-18 00:29:54,905 [INFO] CADModel:114 - Register for checkConnection events
2026-01-18 00:29:54,928 [INFO] IPUIPlugin:80 - create IPUIPlugin
2026-01-18 00:29:54,929 [INFO] PluginManager:220 - loadIPPluginJar : add adc
2026-01-18 00:29:54,971 [INFO] IPUIPlugin:80 - create IPUIPlugin
2026-01-18 00:29:54,971 [INFO] PluginManager:220 - loadIPPluginJar : add aes
2026-01-18 00:29:55,020 [INFO] IPUIPlugin:80 - create IPUIPlugin
2026-01-18 00:29:55,020 [INFO] PluginManager:220 - loadIPPluginJar : add can
2026-01-18 00:29:55,049 [INFO] IPUIPlugin:80 - create IPUIPlugin
2026-01-18 00:29:55,049 [INFO] PluginManager:220 - loadIPPluginJar : add comp
2026-01-18 00:29:55,087 [INFO] IPUIPlugin:80 - create IPUIPlugin
2026-01-18 00:29:55,088 [INFO] PluginManager:220 - loadIPPluginJar : add cryp
2026-01-18 00:29:55,098 [INFO] IPUIPlugin:80 - create IPUIPlugin
2026-01-18 00:29:55,098 [INFO] PluginManager:220 - loadIPPluginJar : add ddr_ctrl_phy
2026-01-18 00:29:55,121 [INFO] IPUIPlugin:80 - create IPUIPlugin
2026-01-18 00:29:55,121 [INFO] PluginManager:220 - loadIPPluginJar : add dfsdm
2026-01-18 00:29:55,130 [INFO] IPUIPlugin:80 - create IPUIPlugin
2026-01-18 00:29:55,131 [INFO] PluginManager:220 - loadIPPluginJar : add dma
2026-01-18 00:29:55,170 [INFO] IPUIPlugin:80 - create IPUIPlugin
2026-01-18 00:29:55,171 [INFO] PluginManager:220 - loadIPPluginJar : add dma3
2026-01-18 00:29:55,210 [INFO] IPUIPlugin:80 - create IPUIPlugin
2026-01-18 00:29:55,210 [INFO] PluginManager:220 - loadIPPluginJar : add extmemmanager
2026-01-18 00:29:55,233 [INFO] IPUIPlugin:80 - create IPUIPlugin
2026-01-18 00:29:55,233 [INFO] PluginManager:220 - loadIPPluginJar : add fatfs
2026-01-18 00:29:55,281 [INFO] IPUIPlugin:80 - create IPUIPlugin
2026-01-18 00:29:55,281 [INFO] PluginManager:220 - loadIPPluginJar : add fmc
2026-01-18 00:29:55,293 [INFO] IPUIPlugin:80 - create IPUIPlugin
2026-01-18 00:29:55,293 [INFO] PluginManager:220 - loadIPPluginJar : add freertos
2026-01-18 00:29:55,311 [INFO] IPUIPlugin:80 - create IPUIPlugin
2026-01-18 00:29:55,311 [INFO] PluginManager:220 - loadIPPluginJar : add genericplugin
2026-01-18 00:29:55,383 [INFO] IPUIPlugin:80 - create IPUIPlugin
2026-01-18 00:29:55,383 [INFO] PluginManager:220 - loadIPPluginJar : add gfxmmu
2026-01-18 00:29:55,497 [INFO] IPUIPlugin:80 - create IPUIPlugin
2026-01-18 00:29:55,497 [INFO] PluginManager:220 - loadIPPluginJar : add gic
2026-01-18 00:29:55,508 [INFO] IPUIPlugin:80 - create IPUIPlugin
2026-01-18 00:29:55,508 [INFO] PluginManager:220 - loadIPPluginJar : add gpio
2026-01-18 00:29:55,589 [INFO] IPUIPlugin:80 - create IPUIPlugin
2026-01-18 00:29:55,589 [INFO] PluginManager:220 - loadIPPluginJar : add gtzc
2026-01-18 00:29:55,620 [INFO] IPUIPlugin:80 - create IPUIPlugin
2026-01-18 00:29:55,620 [INFO] PluginManager:220 - loadIPPluginJar : add hash
2026-01-18 00:29:55,667 [INFO] IPUIPlugin:80 - create IPUIPlugin
2026-01-18 00:29:55,667 [INFO] PluginManager:220 - loadIPPluginJar : add i2c
2026-01-18 00:29:55,709 [INFO] IPUIPlugin:80 - create IPUIPlugin
2026-01-18 00:29:55,710 [INFO] PluginManager:220 - loadIPPluginJar : add i2s
2026-01-18 00:29:55,748 [INFO] IPUIPlugin:80 - create IPUIPlugin
2026-01-18 00:29:55,748 [INFO] PluginManager:220 - loadIPPluginJar : add i3c
2026-01-18 00:29:55,837 [INFO] IPUIPlugin:80 - create IPUIPlugin
2026-01-18 00:29:55,837 [INFO] PluginManager:220 - loadIPPluginJar : add ipddr
2026-01-18 00:29:55,912 [INFO] IPUIPlugin:80 - create IPUIPlugin
2026-01-18 00:29:55,912 [INFO] PluginManager:220 - loadIPPluginJar : add linkedlist
2026-01-18 00:29:55,943 [INFO] IPUIPlugin:80 - create IPUIPlugin
2026-01-18 00:29:55,943 [INFO] PluginManager:220 - loadIPPluginJar : add lorawan
2026-01-18 00:29:55,980 [INFO] IPUIPlugin:80 - create IPUIPlugin
2026-01-18 00:29:55,980 [INFO] PluginManager:220 - loadIPPluginJar : add ltdc
2026-01-18 00:29:56,009 [INFO] IPUIPlugin:80 - create IPUIPlugin
2026-01-18 00:29:56,009 [INFO] PluginManager:220 - loadIPPluginJar : add mdma
2026-01-18 00:29:56,034 [INFO] IPUIPlugin:80 - create IPUIPlugin
2026-01-18 00:29:56,034 [INFO] PluginManager:220 - loadIPPluginJar : add nvic
2026-01-18 00:29:56,171 [INFO] IPUIPlugin:80 - create IPUIPlugin
2026-01-18 00:29:56,171 [INFO] PluginManager:220 - loadIPPluginJar : add opamp
2026-01-18 00:29:56,381 [INFO] IPUIPlugin:80 - create IPUIPlugin
2026-01-18 00:29:56,381 [INFO] PluginManager:220 - loadIPPluginJar : add openamp
2026-01-18 00:29:56,530 [INFO] IPUIPlugin:80 - create IPUIPlugin
2026-01-18 00:29:56,530 [INFO] PluginManager:220 - loadIPPluginJar : add pdm2pcm
2026-01-18 00:29:56,553 [INFO] IPUIPlugin:80 - create IPUIPlugin
2026-01-18 00:29:56,555 [INFO] PluginManager:220 - loadIPPluginJar : add plateformsettings
2026-01-18 00:29:56,606 [INFO] IPUIPlugin:80 - create IPUIPlugin
2026-01-18 00:29:56,607 [INFO] PluginManager:220 - loadIPPluginJar : add quadspi
2026-01-18 00:29:56,673 [INFO] IPUIPlugin:80 - create IPUIPlugin
2026-01-18 00:29:56,674 [INFO] PluginManager:220 - loadIPPluginJar : add radio
2026-01-18 00:29:56,703 [INFO] IPUIPlugin:80 - create IPUIPlugin
2026-01-18 00:29:56,703 [INFO] PluginManager:220 - loadIPPluginJar : add resmgrutility
2026-01-18 00:29:56,876 [INFO] IPUIPlugin:80 - create IPUIPlugin
2026-01-18 00:29:56,876 [INFO] PluginManager:220 - loadIPPluginJar : add sai
2026-01-18 00:29:57,018 [INFO] IPUIPlugin:80 - create IPUIPlugin
2026-01-18 00:29:57,019 [INFO] PluginManager:220 - loadIPPluginJar : add spi
2026-01-18 00:29:57,287 [INFO] IPUIPlugin:80 - create IPUIPlugin
2026-01-18 00:29:57,287 [INFO] PluginManager:220 - loadIPPluginJar : add stm32_wpan
2026-01-18 00:29:57,381 [INFO] IPUIPlugin:80 - create IPUIPlugin
2026-01-18 00:29:57,381 [INFO] PluginManager:220 - loadIPPluginJar : add tim
2026-01-18 00:29:57,503 [INFO] ThirdPartyUpdaterWithRetryManager:70 - Updater plugin not ready yet. [2/15]
2026-01-18 00:29:57,613 [INFO] IPUIPlugin:80 - create IPUIPlugin
2026-01-18 00:29:57,614 [INFO] PluginManager:220 - loadIPPluginJar : add touchsensing
2026-01-18 00:29:57,691 [INFO] IPUIPlugin:80 - create IPUIPlugin
2026-01-18 00:29:57,691 [INFO] PluginManager:220 - loadIPPluginJar : add tracer_emb
2026-01-18 00:29:57,799 [INFO] IPUIPlugin:80 - create IPUIPlugin
2026-01-18 00:29:57,800 [INFO] PluginManager:220 - loadIPPluginJar : add ts
2026-01-18 00:29:57,876 [INFO] IPUIPlugin:80 - create IPUIPlugin
2026-01-18 00:29:57,876 [INFO] PluginManager:220 - loadIPPluginJar : add tsc
2026-01-18 00:29:57,953 [INFO] IPUIPlugin:80 - create IPUIPlugin
2026-01-18 00:29:57,953 [INFO] PluginManager:220 - loadIPPluginJar : add ucpd
2026-01-18 00:29:58,104 [INFO] IPUIPlugin:80 - create IPUIPlugin
2026-01-18 00:29:58,104 [INFO] PluginManager:220 - loadIPPluginJar : add usart
2026-01-18 00:29:58,251 [INFO] IPUIPlugin:80 - create IPUIPlugin
2026-01-18 00:29:58,251 [INFO] PluginManager:220 - loadIPPluginJar : add usbx
2026-01-18 00:29:58,404 [INFO] CADModel:165 - CPN selected for project level
2026-01-18 00:29:58,404 [INFO] CADModel:114 - Register for checkConnection events
2026-01-18 00:29:58,404 [FATAL] Updater:334 - Updater called before beeing initialized
2026-01-18 00:29:58,404 [ERROR] CADModel:125 - Updater not yet initialized, retry later 
2026-01-18 00:29:58,471 [INFO] CADModel:165 - CPN selected for project level
2026-01-18 00:29:58,471 [INFO] CADModel:114 - Register for checkConnection events
2026-01-18 00:29:58,471 [FATAL] Updater:334 - Updater called before beeing initialized
2026-01-18 00:29:58,471 [ERROR] CADModel:125 - Updater not yet initialized, retry later 
2026-01-18 00:29:58,473 [FATAL] Updater:334 - Updater called before beeing initialized
2026-01-18 00:29:58,541 [FATAL] Updater:334 - Updater called before beeing initialized
2026-01-18 00:29:58,569 [INFO] DbMcusAds:53 - JSON generation date=Mon Dec 15 15:11:46 PST 2025 (1765840306612)
2026-01-18 00:29:58,569 [FATAL] Updater:334 - Updater called before beeing initialized
2026-01-18 00:29:58,595 [WARN] DetailPanel:346 - Failed to get advertising image, set to default
2026-01-18 00:29:58,656 [FATAL] Updater:334 - Updater called before beeing initialized
2026-01-18 00:29:58,657 [FATAL] Updater:334 - Updater called before beeing initialized
2026-01-18 00:29:58,658 [FATAL] Updater:334 - Updater called before beeing initialized
2026-01-18 00:29:58,658 [WARN] DetailPanel:346 - Failed to get advertising image, set to default
2026-01-18 00:29:58,658 [FATAL] Updater:334 - Updater called before beeing initialized
2026-01-18 00:29:58,724 [ERROR] Updater:1164 - MainUpdater not yet initialized. External WinMGr cannot be set.
2026-01-18 00:29:58,749 [INFO] Updater:1100 - Updater Version found : 6.12.0
2026-01-18 00:29:58,758 [INFO] ApplicationProperties:184 - Using Application install path: C:\ST\STM32CubeIDE_1.16.0\STM32CubeIDE\plugins\com.st.stm32cube.common.mx_6.12.0.202406281431
2026-01-18 00:30:00,352 [ERROR] LogOutputStream:75 - [STDERR_REDIRECT] Jan 18, 2026 12:30:00 AM java.util.prefs.WindowsPreferences <init>
2026-01-18 00:30:00,353 [ERROR] LogOutputStream:75 - [STDERR_REDIRECT] WARNING: Could not open/create prefs root node Software\JavaSoft\Prefs at root 0xffffffff80000002. Windows RegCreateKeyEx(...) returned error code 5.
2026-01-18 00:30:00,353 [ERROR] LogOutputStream:75 - [STDERR_REDIRECT] 
2026-01-18 00:30:00,506 [INFO] ThirdPartyUpdaterWithRetryManager:70 - Updater plugin not ready yet. [3/15]
2026-01-18 00:30:00,797 [INFO] MainUpdater:2873 - connection check result : 10
2026-01-18 00:30:00,798 [INFO] MainUpdater:290 - Updater Check For Update Now.
2026-01-18 00:30:00,798 [INFO] MicroXplorer:498 - Change Database Version : DB.6.0.120
2026-01-18 00:30:00,822 [INFO] McuFinderGlobals:63 - Set McuFinder mode to 2 (CubeIDE integrated)
2026-01-18 00:30:00,822 [INFO] UserAuth:179 - activating auth plugin
2026-01-18 00:30:00,825 [INFO] UserAuth:417 - Internet connection configuration mode: 1
2026-01-18 00:30:00,875 [INFO] JxBrowserEngine:152 - Initiate JxBrowser Engine with user profile folder
2026-01-18 00:30:01,031 [INFO] CheckServerUpdateThread:120 - End of CheckServer Thread
2026-01-18 00:30:03,677 [WARN] PackLoader:240 - Cannot read IP mode file for STMicroelectronics.FP-SNS-MOTENVWB1.1.4.0
2026-01-18 00:30:03,711 [WARN] PackLoader:240 - Cannot read IP mode file for STMicroelectronics.FP-ATR-ASTRA1.2.0.2
2026-01-18 00:30:03,737 [WARN] PackLoader:240 - Cannot read IP mode file for STMicroelectronics.FP-ATR-ASTRA1.2.0.1
2026-01-18 00:30:03,775 [WARN] PackLoader:240 - Cannot read IP mode file for STMicroelectronics.X-CUBE-SMBUS.2.1.0
2026-01-18 00:30:03,814 [WARN] PackLoader:240 - Cannot read IP mode file for STMicroelectronics.X-CUBE-WB05N.1.1.0
2026-01-18 00:30:03,840 [ERROR] Engine:466 - C:\Users\brady\.stm32cubemx\thirdparties\pdsc\STMicroelectronics.X-CUBE-ST60.1.0.0.pdsc: PDSC version is not supported
2026-01-18 00:30:03,909 [WARN] PackLoader:240 - Cannot read IP mode file for STMicroelectronics.X-CUBE-AZRTOS-F7.1.1.0
2026-01-18 00:30:03,959 [WARN] PackLoader:240 - Cannot read IP mode file for STMicroelectronics.X-CUBE-MEMS1.11.0.0
2026-01-18 00:30:04,082 [ERROR] Engine:466 - C:\Users\brady\.stm32cubemx\thirdparties\pdsc\STMicroelectronics.FP-SNS-MOTENV1.5.1.0.pdsc: PDSC version is not supported
2026-01-18 00:30:04,102 [WARN] PackLoader:240 - Cannot read IP mode file for STMicroelectronics.FP-SNS-FLIGHT1.5.0.2
2026-01-18 00:30:04,134 [WARN] PackLoader:240 - Cannot read IP mode file for STMicroelectronics.X-CUBE-AZRTOS-H7.3.4.0
2026-01-18 00:30:04,160 [WARN] PackLoader:240 - Cannot read IP mode file for STMicroelectronics.X-CUBE-DISPLAY.3.0.0
2026-01-18 00:30:04,180 [WARN] PackLoader:240 - Cannot read IP mode file for STMicroelectronics.X-CUBE-BLE1.7.0.0
2026-01-18 00:30:04,207 [WARN] PackLoader:240 - Cannot read IP mode file for STMicroelectronics.X-CUBE-NFC10.1.0.0
2026-01-18 00:30:04,239 [WARN] PackLoader:240 - Cannot read IP mode file for STMicroelectronics.X-CUBE-BLEMGR.4.0.0
2026-01-18 00:30:04,253 [ERROR] Engine:466 - C:\Users\brady\.stm32cubemx\thirdparties\pdsc\STMicroelectronics.X-CUBE-ST60.1.1.0.pdsc: PDSC version is not supported
2026-01-18 00:30:04,286 [WARN] PackLoader:240 - Cannot read IP mode file for emotas.I-CUBE-CANOPEN.1.3.0
2026-01-18 00:30:04,306 [WARN] PackLoader:240 - Cannot read IP mode file for STMicroelectronics.X-CUBE-GNSS1.7.1.0
2026-01-18 00:30:04,326 [WARN] PackLoader:240 - Cannot read IP mode file for STMicroelectronics.X-CUBE-BLEMGR.3.1.0
2026-01-18 00:30:04,341 [WARN] PackLoader:240 - Cannot read IP mode file for STMicroelectronics.X-CUBE-AI.10.0.0
2026-01-18 00:30:04,357 [ERROR] Engine:466 - C:\Users\brady\.stm32cubemx\thirdparties\pdsc\STMicroelectronics.FP-SNS-STBOX1.2.1.0.pdsc: PDSC version is not supported
2026-01-18 00:30:04,377 [WARN] PackLoader:240 - Cannot read IP mode file for STMicroelectronics.FP-SNS-SMARTAG2.1.2.0
2026-01-18 00:30:04,394 [ERROR] Engine:466 - C:\Users\brady\.stm32cubemx\thirdparties\pdsc\STMicroelectronics.FP-SNS-FLIGHT1.5.1.0.pdsc: PDSC version is not supported
2026-01-18 00:30:04,436 [WARN] PackLoader:240 - Cannot read IP mode file for STMicroelectronics.X-CUBE-MEMS1.11.1.0
2026-01-18 00:30:04,535 [INFO] LogOutputStream:77 - [STDOUT_REDIRECT] 1 : Invalid condition id : UX_CORESTACK_Condition cause : null
2026-01-18 00:30:04,536 [INFO] LogOutputStream:77 - [STDOUT_REDIRECT] 1 : Invalid condition id : UX_CORESTACK_Condition cause : null
2026-01-18 00:30:04,537 [INFO] LogOutputStream:77 - [STDOUT_REDIRECT] 1 : Invalid condition id : UX_CORESTACK_Condition cause : null
2026-01-18 00:30:04,537 [INFO] LogOutputStream:77 - [STDOUT_REDIRECT] 1 : Invalid condition id : UX_CORESTACK_Condition cause : null
2026-01-18 00:30:04,539 [INFO] LogOutputStream:77 - [STDOUT_REDIRECT] 1 : Invalid condition id : UX_CORESTACK_Condition cause : null
2026-01-18 00:30:04,542 [WARN] PackLoader:240 - Cannot read IP mode file for STMicroelectronics.X-CUBE-AZRTOS-WL.2.0.0
2026-01-18 00:30:04,559 [WARN] PackLoader:240 - Cannot read IP mode file for STMicroelectronics.FP-SNS-MOTENV1.5.0.0
2026-01-18 00:30:04,596 [WARN] PackLoader:240 - Cannot read IP mode file for STMicroelectronics.X-CUBE-AZRTOS-H7RS.1.2.0
2026-01-18 00:30:04,616 [WARN] PackLoader:240 - Cannot read IP mode file for wolfSSL.I-CUBE-wolfMQTT.1.19.0
2026-01-18 00:30:04,645 [WARN] PackLoader:240 - Cannot read IP mode file for WES.I-CUBE-Cesium.1.3.0
2026-01-18 00:30:04,663 [WARN] PackLoader:240 - Cannot read IP mode file for STMicroelectronics.X-CUBE-BLE2.3.3.0
2026-01-18 00:30:04,677 [ERROR] Engine:466 - C:\Users\brady\.stm32cubemx\thirdparties\pdsc\Avnet-IOTCONNECT.X-CUBE-iotc-st67-sdk.1.0.0.pdsc: PDSC version is not supported
2026-01-18 00:30:04,695 [WARN] PackLoader:240 - Cannot read IP mode file for STMicroelectronics.X-CUBE-NFC9.1.0.0
2026-01-18 00:30:04,714 [WARN] PackLoader:240 - Cannot read IP mode file for STMicroelectronics.X-CUBE-BLE1.7.1.0
2026-01-18 00:30:04,736 [WARN] PackLoader:240 - Cannot read IP mode file for STMicroelectronics.X-CUBE-TCPP.4.1.0
2026-01-18 00:30:04,767 [ERROR] Engine:466 - C:\Users\brady\.stm32cubemx\thirdparties\pdsc\STMicroelectronics.X-CUBE-FREERTOS.1.4.0.pdsc: PDSC version is not supported
2026-01-18 00:30:04,787 [WARN] PackLoader:240 - Cannot read IP mode file for STMicroelectronics.X-CUBE-EEPRMA1.5.2.0
2026-01-18 00:30:04,812 [ERROR] Engine:466 - C:\Users\brady\.stm32cubemx\thirdparties\pdsc\STMicroelectronics.X-CUBE-ST67W61.1.1.0.pdsc: PDSC version is not supported
2026-01-18 00:30:04,840 [WARN] PackLoader:240 - Cannot read IP mode file for STMicroelectronics.X-CUBE-AI.10.1.0
2026-01-18 00:30:04,885 [WARN] PackLoader:240 - Cannot read IP mode file for STMicroelectronics.X-CUBE-MEMS1.12.0.0
2026-01-18 00:30:04,977 [WARN] PackLoader:240 - Cannot read IP mode file for STMicroelectronics.X-CUBE-MEMS1.11.2.0
2026-01-18 00:30:05,108 [WARN] PackLoader:240 - Cannot read IP mode file for STMicroelectronics.X-CUBE-AZRTOS-G0.1.1.0
2026-01-18 00:30:05,131 [WARN] PackLoader:240 - Cannot read IP mode file for STMicroelectronics.X-CUBE-SAFEA1.1.2.2
2026-01-18 00:30:05,145 [WARN] PackLoader:240 - Cannot read IP mode file for STMicroelectronics.X-CUBE-NFC4.3.0.0
2026-01-18 00:30:05,177 [WARN] PackLoader:240 - Cannot read IP mode file for EmbeddedOffice.I-CUBE-FS-RTOS.1.0.1
2026-01-18 00:30:05,178 [ERROR] ConditionMgr:805 - Attr not supported : Dmpu
2026-01-18 00:30:05,178 [ERROR] ConditionMgr:805 - Attr not supported : Dmpu
2026-01-18 00:30:05,178 [ERROR] ConditionMgr:805 - Attr not supported : Dmpu
2026-01-18 00:30:05,178 [ERROR] ConditionMgr:805 - Attr not supported : Dmpu
2026-01-18 00:30:05,178 [ERROR] ConditionMgr:805 - Attr not supported : Dmpu
2026-01-18 00:30:05,178 [ERROR] ConditionMgr:805 - Attr not supported : Dmpu
2026-01-18 00:30:05,178 [ERROR] ConditionMgr:805 - Attr not supported : Dmpu
2026-01-18 00:30:05,178 [ERROR] ConditionMgr:805 - Attr not supported : Dmpu
2026-01-18 00:30:05,178 [ERROR] ConditionMgr:805 - Attr not supported : Dmpu
2026-01-18 00:30:05,178 [ERROR] ConditionMgr:805 - Attr not supported : Dmpu
2026-01-18 00:30:05,178 [ERROR] ConditionMgr:805 - Attr not supported : Dmpu
2026-01-18 00:30:05,178 [ERROR] ConditionMgr:805 - Attr not supported : Dmpu
2026-01-18 00:30:05,178 [ERROR] ConditionMgr:805 - Attr not supported : Dmpu
2026-01-18 00:30:05,178 [ERROR] ConditionMgr:805 - Attr not supported : Dmpu
2026-01-18 00:30:05,178 [ERROR] ConditionMgr:805 - Attr not supported : Dmpu
2026-01-18 00:30:05,178 [ERROR] ConditionMgr:805 - Attr not supported : Dmpu
2026-01-18 00:30:05,178 [ERROR] ConditionMgr:805 - Attr not supported : Dmpu
2026-01-18 00:30:05,178 [ERROR] ConditionMgr:805 - Attr not supported : Dmpu
2026-01-18 00:30:05,178 [ERROR] ConditionMgr:805 - Attr not supported : Dmpu
2026-01-18 00:30:05,178 [ERROR] ConditionMgr:805 - Attr not supported : Dmpu
2026-01-18 00:30:05,178 [ERROR] ConditionMgr:805 - Attr not supported : Dmpu
2026-01-18 00:30:05,178 [ERROR] ConditionMgr:805 - Attr not supported : Dmpu
2026-01-18 00:30:05,178 [ERROR] ConditionMgr:805 - Attr not supported : Dmpu
2026-01-18 00:30:05,178 [ERROR] ConditionMgr:805 - Attr not supported : Dmpu
2026-01-18 00:30:05,178 [ERROR] ConditionMgr:805 - Attr not supported : Dmpu
2026-01-18 00:30:05,178 [ERROR] ConditionMgr:805 - Attr not supported : Dmpu
2026-01-18 00:30:05,178 [ERROR] ConditionMgr:805 - Attr not supported : Dmpu
2026-01-18 00:30:05,178 [ERROR] ConditionMgr:805 - Attr not supported : Dmpu
2026-01-18 00:30:05,178 [ERROR] ConditionMgr:805 - Attr not supported : Dmpu
2026-01-18 00:30:05,178 [ERROR] ConditionMgr:805 - Attr not supported : Dmpu
2026-01-18 00:30:05,178 [ERROR] ConditionMgr:805 - Attr not supported : Dmpu
2026-01-18 00:30:05,179 [ERROR] ConditionMgr:805 - Attr not supported : Dmpu
2026-01-18 00:30:05,179 [ERROR] ConditionMgr:805 - Attr not supported : Dmpu
2026-01-18 00:30:05,179 [ERROR] ConditionMgr:805 - Attr not supported : Dmpu
2026-01-18 00:30:05,179 [ERROR] ConditionMgr:805 - Attr not supported : Dmpu
2026-01-18 00:30:05,179 [ERROR] ConditionMgr:805 - Attr not supported : Dmpu
2026-01-18 00:30:05,179 [ERROR] ConditionMgr:805 - Attr not supported : Dmpu
2026-01-18 00:30:05,179 [ERROR] ConditionMgr:805 - Attr not supported : Dmpu
2026-01-18 00:30:05,179 [ERROR] ConditionMgr:805 - Attr not supported : Dmpu
2026-01-18 00:30:05,179 [ERROR] ConditionMgr:805 - Attr not supported : Dmpu
2026-01-18 00:30:05,179 [ERROR] ConditionMgr:805 - Attr not supported : Dmpu
2026-01-18 00:30:05,179 [ERROR] ConditionMgr:805 - Attr not supported : Dmpu
2026-01-18 00:30:05,179 [ERROR] ConditionMgr:805 - Attr not supported : Dmpu
2026-01-18 00:30:05,179 [ERROR] ConditionMgr:805 - Attr not supported : Dmpu
2026-01-18 00:30:05,179 [ERROR] ConditionMgr:805 - Attr not supported : Dmpu
2026-01-18 00:30:05,179 [ERROR] ConditionMgr:805 - Attr not supported : Dmpu
2026-01-18 00:30:05,179 [ERROR] ConditionMgr:805 - Attr not supported : Dmpu
2026-01-18 00:30:05,179 [ERROR] ConditionMgr:805 - Attr not supported : Dmpu
2026-01-18 00:30:05,179 [ERROR] ConditionMgr:805 - Attr not supported : Dmpu
2026-01-18 00:30:05,179 [ERROR] ConditionMgr:805 - Attr not supported : Dmpu
2026-01-18 00:30:05,179 [ERROR] ConditionMgr:805 - Attr not supported : Dmpu
2026-01-18 00:30:05,179 [ERROR] ConditionMgr:805 - Attr not supported : Dmpu
2026-01-18 00:30:05,179 [ERROR] ConditionMgr:805 - Attr not supported : Dmpu
2026-01-18 00:30:05,179 [ERROR] ConditionMgr:805 - Attr not supported : Dmpu
2026-01-18 00:30:05,179 [ERROR] ConditionMgr:805 - Attr not supported : Dmpu
2026-01-18 00:30:05,179 [ERROR] ConditionMgr:805 - Attr not supported : Dmpu
2026-01-18 00:30:05,179 [ERROR] ConditionMgr:805 - Attr not supported : Dmpu
2026-01-18 00:30:05,179 [ERROR] ConditionMgr:805 - Attr not supported : Dmpu
2026-01-18 00:30:05,179 [ERROR] ConditionMgr:805 - Attr not supported : Dmpu
2026-01-18 00:30:05,179 [ERROR] ConditionMgr:805 - Attr not supported : Dmpu
2026-01-18 00:30:05,179 [ERROR] ConditionMgr:805 - Attr not supported : Dmpu
2026-01-18 00:30:05,179 [ERROR] ConditionMgr:805 - Attr not supported : Dmpu
2026-01-18 00:30:05,179 [ERROR] ConditionMgr:805 - Attr not supported : Dmpu
2026-01-18 00:30:05,179 [ERROR] ConditionMgr:805 - Attr not supported : Dmpu
2026-01-18 00:30:05,199 [WARN] PackLoader:240 - Cannot read IP mode file for STMicroelectronics.X-CUBE-WB05N.2.0.0
2026-01-18 00:30:05,213 [ERROR] Engine:466 - C:\Users\brady\.stm32cubemx\thirdparties\pdsc\STMicroelectronics.X-CUBE-TCPP.4.2.0.pdsc: PDSC version is not supported
2026-01-18 00:30:05,227 [WARN] PackLoader:240 - Cannot read IP mode file for RealThread.X-CUBE-RT-Thread_Nano.4.1.1
2026-01-18 00:30:05,247 [WARN] PackLoader:240 - Cannot read IP mode file for STMicroelectronics.FP-ATR-SIGFOX1.3.2.0
2026-01-18 00:30:05,264 [WARN] PackLoader:240 - Cannot read IP mode file for wolfSSL.I-CUBE-wolfSSL.5.7.2
2026-01-18 00:30:05,280 [WARN] ConditionMgr:438 - getConditionDescription Invalid condition id : Cortex-A Device cause : null
2026-01-18 00:30:05,312 [WARN] ConditionMgr:1039 - genDependencies : Invalid condition id : Cortex-A Device cause : null
2026-01-18 00:30:05,313 [WARN] ConditionMgr:1039 - genDependencies : Invalid condition id : Cortex-A Device cause : null
2026-01-18 00:30:05,313 [WARN] ConditionMgr:1039 - genDependencies : Invalid condition id : Cortex-A Device cause : null
2026-01-18 00:30:05,343 [WARN] PackLoader:240 - Cannot read IP mode file for STMicroelectronics.X-CUBE-EEPRMA1.5.1.0
2026-01-18 00:30:05,364 [WARN] PackLoader:240 - Cannot read IP mode file for ITTIA_DB.I-CUBE-ITTIADB.8.9.0
2026-01-18 00:30:05,385 [ERROR] Engine:466 - C:\Users\brady\.stm32cubemx\thirdparties\pdsc\STMicroelectronics.X-CUBE-ST67W61.1.0.0.pdsc: PDSC version is not supported
2026-01-18 00:30:05,401 [WARN] PackLoader:240 - Cannot read IP mode file for STMicroelectronics.X-CUBE-AI.10.2.0
2026-01-18 00:30:05,437 [WARN] PackLoader:240 - Cannot read IP mode file for SEGGER.I-CUBE-embOS.1.3.1
2026-01-18 00:30:05,474 [WARN] PackLoader:240 - Cannot read IP mode file for STMicroelectronics.X-CUBE-ALGOBUILD.1.4.0
2026-01-18 00:30:05,516 [WARN] PackLoader:240 - Cannot read IP mode file for STMicroelectronics.X-CUBE-MEMS1.11.3.0
2026-01-18 00:30:05,621 [WARN] PackLoader:240 - Cannot read IP mode file for STMicroelectronics.X-CUBE-AI.9.1.0
2026-01-18 00:30:05,641 [WARN] PackLoader:240 - Cannot read IP mode file for STMicroelectronics.X-CUBE-PM33A1.1.0.0
2026-01-18 00:30:05,659 [WARN] PackLoader:240 - Cannot read IP mode file for STMicroelectronics.X-CUBE-GNSS1.6.0.0
2026-01-18 00:30:05,688 [WARN] PackLoader:240 - Cannot read IP mode file for STMicroelectronics.X-CUBE-AZRTOS-F4.1.1.0
2026-01-18 00:30:05,706 [ERROR] Engine:466 - C:\Users\brady\.stm32cubemx\thirdparties\pdsc\Avnet-IotConnect.X-CUBE-IoTC-DA16k-PMOD.1.0.0.pdsc: PDSC version is not supported
2026-01-18 00:30:05,723 [WARN] PackLoader:240 - Cannot read IP mode file for STMicroelectronics.X-CUBE-ISPU.2.1.0
2026-01-18 00:30:05,739 [ERROR] Engine:466 - C:\Users\brady\.stm32cubemx\thirdparties\pdsc\STMicroelectronics.X-CUBE-IPS.3.2.0.pdsc: PDSC version is not supported
2026-01-18 00:30:05,759 [WARN] PackLoader:240 - Cannot read IP mode file for STMicroelectronics.X-CUBE-FREERTOS.1.2.0
2026-01-18 00:30:05,777 [WARN] PackLoader:240 - Cannot read IP mode file for STMicroelectronics.X-CUBE-NFC12.1.0.0
2026-01-18 00:30:05,819 [WARN] PackLoader:240 - Cannot read IP mode file for STMicroelectronics.X-CUBE-AZRTOS-L5.2.0.0
2026-01-18 00:30:05,849 [WARN] PackLoader:240 - Cannot read IP mode file for STMicroelectronics.X-CUBE-NFC6.3.1.0
2026-01-18 00:30:05,872 [WARN] PackLoader:240 - Cannot read IP mode file for STMicroelectronics.X-CUBE-DPower.1.2.0
2026-01-18 00:30:05,891 [WARN] PackLoader:240 - Cannot read IP mode file for STMicroelectronics.X-CUBE-AI.9.0.0
2026-01-18 00:30:05,911 [WARN] PackLoader:240 - Cannot read IP mode file for STMicroelectronics.X-CUBE-FREERTOS.1.3.1
2026-01-18 00:30:05,928 [WARN] PackLoader:240 - Cannot read IP mode file for STMicroelectronics.X-CUBE-FREERTOS.1.3.0
2026-01-18 00:30:05,947 [WARN] PackLoader:240 - Cannot read IP mode file for STMicroelectronics.X-CUBE-NFC7.1.0.1
2026-01-18 00:30:05,972 [WARN] PackLoader:240 - Cannot read IP mode file for STMicroelectronics.X-CUBE-TOUCHGFX.4.26.0
2026-01-18 00:30:05,986 [ERROR] Engine:466 - C:\Users\brady\.stm32cubemx\thirdparties\pdsc\STMicroelectronics.FP-SNS-STAIOTCFT.1.0.0.pdsc: PDSC version is not supported
2026-01-18 00:30:06,000 [WARN] PackLoader:240 - Cannot read IP mode file for STMicroelectronics.X-CUBE-DPower.1.3.0
2026-01-18 00:30:06,027 [WARN] ConditionMgr:438 - getConditionDescription Invalid condition id : LAN8742 Phy interface Condition cause : null
2026-01-18 00:30:06,028 [WARN] PackLoader:240 - Cannot read IP mode file for STMicroelectronics.X-CUBE-AZRTOS-L4.2.0.0
2026-01-18 00:30:06,028 [WARN] ConditionMgr:1039 - genDependencies : Invalid condition id : LAN8742 Phy interface Condition cause : null
2026-01-18 00:30:06,028 [WARN] ConditionMgr:1039 - genDependencies : Invalid condition id : LAN8742 Phy interface Condition cause : null
2026-01-18 00:30:06,028 [WARN] ConditionMgr:1039 - genDependencies : Invalid condition id : LAN8742 Phy interface Condition cause : null
2026-01-18 00:30:06,061 [WARN] PackLoader:240 - Cannot read IP mode file for STMicroelectronics.X-CUBE-SFXS2LP1.4.0.0
2026-01-18 00:30:06,090 [ERROR] Engine:466 - C:\Users\brady\.stm32cubemx\thirdparties\pdsc\STMicroelectronics.X-CUBE-ST67W61.1.2.0.pdsc: PDSC version is not supported
2026-01-18 00:30:06,116 [WARN] PackLoader:240 - Cannot read IP mode file for STMicroelectronics.X-CUBE-AZRTOS-H7.3.3.0
2026-01-18 00:30:06,133 [ERROR] Engine:466 - C:\Users\brady\.stm32cubemx\thirdparties\pdsc\STMicroelectronics.X-CUBE-BLEMGR.4.1.0.pdsc: PDSC version is not supported
2026-01-18 00:30:06,150 [WARN] PackLoader:240 - Cannot read IP mode file for STMicroelectronics.X-CUBE-IPS.3.0.0
2026-01-18 00:30:06,172 [WARN] ConditionMgr:438 - getConditionDescription Invalid condition id : UX DEVICE CLASS RTOS Condition cause : null
2026-01-18 00:30:06,172 [WARN] ConditionMgr:438 - getConditionDescription Invalid condition id : UX DEVICE CLASS RTOS Condition cause : null
2026-01-18 00:30:06,173 [WARN] PackLoader:240 - Cannot read IP mode file for STMicroelectronics.X-CUBE-AZRTOS-WB.2.0.0
2026-01-18 00:30:06,173 [WARN] ConditionMgr:1039 - genDependencies : Invalid condition id : UX DEVICE CLASS RTOS Condition cause : null
2026-01-18 00:30:06,173 [WARN] ConditionMgr:1039 - genDependencies : Invalid condition id : UX DEVICE CLASS RTOS Condition cause : null
2026-01-18 00:30:06,173 [WARN] ConditionMgr:1039 - genDependencies : Invalid condition id : UX DEVICE CLASS RTOS Condition cause : null
2026-01-18 00:30:06,173 [WARN] ConditionMgr:1039 - genDependencies : Invalid condition id : UX DEVICE CLASS RTOS Condition cause : null
2026-01-18 00:30:06,173 [WARN] ConditionMgr:1039 - genDependencies : Invalid condition id : UX DEVICE CLASS RTOS Condition cause : null
2026-01-18 00:30:06,189 [WARN] PackLoader:240 - Cannot read IP mode file for STMicroelectronics.X-CUBE-GNSS1.7.0.0
2026-01-18 00:30:06,208 [WARN] PackLoader:240 - Cannot read IP mode file for STMicroelectronics.X-CUBE-GNSS1.7.0.1
2026-01-18 00:30:06,226 [WARN] PackLoader:240 - Cannot read IP mode file for STMicroelectronics.X-CUBE-TOUCHGFX.4.25.0
2026-01-18 00:30:06,247 [WARN] PackLoader:240 - Cannot read IP mode file for STMicroelectronics.FP-SNS-STBOX1.2.0.0
2026-01-18 00:30:06,269 [WARN] PackLoader:240 - Cannot read IP mode file for STMicroelectronics.X-CUBE-SUBG2.5.0.0
2026-01-18 00:30:06,300 [WARN] PackLoader:240 - Cannot read IP mode file for STMicroelectronics.X-CUBE-AZRTOS-H7RS.1.1.0
2026-01-18 00:30:06,317 [WARN] PackLoader:240 - Cannot read IP mode file for Cesanta.I-CUBE-Mongoose.7.13.0
2026-01-18 00:30:06,340 [WARN] PackLoader:240 - Cannot read IP mode file for STMicroelectronics.X-CUBE-AZRTOS-G4.2.0.0
2026-01-18 00:30:06,364 [WARN] PackLoader:240 - Cannot read IP mode file for STMicroelectronics.X-CUBE-NFC7.2.0.0
2026-01-18 00:30:06,475 [WARN] PackLoader:240 - Cannot read IP mode file for STMicroelectronics.X-CUBE-ISPU.2.0.0
2026-01-18 00:30:06,476 [INFO] WebApp:167 - Instantiating new browser for Auth
2026-01-18 00:30:06,498 [ERROR] Engine:466 - C:\Users\brady\.stm32cubemx\thirdparties\pdsc\STMicroelectronics.X-CUBE-IPS.3.1.0.pdsc: PDSC version is not supported
2026-01-18 00:30:06,520 [WARN] PackLoader:240 - Cannot read IP mode file for STMicroelectronics.X-CUBE-ALS.1.0.2
2026-01-18 00:30:06,542 [WARN] PackLoader:240 - Cannot read IP mode file for STMicroelectronics.X-CUBE-TOUCHGFX.4.24.0
2026-01-18 00:30:06,570 [WARN] PackLoader:240 - Cannot read IP mode file for STMicroelectronics.X-CUBE-TOUCHGFX.4.24.2
2026-01-18 00:30:06,588 [WARN] PackLoader:240 - Cannot read IP mode file for STMicroelectronics.X-CUBE-TOUCHGFX.4.24.1
2026-01-18 00:30:06,611 [WARN] PackLoader:240 - Cannot read IP mode file for STMicroelectronics.X-CUBE-STSE01.1.0.0
2026-01-18 00:30:06,632 [WARN] PackLoader:240 - Cannot read IP mode file for wolfSSL.I-CUBE-wolfTPM.3.4.0
2026-01-18 00:30:06,653 [WARN] PackLoader:240 - Cannot read IP mode file for portGmbH.I-Cube-SoM-uGOAL.1.1.0
2026-01-18 00:30:06,685 [WARN] PackLoader:240 - Cannot read IP mode file for STMicroelectronics.X-CUBE-AZRTOS-H7RS.1.0.0
2026-01-18 00:30:06,706 [WARN] PackLoader:240 - Cannot read IP mode file for STMicroelectronics.FP-ATR-ASTRA1.2.0.0
2026-01-18 00:30:06,726 [WARN] PackLoader:240 - Cannot read IP mode file for STMicroelectronics.X-CUBE-TOF1.3.4.2
2026-01-18 00:30:06,760 [ERROR] Engine:466 - C:\Users\brady\.stm32cubemx\thirdparties\pdsc\STMicroelectronics.X-CUBE-TOF1.3.4.3.pdsc: PDSC version is not supported
2026-01-18 00:30:06,787 [WARN] PackLoader:240 - Cannot read IP mode file for Infineon.AIROC-Wi-Fi-Bluetooth-STM32.1.6.1
2026-01-18 00:30:06,808 [WARN] PackLoader:240 - Cannot read IP mode file for wolfSSL.I-CUBE-wolfSSH.1.4.17
2026-01-18 00:30:06,809 [INFO] ThirdParty:978 - Integrity check success = true
2026-01-18 00:30:06,809 [INFO] IntegrityCheckThread:100 - exiting critical section [integrity check]
2026-01-18 00:30:06,809 [INFO] IntegrityCheckThread:103 - End integrity checks thread
2026-01-18 00:30:07,042 [INFO] WebApp:448 - Apply proxy settings
2026-01-18 00:30:07,042 [INFO] WebApp:533 - Chromium requires no authentication
2026-01-18 00:30:07,052 [INFO] WebApp:476 - Direct internet connection detected
2026-01-18 00:30:07,071 [INFO] WebApp:869 - Register for checkConnection events
2026-01-18 00:30:07,072 [INFO] WebApp:448 - Apply proxy settings
2026-01-18 00:30:07,072 [INFO] WebApp:533 - Chromium requires no authentication
2026-01-18 00:30:07,072 [INFO] WebApp:476 - Direct internet connection detected
2026-01-18 00:30:07,207 [INFO] WebApp:186 - Connection restablished
2026-01-18 00:30:07,281 [INFO] WebApp:220 - Starting web application
2026-01-18 00:30:07,281 [INFO] WebApp:578 - Web application path used C:\ST\STM32CubeIDE_1.16.0\STM32CubeIDE\plugins\com.st.stm32cube.common.mx_6.12.0.202406281431\db\plugins\mcufinder\reactClient1\index.html
2026-01-18 00:34:12,359 [INFO] WebApp:189 - Connection lost
2026-01-18 00:34:12,482 [INFO] WebApp:186 - Connection restablished
2026-01-18 00:47:44,216 [INFO] McuFinderGlobals:63 - Set McuFinder mode to 2 (CubeIDE integrated)
2026-01-18 00:47:44,237 [INFO] MainUpdater:2873 - connection check result : 10
2026-01-18 00:47:44,242 [INFO] MainUpdater:2873 - connection check result : 10
2026-01-18 00:47:44,376 [INFO] RulesReader:64 - Compatibility file has been processed (297 Rules)
2026-01-18 00:47:44,386 [INFO] RulesReader:64 - Compatibility file has been processed (297 Rules)
2026-01-18 00:47:44,391 [INFO] MicroXplorer:468 - Change Database Path : 
2026-01-18 00:47:44,391 [INFO] MicroXplorer:498 - Change Database Version : DB.6.0.120
2026-01-18 00:47:44,400 [WARN] ThirdParty:871 - waiting for thirdparty lock release [close project]
2026-01-18 00:47:44,400 [INFO] ThirdParty:873 - entering critical section [close project]
2026-01-18 00:47:44,402 [INFO] ThirdParty:883 - exiting critical section [close project]
2026-01-18 00:47:44,404 [INFO] PinOutPanel:1561 - setPackage(No Configuration,No Configuration)
2026-01-18 00:47:44,408 [INFO] UtilMem:75 - Begin LoadConfig() Used Memory: 784024520 Bytes (1073741824)
2026-01-18 00:47:44,409 [INFO] MicroXplorer:468 - Change Database Path : 
2026-01-18 00:47:44,409 [INFO] MicroXplorer:498 - Change Database Version : DB.6.0.120
2026-01-18 00:47:44,409 [INFO] OpenFileManager:332 - Change cursor
2026-01-18 00:47:44,463 [INFO] Mcu:2032 - Initializing MCU STM32H743VGTx STM32H743VGTx STM32H743VGT6
2026-01-18 00:47:47,311 [INFO] Context:742 - Trying to add GPIOservice into a context  which must be forbidden
2026-01-18 00:47:48,644 [INFO] RtosManager:555 - Registered RTOS mode: class=CMSIS, group=RTOS, mode=CMSIS_V1, owner=FREERTOS
2026-01-18 00:47:48,644 [INFO] RtosManager:555 - Registered RTOS mode: class=CMSIS, group=RTOS2, mode=CMSIS_V2, owner=FREERTOS
2026-01-18 00:47:48,644 [INFO] RtosManager:555 - Registered RTOS mode: class=RTOS, group=Core, mode=CMSIS_V1, owner=FREERTOS
2026-01-18 00:47:48,645 [INFO] RtosManager:555 - Registered RTOS mode: class=RTOS, group=Core, mode=CMSIS_V2, owner=FREERTOS
2026-01-18 00:47:48,645 [WARN] ModelIntegratedComponent:184 - Missing modes for component STMicroelectronics:FreeRTOS:0.0.1:STMicroelectronics:RTOS:FreeRTOS:Core:::10.2.0:
2026-01-18 00:47:48,651 [WARN] ModelIntegratedComponent:63 - No mode defined for component null
2026-01-18 00:47:48,651 [WARN] ModelIntegratedComponent:63 - No mode defined for component null
2026-01-18 00:47:48,651 [WARN] ModelIntegratedComponent:63 - No mode defined for component null
2026-01-18 00:47:48,651 [WARN] ModelIntegratedComponent:63 - No mode defined for component null
2026-01-18 00:47:48,651 [WARN] ModelIntegratedComponent:63 - No mode defined for component null
2026-01-18 00:47:48,651 [WARN] ModelIntegratedComponent:63 - No mode defined for component null
2026-01-18 00:47:48,651 [WARN] ModelIntegratedComponent:63 - No mode defined for component null
2026-01-18 00:47:48,651 [WARN] ModelIntegratedComponent:63 - No mode defined for component null
2026-01-18 00:47:48,651 [WARN] ModelIntegratedComponent:63 - No mode defined for component null
2026-01-18 00:47:48,651 [WARN] ModelIntegratedComponent:63 - No mode defined for component null
2026-01-18 00:47:48,651 [WARN] ModelIntegratedComponent:63 - No mode defined for component null
2026-01-18 00:47:48,651 [WARN] ModelIntegratedComponent:63 - No mode defined for component null
2026-01-18 00:47:48,651 [WARN] ModelIntegratedComponent:63 - No mode defined for component null
2026-01-18 00:47:48,651 [WARN] ModelIntegratedComponent:63 - No mode defined for component null
2026-01-18 00:47:48,651 [WARN] ModelIntegratedComponent:63 - No mode defined for component null
2026-01-18 00:47:48,651 [WARN] ModelIntegratedComponent:63 - No mode defined for component null
2026-01-18 00:47:48,651 [WARN] ModelIntegratedComponent:63 - No mode defined for component null
2026-01-18 00:47:48,651 [WARN] ModelIntegratedComponent:63 - No mode defined for component null
2026-01-18 00:47:48,651 [WARN] ModelIntegratedComponent:63 - No mode defined for component null
2026-01-18 00:47:48,651 [WARN] ModelIntegratedComponent:63 - No mode defined for component null
2026-01-18 00:47:48,651 [WARN] ModelIntegratedComponent:63 - No mode defined for component null
2026-01-18 00:47:48,651 [WARN] ModelIntegratedComponent:63 - No mode defined for component null
2026-01-18 00:47:48,651 [WARN] ModelIntegratedComponent:63 - No mode defined for component null
2026-01-18 00:47:48,651 [WARN] ModelIntegratedComponent:63 - No mode defined for component null
2026-01-18 00:47:48,651 [WARN] ModelIntegratedComponent:63 - No mode defined for component null
2026-01-18 00:47:48,651 [WARN] ModelIntegratedComponent:63 - No mode defined for component null
2026-01-18 00:47:48,651 [WARN] ModelIntegratedComponent:63 - No mode defined for component null
2026-01-18 00:47:48,651 [WARN] ModelIntegratedComponent:63 - No mode defined for component null
2026-01-18 00:47:48,651 [WARN] ModelIntegratedComponent:63 - No mode defined for component null
2026-01-18 00:47:48,651 [WARN] ModelIntegratedComponent:63 - No mode defined for component null
2026-01-18 00:47:48,651 [WARN] ModelIntegratedComponent:63 - No mode defined for component null
2026-01-18 00:47:48,651 [WARN] ModelIntegratedComponent:63 - No mode defined for component null
2026-01-18 00:47:48,652 [WARN] ModelIntegratedComponent:63 - No mode defined for component null
2026-01-18 00:47:48,652 [WARN] ModelIntegratedComponent:63 - No mode defined for component null
2026-01-18 00:47:48,652 [WARN] ModelIntegratedComponent:63 - No mode defined for component null
2026-01-18 00:47:48,652 [WARN] ModelPack:524 - Component already loaded: STMicroelectronics:HAL Drivers:0.0.0:STMicroelectronics:Device:STMicro_Driver:XSPI:HAL::0.0.1:HAL_XSPI
2026-01-18 00:47:48,822 [INFO] ThirdPartyModel:298 - Start build external matchings
2026-01-18 00:47:49,575 [INFO] ThirdPartyModel:316 - End build external matchings
2026-01-18 00:47:49,614 [INFO] ImportTextPane:205 - (OptionalMessage_ERROR) IP (RCC) : Invalid parameter (FamilyName)
2026-01-18 00:47:49,614 [INFO] ImportTextPane:205 - (OptionalMessage_ERROR) IP (RCC) : Parameter (I2C4Freq_Value) has invalid value (64000000)
2026-01-18 00:47:49,614 [INFO] ImportTextPane:205 - (OptionalMessage_ERROR) IP (RCC) : Parameter (LPTIM2Freq_Value) has invalid value (64000000)
2026-01-18 00:47:49,614 [INFO] ImportTextPane:205 - (OptionalMessage_ERROR) IP (RCC) : Parameter (LPTIM345Freq_Value) has invalid value (64000000)
2026-01-18 00:47:49,614 [INFO] ImportTextPane:205 - (OptionalMessage_ERROR) IP (RCC) : Parameter (LPUART1Freq_Value) has invalid value (64000000)
2026-01-18 00:47:49,614 [INFO] ImportTextPane:205 - (OptionalMessage_ERROR) IP (RCC) : Parameter (LTDCFreq_Value) has invalid value (50390625)
2026-01-18 00:47:49,614 [INFO] ImportTextPane:205 - (OptionalMessage_ERROR) IP (RCC) : Parameter (SPI45Freq_Value) has invalid value (64000000)
2026-01-18 00:47:49,614 [INFO] ImportTextPane:205 - (OptionalMessage_ERROR) IP (RCC) : Parameter (SPI6Freq_Value) has invalid value (64000000)
2026-01-18 00:47:49,614 [INFO] ImportTextPane:205 - (OptionalMessage_ERROR) IP (RCC) : Parameter (USART16Freq_Value) has invalid value (64000000)
2026-01-18 00:47:50,173 [INFO] ApiDb:581 - Connected to CubeFinder SQLite database (C:\Users\brady\.stmcufinder\plugins\mcufinder\mcu\cube-finder-db.db)
2026-01-18 00:47:50,221 [INFO] ApiDb:668 - CubeFinder database Data Model version=2.1
2026-01-18 00:47:50,221 [INFO] ApiDb:669 - CubeFinder database Configuration version=3.0.39
2026-01-18 00:47:50,222 [INFO] ApiDb:670 - CubeFinder database generation date=2025-12-22 (1766407740)
2026-01-18 00:47:50,222 [INFO] ApiDb:671 - CubeFinder database FW Pack versions=[FP-ATR-ASTRA1_V2.0.0, FP-SNS-FLIGHT1_V5.1.0, FP-SNS-MOTENV1_V5.1.0, FP-SNS-MOTENVWB1_V1.4.0, FP-SNS-SMARTAG2_V1.2.0, FP-SNS-STBOX1_V2.1.0, STM32Cube_FW_C0_V1.4.0, STM32Cube_FW_F4_V1.28.3, STM32Cube_FW_F7_V1.17.4, STM32Cube_FW_G0_V1.6.2, STM32Cube_FW_G4_V1.6.1, STM32Cube_FW_H5_V1.5.1, STM32Cube_FW_H7RS_V1.3.0, STM32Cube_FW_H7_V1.12.1, STM32Cube_FW_L0_V1.12.2, STM32Cube_FW_L4_V1.18.1, STM32Cube_FW_L5_V1.6.0, STM32Cube_FW_N6_V1.3.0, STM32Cube_FW_U0_V1.3.0, STM32Cube_FW_U3_V1.2.1, STM32Cube_FW_U5_V1.8.0, STM32Cube_FW_WB0_V1.4.0, STM32Cube_FW_WBA_V1.8.0, STM32Cube_FW_WB_V1.24.0, STM32Cube_FW_WL3_V1.3.0, STM32Cube_FW_WL_V1.4.0, X-CUBE-ALGOBUILD_V1.4.0, X-CUBE-ALS_V1.0.2, X-CUBE-AZRTOS-F4_V1.1.0, X-CUBE-AZRTOS-F7_V1.1.0, X-CUBE-AZRTOS-G0_V1.1.0, X-CUBE-AZRTOS-G4_V2.0.0, X-CUBE-AZRTOS-H7RS_V1.1.0, X-CUBE-AZRTOS-H7_V3.4.0, X-CUBE-AZRTOS-L4_V2.0.0, X-CUBE-AZRTOS-L5_V2.0.0, X-CUBE-AZRTOS-WB_V2.0.0, X-CUBE-AZRTOS-WL_V2.0.0, X-CUBE-BLE1_V7.1.0, X-CUBE-BLE2_V3.3.0, X-CUBE-BLEMGR_V4.1.0, X-CUBE-EEPRMA1_V5.2.0, X-CUBE-FREERTOS_V1.3.1, X-CUBE-GNSS1_V6.0.0, X-CUBE-MEMS1_V12.0.0, X-CUBE-NFC4_V3.0.0, X-CUBE-NFC7_V2.0.0, X-CUBE-SFXS2LP1_V4.0.0, X-CUBE-ST67W61_V1.1.0, X-CUBE-SUBG2_V5.0.0, X-CUBE-TOF1_V3.4.3]
2026-01-18 00:47:50,261 [INFO] DbBoardsSqlite:226 - include board P-NUCLEO-WB55-NUCLEO as a kit item of type 'Nucleo-64'
2026-01-18 00:47:50,262 [INFO] DbBoardsSqlite:226 - include board P-NUCLEO-WB55-USBDONGLE as a kit item of type 'Nucleo USB Dongle'
2026-01-18 00:47:50,262 [INFO] DbBoardsSqlite:226 - include board STEVAL-IDP005V1 as a kit item of type 'Evaluation Board'
2026-01-18 00:47:50,262 [INFO] DbBoardsSqlite:226 - include board STEVAL-IDP005V2 as a kit item of type 'Evaluation Board'
2026-01-18 00:47:50,307 [INFO] ApiDb:240 - Found 646 in-development CPN: [B-G473E-ZEST1S, B-WB1M-WPAN1, B-WL5M-SUBG1, NUCLEO-C031C6, NUCLEO-C071RB, NUCLEO-H503RB, NUCLEO-H533RE, NUCLEO-H563ZI, NUCLEO-H7S3L8, NUCLEO-U031R8, NUCLEO-U083RC, NUCLEO-U545RE-Q, NUCLEO-U5A5ZJ-Q, NUCLEO-WB05KZ, NUCLEO-WB07CC, NUCLEO-WB09KE, NUCLEO-WBA52CG, NUCLEO-WBA55CG, STEVAL-PROTEUS1, STEVAL-SMARTAG2, STEVAL-STWINBX1, STM320518-EVAL, STM32C0116-DK, STM32C011D6Y3TR, STM32C011D6Y6TR, STM32C011F4P3, STM32C011F4P6, STM32C011F4U3, STM32C011F4U6TR, STM32C011F6P3, STM32C011F6P6, STM32C011F6U3, STM32C011F6U6TR, STM32C011J4M3, STM32C011J4M6, STM32C011J6M3, STM32C011J6M6, STM32C0316-DK, STM32C031C4T3, STM32C031C4T6, STM32C031C4U3, STM32C031C4U6, STM32C031C6T3, STM32C031C6T6, STM32C031C6U3, STM32C031C6U6, STM32C031F4P3, STM32C031F4P6, STM32C031F6P3, STM32C031F6P6, STM32C031G4U3, STM32C031G4U6, STM32C031G6U3, STM32C031G6U6, STM32C031K4T3, STM32C031K4T6, STM32C031K4U3, STM32C031K4U6, STM32C031K6T3, STM32C031K6T6, STM32C031K6U3, STM32C031K6U6, STM32C071C8T6, STM32C071C8T6N, STM32C071C8U6, STM32C071C8U6N, STM32C071CBT6, STM32C071CBT6N, STM32C071CBU6, STM32C071CBU6N, STM32C071F8P6, STM32C071F8P6N, STM32C071FBP6, STM32C071FBP6N, STM32C071FBY6TR, STM32C071G8U6, STM32C071G8U6N, STM32C071GBU6, STM32C071GBU6N, STM32C071K8T6, STM32C071K8T6N, STM32C071K8U6, STM32C071K8U6N, STM32C071KBT6, STM32C071KBT6N, STM32C071KBU6, STM32C071KBU6N, STM32C071R8T6, STM32C071R8T6N, STM32C071RBI6N, STM32C071RBT6, STM32C071RBT6N, STM32G071K8TXN, STM32G071K8UXN, STM32G081GBU6N, STM32G081KBT6N, STM32G081KBUXN, STM32G0B1CCT6N, STM32G0B1KCT6, STM32G0B1NEY6TR, STM32G0B1RCT6N, STM32G0C1CCT6, STM32G0C1CCT6N, STM32G0C1CCU6N, STM32G0C1CET6N, STM32G0C1CEU6N, STM32G0C1KCT6, STM32G0C1NEY6TR, STM32G0C1RCI6N, STM32G0C1RCT6N, STM32G0C1REI6N, STM32G0C1RET6N, STM32G0C1VCI6, STM32G0C1VEI6, STM32G411C6T3, STM32G411C6T6, STM32G411C6U3, STM32G411C6U6, STM32G411C8T3, STM32G411C8T6, STM32G411C8U3, STM32G411C8U6, STM32G411CBT3, STM32G411CBT6, STM32G411CBU3, STM32G411CBU6, STM32G411K6T3, STM32G411K6T6, STM32G411K6U3, STM32G411K6U6, STM32G411K8T3, STM32G411K8T6, STM32G411K8U3, STM32G411K8U6, STM32G411KBT3, STM32G411KBT6, STM32G411KBU3, STM32G411KBU6, STM32G411M6T3, STM32G411M6T6, STM32G411M8T3, STM32G411M8T6, STM32G411MBT3, STM32G411MBT6, STM32G411R6T3, STM32G411R6T6, STM32G411R8T3, STM32G411R8T6, STM32G411RBT3, STM32G411RBT6, STM32G414CBT3, STM32G414CBT6, STM32G414CBU3, STM32G414CBU6, STM32G414CCT3, STM32G414CCT6, STM32G414CCU3, STM32G414CCU6, STM32G414MBT3, STM32G414MBT6, STM32G414MCT3, STM32G414MCT6, STM32G414RBT3, STM32G414RBT6, STM32G414RCT3, STM32G414RCT6, STM32G414VBT3, STM32G414VBT6, STM32G414VCT3, STM32G414VCT6, STM32G431CBT3Z, STM32G431RBT3Z, STM32G471CCT6, STM32G471CCU6, STM32G471CET3, STM32G471CET6, STM32G471CEU3, STM32G471CEU6, STM32G471MCT6, STM32G471MET3, STM32G471MET6, STM32G471MEY6TR, STM32G471QCT6, STM32G471QET3, STM32G471RCT6, STM32G471RET3, STM32G471RET6, STM32G471VCH6, STM32G471VCI6, STM32G471VCT6, STM32G471VEH3, STM32G471VEH6, STM32G471VEI3, STM32G471VEI6, STM32G471VET3, STM32G471VET6, STM32G473QET3Z, STM32G473RET3Z, STM32G474CCT6, STM32G491RET3Z, STM32H503CBT6, STM32H503CBU6, STM32H503EBY6TR, STM32H503KBU6, STM32H503RBT6, STM32H523CCT6, STM32H523CCU6, STM32H523CET6, STM32H523CEU6, STM32H523HEY6TR, STM32H523RCT6, STM32H523RET6, STM32H523VCI6, STM32H523VCT6, STM32H523VEI6, STM32H523VET6, STM32H523ZCJ6, STM32H523ZCT6, STM32H523ZEJ6, STM32H523ZET6, STM32H533CET6, STM32H533CEU6, STM32H533HEY6TR, STM32H533RET6, STM32H533VEI6, STM32H533VET6, STM32H533ZEJ6, STM32H533ZET6, STM32H562AGI6, STM32H562AII6, STM32H562IGK6, STM32H562IGT6, STM32H562IIK6, STM32H562IIT6, STM32H562RGT6, STM32H562RGV6, STM32H562RIT6, STM32H562RIV6, STM32H562VGT6, STM32H562VIT6, STM32H562ZGT6, STM32H562ZIT6, STM32H563AGI6, STM32H563AII3Q, STM32H563AII6, STM32H563IGK6, STM32H563IGT6, STM32H563IIK3Q, STM32H563IIK6, STM32H563IIT3Q, STM32H563IIT6, STM32H563MIY3QTR, STM32H563RGT6, STM32H563RGV6, STM32H563RIT6, STM32H563RIV6, STM32H563VGT6, STM32H563VIT3Q, STM32H563VIT6, STM32H563ZGT6, STM32H563ZIT3Q, STM32H563ZIT6, STM32H573AII3Q, STM32H573AII6, STM32H573I-DK, STM32H573IIK3Q, STM32H573IIK6, STM32H573IIT3Q, STM32H573IIT6, STM32H573MIY3QTR, STM32H573RIT6, STM32H573RIV6, STM32H573VIT3Q, STM32H573VIT6, STM32H573ZIT3Q, STM32H573ZIT6, STM32H7R3A8I6, STM32H7R3I8K6, STM32H7R3I8T6, STM32H7R3L8H6, STM32H7R3L8H6H, STM32H7R3R8V6, STM32H7R3V8H6, STM32H7R3V8T6, STM32H7R3V8Y6TR, STM32H7R3Z8J6, STM32H7R3Z8T6, STM32H7R7A8I6, STM32H7R7I8K6, STM32H7R7I8T6, STM32H7R7L8H6, STM32H7R7L8H6H, STM32H7R7Z8J6, STM32H7S3A8I6, STM32H7S3I8K6, STM32H7S3I8T6, STM32H7S3L8H6, STM32H7S3L8H6H, STM32H7S3R8V6, STM32H7S3V8H6, STM32H7S3V8T6, STM32H7S3V8Y6TR, STM32H7S3Z8J6, STM32H7S3Z8T6, STM32H7S78-DK, STM32H7S7A8I6, STM32H7S7I8K6, STM32H7S7I8T6, STM32H7S7L8H6, STM32H7S7L8H6H, STM32H7S7Z8J6, STM32L4R5QGI6STR, STM32MP131AAE3, STM32MP131AAF3, STM32MP131AAG3, STM32MP131CAE3, STM32MP131CAF3, STM32MP131CAG3, STM32MP131DAE7, STM32MP131DAF7, STM32MP131DAG7, STM32MP131FAE7, STM32MP131FAF7, STM32MP131FAG7, STM32MP133AAE3, STM32MP133AAF3, STM32MP133AAG3, STM32MP133CAE3, STM32MP133CAF3, STM32MP133CAG3, STM32MP133DAE7, STM32MP133DAF7, STM32MP133DAG7, STM32MP133FAE7, STM32MP133FAF7, STM32MP133FAG7, STM32MP135AAE3, STM32MP135AAF3, STM32MP135AAG3, STM32MP135CAE3, STM32MP135CAF3, STM32MP135CAG3, STM32MP135DAE7, STM32MP135DAF7, STM32MP135DAG7, STM32MP135F-DK, STM32MP135FAE7, STM32MP135FAF7, STM32MP135FAF7T, STM32MP135FAF7U, STM32MP135FAG7, STM32MP251AAI3, STM32MP251AAK3, STM32MP251AAL3, STM32MP251CAI3, STM32MP251CAK3, STM32MP251CAL3, STM32MP251DAI3, STM32MP251DAK3, STM32MP251DAL3, STM32MP251FAI3, STM32MP251FAK3, STM32MP251FAL3, STM32MP253AAI3, STM32MP253AAK3, STM32MP253AAL3, STM32MP253CAI3, STM32MP253CAK3, STM32MP253CAL3, STM32MP253DAI3, STM32MP253DAK3, STM32MP253DAL3, STM32MP253FAI3, STM32MP253FAK3, STM32MP253FAL3, STM32MP255AAI3, STM32MP255AAK3, STM32MP255AAL3, STM32MP255CAI3, STM32MP255CAK3, STM32MP255CAL3, STM32MP255DAI3, STM32MP255DAK3, STM32MP255DAL3, STM32MP255FAI3, STM32MP255FAK3, STM32MP255FAL3, STM32MP257AAI3, STM32MP257AAK3, STM32MP257AAL3, STM32MP257CAI3, STM32MP257CAK3, STM32MP257CAL3, STM32MP257DAI3, STM32MP257DAK3, STM32MP257DAL3, STM32MP257F-DK, STM32MP257F-EV1, STM32MP257FAI3, STM32MP257FAK3, STM32MP257FAL3, STM32U031C6T6, STM32U031C6U6, STM32U031C8T6, STM32U031C8U6, STM32U031F4P6, STM32U031F6P6, STM32U031F8P6, STM32U031G6Y6TR, STM32U031G8Y6TR, STM32U031K4U6, STM32U031K6U6, STM32U031K8U6, STM32U031R6I6, STM32U031R6T6, STM32U031R8I6, STM32U031R8T6, STM32U073C8T6, STM32U073C8U6, STM32U073CBT6, STM32U073CBU6, STM32U073CCT6, STM32U073CCU6, STM32U073H8Y6TR, STM32U073HBY6TR, STM32U073HCY6TR, STM32U073K8U6, STM32U073KBU6, STM32U073KCU6, STM32U073M8I6, STM32U073M8T6, STM32U073MBI6, STM32U073MBT6, STM32U073MCI6, STM32U073MCT6, STM32U073R8I6, STM32U073R8T6, STM32U073RBI6, STM32U073RBT6, STM32U073RCI6, STM32U073RCT6, STM32U083C-DK, STM32U083CCT6, STM32U083CCU6, STM32U083HCY6TR, STM32U083KCU6, STM32U083MCI6, STM32U083MCT6, STM32U083RCI6, STM32U083RCT6, STM32U535CBT6, STM32U535CBT6Q, STM32U535CBU6, STM32U535CBU6Q, STM32U535CCT6, STM32U535CCT6Q, STM32U535CCU6, STM32U535CCU6Q, STM32U535CET6, STM32U535CET6Q, STM32U535CEU6, STM32U535CEU6Q, STM32U535JEY6QTR, STM32U535NCY6QTR, STM32U535NEY6QTR, STM32U535RBI6, STM32U535RBI6Q, STM32U535RBT6, STM32U535RBT6Q, STM32U535RCI6, STM32U535RCI6Q, STM32U535RCT6, STM32U535RCT6Q, STM32U535REI6, STM32U535REI6Q, STM32U535RET6, STM32U535RET6Q, STM32U535VCI6, STM32U535VCI6Q, STM32U535VCT6, STM32U535VCT6Q, STM32U535VEI6, STM32U535VEI6Q, STM32U535VET6, STM32U535VET6Q, STM32U545CET6, STM32U545CET6Q, STM32U545CEU6, STM32U545CEU6Q, STM32U545JEY6QTR, STM32U545NEY6QTR, STM32U545REI6, STM32U545REI6Q, STM32U545RET6, STM32U545RET6Q, STM32U545VEI6, STM32U545VEI6Q, STM32U545VET6, STM32U545VET6Q, STM32U595AIH6, STM32U595AIH6Q, STM32U595AJH6, STM32U595AJH6Q, STM32U595QII6, STM32U595QII6Q, STM32U595QJI6, STM32U595QJI6Q, STM32U595RIT6, STM32U595RIT6Q, STM32U595RJT6, STM32U595RJT6Q, STM32U595VIT6, STM32U595VIT6Q, STM32U595VJT6, STM32U595VJT6Q, STM32U595ZIT6, STM32U595ZIT6Q, STM32U595ZIY6QTR, STM32U595ZJT6, STM32U595ZJT6Q, STM32U595ZJY6QTR, STM32U599BJY6QTR, STM32U599NIH6Q, STM32U599NJH6Q, STM32U599VIT6Q, STM32U599VJT6, STM32U599VJT6Q, STM32U599ZIT6Q, STM32U599ZIY6QTR, STM32U599ZJT6Q, STM32U599ZJY6QTR, STM32U5A5AJH6, STM32U5A5AJH6Q, STM32U5A5QII3Q , STM32U5A5QJI6, STM32U5A5QJI6Q, STM32U5A5RJT6, STM32U5A5RJT6Q, STM32U5A5VJT6, STM32U5A5VJT6Q, STM32U5A5ZJT6, STM32U5A5ZJT6Q, STM32U5A5ZJY6QTR, STM32U5A9BJY6QTR, STM32U5A9J-DK, STM32U5A9NJH6Q, STM32U5A9VJT6Q, STM32U5A9ZJT6Q, STM32U5A9ZJY6QTR, STM32U5F7VIT6, STM32U5F7VIT6Q, STM32U5F7VJT6, STM32U5F7VJT6Q, STM32U5F9BJY6QTR, STM32U5F9NJH6Q, STM32U5F9VIT6Q, STM32U5F9VJT6Q, STM32U5F9ZIJ6QTR, STM32U5F9ZIT6Q, STM32U5F9ZJJ6QTR, STM32U5F9ZJT6Q, STM32U5G7VJT6, STM32U5G7VJT6Q, STM32U5G9BJY6QTR, STM32U5G9J-DK1, STM32U5G9J-DK2, STM32U5G9NJH6Q, STM32U5G9VJT6Q, STM32U5G9ZJJ6QTR, STM32U5G9ZJT6Q, STM32WB05KZV6TR, STM32WB05KZV7TR, STM32WB05TZF6TR, STM32WB05TZF7TR, STM32WB06CCF6TR, STM32WB06CCF7TR, STM32WB06CCV6TR, STM32WB06CCV7TR, STM32WB06KCV6TR, STM32WB06KCV7TR, STM32WB07CCF6TR, STM32WB07CCF7TR, STM32WB07CCV6TR, STM32WB07CCV7TR, STM32WB07KCV6TR, STM32WB07KCV7TR, STM32WB09KEV6TR, STM32WB09KEV7TR, STM32WB09TEF6TR, STM32WB09TEF7TR, STM32WB1MMCH6, STM32WBA50KGU6, STM32WBA50KGU6TR, STM32WBA52CEU6, STM32WBA52CEU6TR, STM32WBA52CEU7, STM32WBA52CEU7TR, STM32WBA52CGU6, STM32WBA52CGU6TR, STM32WBA52CGU6U, STM32WBA52CGU7, STM32WBA52CGU7TR, STM32WBA52KEU6, STM32WBA52KEU6TR, STM32WBA52KGU6, STM32WBA52KGU6TR, STM32WBA54CEU6, STM32WBA54CEU6TR, STM32WBA54CEU7, STM32WBA54CEU7TR, STM32WBA54CGU6, STM32WBA54CGU6TR, STM32WBA54CGU7, STM32WBA54CGU7TR, STM32WBA54KEU6, STM32WBA54KEU6TR, STM32WBA54KEU7, STM32WBA54KEU7TR, STM32WBA54KGU6, STM32WBA54KGU6TR, STM32WBA54KGU7, STM32WBA54KGU7TR, STM32WBA55CEU6, STM32WBA55CEU6TR, STM32WBA55CEU7, STM32WBA55CEU7TR, STM32WBA55CGU6, STM32WBA55CGU6TR, STM32WBA55CGU6U, STM32WBA55CGU7, STM32WBA55CGU7TR, STM32WBA55G-DK1, STM32WBA55HEF6, STM32WBA55HEF7, STM32WBA55HGF6, STM32WBA55HGF7, STM32WBA55UEI6, STM32WBA55UEI6TR, STM32WBA55UEI7, STM32WBA55UEI7TR, STM32WBA55UGI6, STM32WBA55UGI6TR, STM32WBA55UGI7, STM32WBA55UGI7TR, STM32WL5MOCH6, STM32WL5MOCH6TR]
2026-01-18 00:47:50,310 [INFO] ApiDb:668 - CubeFinder database Data Model version=2.1
2026-01-18 00:47:50,310 [INFO] ApiDb:669 - CubeFinder database Configuration version=3.0.39
2026-01-18 00:47:50,310 [INFO] ApiDb:670 - CubeFinder database generation date=2025-12-22 (1766407740)
2026-01-18 00:47:50,310 [INFO] ApiDb:671 - CubeFinder database FW Pack versions=[FP-ATR-ASTRA1_V2.0.0, FP-SNS-FLIGHT1_V5.1.0, FP-SNS-MOTENV1_V5.1.0, FP-SNS-MOTENVWB1_V1.4.0, FP-SNS-SMARTAG2_V1.2.0, FP-SNS-STBOX1_V2.1.0, STM32Cube_FW_C0_V1.4.0, STM32Cube_FW_F4_V1.28.3, STM32Cube_FW_F7_V1.17.4, STM32Cube_FW_G0_V1.6.2, STM32Cube_FW_G4_V1.6.1, STM32Cube_FW_H5_V1.5.1, STM32Cube_FW_H7RS_V1.3.0, STM32Cube_FW_H7_V1.12.1, STM32Cube_FW_L0_V1.12.2, STM32Cube_FW_L4_V1.18.1, STM32Cube_FW_L5_V1.6.0, STM32Cube_FW_N6_V1.3.0, STM32Cube_FW_U0_V1.3.0, STM32Cube_FW_U3_V1.2.1, STM32Cube_FW_U5_V1.8.0, STM32Cube_FW_WB0_V1.4.0, STM32Cube_FW_WBA_V1.8.0, STM32Cube_FW_WB_V1.24.0, STM32Cube_FW_WL3_V1.3.0, STM32Cube_FW_WL_V1.4.0, X-CUBE-ALGOBUILD_V1.4.0, X-CUBE-ALS_V1.0.2, X-CUBE-AZRTOS-F4_V1.1.0, X-CUBE-AZRTOS-F7_V1.1.0, X-CUBE-AZRTOS-G0_V1.1.0, X-CUBE-AZRTOS-G4_V2.0.0, X-CUBE-AZRTOS-H7RS_V1.1.0, X-CUBE-AZRTOS-H7_V3.4.0, X-CUBE-AZRTOS-L4_V2.0.0, X-CUBE-AZRTOS-L5_V2.0.0, X-CUBE-AZRTOS-WB_V2.0.0, X-CUBE-AZRTOS-WL_V2.0.0, X-CUBE-BLE1_V7.1.0, X-CUBE-BLE2_V3.3.0, X-CUBE-BLEMGR_V4.1.0, X-CUBE-EEPRMA1_V5.2.0, X-CUBE-FREERTOS_V1.3.1, X-CUBE-GNSS1_V6.0.0, X-CUBE-MEMS1_V12.0.0, X-CUBE-NFC4_V3.0.0, X-CUBE-NFC7_V2.0.0, X-CUBE-SFXS2LP1_V4.0.0, X-CUBE-ST67W61_V1.1.0, X-CUBE-SUBG2_V5.0.0, X-CUBE-TOF1_V3.4.3]
2026-01-18 00:47:51,532 [INFO] ApiDb:240 - Found 646 in-development CPN: [B-G473E-ZEST1S, B-WB1M-WPAN1, B-WL5M-SUBG1, NUCLEO-C031C6, NUCLEO-C071RB, NUCLEO-H503RB, NUCLEO-H533RE, NUCLEO-H563ZI, NUCLEO-H7S3L8, NUCLEO-U031R8, NUCLEO-U083RC, NUCLEO-U545RE-Q, NUCLEO-U5A5ZJ-Q, NUCLEO-WB05KZ, NUCLEO-WB07CC, NUCLEO-WB09KE, NUCLEO-WBA52CG, NUCLEO-WBA55CG, STEVAL-PROTEUS1, STEVAL-SMARTAG2, STEVAL-STWINBX1, STM320518-EVAL, STM32C0116-DK, STM32C011D6Y3TR, STM32C011D6Y6TR, STM32C011F4P3, STM32C011F4P6, STM32C011F4U3, STM32C011F4U6TR, STM32C011F6P3, STM32C011F6P6, STM32C011F6U3, STM32C011F6U6TR, STM32C011J4M3, STM32C011J4M6, STM32C011J6M3, STM32C011J6M6, STM32C0316-DK, STM32C031C4T3, STM32C031C4T6, STM32C031C4U3, STM32C031C4U6, STM32C031C6T3, STM32C031C6T6, STM32C031C6U3, STM32C031C6U6, STM32C031F4P3, STM32C031F4P6, STM32C031F6P3, STM32C031F6P6, STM32C031G4U3, STM32C031G4U6, STM32C031G6U3, STM32C031G6U6, STM32C031K4T3, STM32C031K4T6, STM32C031K4U3, STM32C031K4U6, STM32C031K6T3, STM32C031K6T6, STM32C031K6U3, STM32C031K6U6, STM32C071C8T6, STM32C071C8T6N, STM32C071C8U6, STM32C071C8U6N, STM32C071CBT6, STM32C071CBT6N, STM32C071CBU6, STM32C071CBU6N, STM32C071F8P6, STM32C071F8P6N, STM32C071FBP6, STM32C071FBP6N, STM32C071FBY6TR, STM32C071G8U6, STM32C071G8U6N, STM32C071GBU6, STM32C071GBU6N, STM32C071K8T6, STM32C071K8T6N, STM32C071K8U6, STM32C071K8U6N, STM32C071KBT6, STM32C071KBT6N, STM32C071KBU6, STM32C071KBU6N, STM32C071R8T6, STM32C071R8T6N, STM32C071RBI6N, STM32C071RBT6, STM32C071RBT6N, STM32G071K8TXN, STM32G071K8UXN, STM32G081GBU6N, STM32G081KBT6N, STM32G081KBUXN, STM32G0B1CCT6N, STM32G0B1KCT6, STM32G0B1NEY6TR, STM32G0B1RCT6N, STM32G0C1CCT6, STM32G0C1CCT6N, STM32G0C1CCU6N, STM32G0C1CET6N, STM32G0C1CEU6N, STM32G0C1KCT6, STM32G0C1NEY6TR, STM32G0C1RCI6N, STM32G0C1RCT6N, STM32G0C1REI6N, STM32G0C1RET6N, STM32G0C1VCI6, STM32G0C1VEI6, STM32G411C6T3, STM32G411C6T6, STM32G411C6U3, STM32G411C6U6, STM32G411C8T3, STM32G411C8T6, STM32G411C8U3, STM32G411C8U6, STM32G411CBT3, STM32G411CBT6, STM32G411CBU3, STM32G411CBU6, STM32G411K6T3, STM32G411K6T6, STM32G411K6U3, STM32G411K6U6, STM32G411K8T3, STM32G411K8T6, STM32G411K8U3, STM32G411K8U6, STM32G411KBT3, STM32G411KBT6, STM32G411KBU3, STM32G411KBU6, STM32G411M6T3, STM32G411M6T6, STM32G411M8T3, STM32G411M8T6, STM32G411MBT3, STM32G411MBT6, STM32G411R6T3, STM32G411R6T6, STM32G411R8T3, STM32G411R8T6, STM32G411RBT3, STM32G411RBT6, STM32G414CBT3, STM32G414CBT6, STM32G414CBU3, STM32G414CBU6, STM32G414CCT3, STM32G414CCT6, STM32G414CCU3, STM32G414CCU6, STM32G414MBT3, STM32G414MBT6, STM32G414MCT3, STM32G414MCT6, STM32G414RBT3, STM32G414RBT6, STM32G414RCT3, STM32G414RCT6, STM32G414VBT3, STM32G414VBT6, STM32G414VCT3, STM32G414VCT6, STM32G431CBT3Z, STM32G431RBT3Z, STM32G471CCT6, STM32G471CCU6, STM32G471CET3, STM32G471CET6, STM32G471CEU3, STM32G471CEU6, STM32G471MCT6, STM32G471MET3, STM32G471MET6, STM32G471MEY6TR, STM32G471QCT6, STM32G471QET3, STM32G471RCT6, STM32G471RET3, STM32G471RET6, STM32G471VCH6, STM32G471VCI6, STM32G471VCT6, STM32G471VEH3, STM32G471VEH6, STM32G471VEI3, STM32G471VEI6, STM32G471VET3, STM32G471VET6, STM32G473QET3Z, STM32G473RET3Z, STM32G474CCT6, STM32G491RET3Z, STM32H503CBT6, STM32H503CBU6, STM32H503EBY6TR, STM32H503KBU6, STM32H503RBT6, STM32H523CCT6, STM32H523CCU6, STM32H523CET6, STM32H523CEU6, STM32H523HEY6TR, STM32H523RCT6, STM32H523RET6, STM32H523VCI6, STM32H523VCT6, STM32H523VEI6, STM32H523VET6, STM32H523ZCJ6, STM32H523ZCT6, STM32H523ZEJ6, STM32H523ZET6, STM32H533CET6, STM32H533CEU6, STM32H533HEY6TR, STM32H533RET6, STM32H533VEI6, STM32H533VET6, STM32H533ZEJ6, STM32H533ZET6, STM32H562AGI6, STM32H562AII6, STM32H562IGK6, STM32H562IGT6, STM32H562IIK6, STM32H562IIT6, STM32H562RGT6, STM32H562RGV6, STM32H562RIT6, STM32H562RIV6, STM32H562VGT6, STM32H562VIT6, STM32H562ZGT6, STM32H562ZIT6, STM32H563AGI6, STM32H563AII3Q, STM32H563AII6, STM32H563IGK6, STM32H563IGT6, STM32H563IIK3Q, STM32H563IIK6, STM32H563IIT3Q, STM32H563IIT6, STM32H563MIY3QTR, STM32H563RGT6, STM32H563RGV6, STM32H563RIT6, STM32H563RIV6, STM32H563VGT6, STM32H563VIT3Q, STM32H563VIT6, STM32H563ZGT6, STM32H563ZIT3Q, STM32H563ZIT6, STM32H573AII3Q, STM32H573AII6, STM32H573I-DK, STM32H573IIK3Q, STM32H573IIK6, STM32H573IIT3Q, STM32H573IIT6, STM32H573MIY3QTR, STM32H573RIT6, STM32H573RIV6, STM32H573VIT3Q, STM32H573VIT6, STM32H573ZIT3Q, STM32H573ZIT6, STM32H7R3A8I6, STM32H7R3I8K6, STM32H7R3I8T6, STM32H7R3L8H6, STM32H7R3L8H6H, STM32H7R3R8V6, STM32H7R3V8H6, STM32H7R3V8T6, STM32H7R3V8Y6TR, STM32H7R3Z8J6, STM32H7R3Z8T6, STM32H7R7A8I6, STM32H7R7I8K6, STM32H7R7I8T6, STM32H7R7L8H6, STM32H7R7L8H6H, STM32H7R7Z8J6, STM32H7S3A8I6, STM32H7S3I8K6, STM32H7S3I8T6, STM32H7S3L8H6, STM32H7S3L8H6H, STM32H7S3R8V6, STM32H7S3V8H6, STM32H7S3V8T6, STM32H7S3V8Y6TR, STM32H7S3Z8J6, STM32H7S3Z8T6, STM32H7S78-DK, STM32H7S7A8I6, STM32H7S7I8K6, STM32H7S7I8T6, STM32H7S7L8H6, STM32H7S7L8H6H, STM32H7S7Z8J6, STM32L4R5QGI6STR, STM32MP131AAE3, STM32MP131AAF3, STM32MP131AAG3, STM32MP131CAE3, STM32MP131CAF3, STM32MP131CAG3, STM32MP131DAE7, STM32MP131DAF7, STM32MP131DAG7, STM32MP131FAE7, STM32MP131FAF7, STM32MP131FAG7, STM32MP133AAE3, STM32MP133AAF3, STM32MP133AAG3, STM32MP133CAE3, STM32MP133CAF3, STM32MP133CAG3, STM32MP133DAE7, STM32MP133DAF7, STM32MP133DAG7, STM32MP133FAE7, STM32MP133FAF7, STM32MP133FAG7, STM32MP135AAE3, STM32MP135AAF3, STM32MP135AAG3, STM32MP135CAE3, STM32MP135CAF3, STM32MP135CAG3, STM32MP135DAE7, STM32MP135DAF7, STM32MP135DAG7, STM32MP135F-DK, STM32MP135FAE7, STM32MP135FAF7, STM32MP135FAF7T, STM32MP135FAF7U, STM32MP135FAG7, STM32MP251AAI3, STM32MP251AAK3, STM32MP251AAL3, STM32MP251CAI3, STM32MP251CAK3, STM32MP251CAL3, STM32MP251DAI3, STM32MP251DAK3, STM32MP251DAL3, STM32MP251FAI3, STM32MP251FAK3, STM32MP251FAL3, STM32MP253AAI3, STM32MP253AAK3, STM32MP253AAL3, STM32MP253CAI3, STM32MP253CAK3, STM32MP253CAL3, STM32MP253DAI3, STM32MP253DAK3, STM32MP253DAL3, STM32MP253FAI3, STM32MP253FAK3, STM32MP253FAL3, STM32MP255AAI3, STM32MP255AAK3, STM32MP255AAL3, STM32MP255CAI3, STM32MP255CAK3, STM32MP255CAL3, STM32MP255DAI3, STM32MP255DAK3, STM32MP255DAL3, STM32MP255FAI3, STM32MP255FAK3, STM32MP255FAL3, STM32MP257AAI3, STM32MP257AAK3, STM32MP257AAL3, STM32MP257CAI3, STM32MP257CAK3, STM32MP257CAL3, STM32MP257DAI3, STM32MP257DAK3, STM32MP257DAL3, STM32MP257F-DK, STM32MP257F-EV1, STM32MP257FAI3, STM32MP257FAK3, STM32MP257FAL3, STM32U031C6T6, STM32U031C6U6, STM32U031C8T6, STM32U031C8U6, STM32U031F4P6, STM32U031F6P6, STM32U031F8P6, STM32U031G6Y6TR, STM32U031G8Y6TR, STM32U031K4U6, STM32U031K6U6, STM32U031K8U6, STM32U031R6I6, STM32U031R6T6, STM32U031R8I6, STM32U031R8T6, STM32U073C8T6, STM32U073C8U6, STM32U073CBT6, STM32U073CBU6, STM32U073CCT6, STM32U073CCU6, STM32U073H8Y6TR, STM32U073HBY6TR, STM32U073HCY6TR, STM32U073K8U6, STM32U073KBU6, STM32U073KCU6, STM32U073M8I6, STM32U073M8T6, STM32U073MBI6, STM32U073MBT6, STM32U073MCI6, STM32U073MCT6, STM32U073R8I6, STM32U073R8T6, STM32U073RBI6, STM32U073RBT6, STM32U073RCI6, STM32U073RCT6, STM32U083C-DK, STM32U083CCT6, STM32U083CCU6, STM32U083HCY6TR, STM32U083KCU6, STM32U083MCI6, STM32U083MCT6, STM32U083RCI6, STM32U083RCT6, STM32U535CBT6, STM32U535CBT6Q, STM32U535CBU6, STM32U535CBU6Q, STM32U535CCT6, STM32U535CCT6Q, STM32U535CCU6, STM32U535CCU6Q, STM32U535CET6, STM32U535CET6Q, STM32U535CEU6, STM32U535CEU6Q, STM32U535JEY6QTR, STM32U535NCY6QTR, STM32U535NEY6QTR, STM32U535RBI6, STM32U535RBI6Q, STM32U535RBT6, STM32U535RBT6Q, STM32U535RCI6, STM32U535RCI6Q, STM32U535RCT6, STM32U535RCT6Q, STM32U535REI6, STM32U535REI6Q, STM32U535RET6, STM32U535RET6Q, STM32U535VCI6, STM32U535VCI6Q, STM32U535VCT6, STM32U535VCT6Q, STM32U535VEI6, STM32U535VEI6Q, STM32U535VET6, STM32U535VET6Q, STM32U545CET6, STM32U545CET6Q, STM32U545CEU6, STM32U545CEU6Q, STM32U545JEY6QTR, STM32U545NEY6QTR, STM32U545REI6, STM32U545REI6Q, STM32U545RET6, STM32U545RET6Q, STM32U545VEI6, STM32U545VEI6Q, STM32U545VET6, STM32U545VET6Q, STM32U595AIH6, STM32U595AIH6Q, STM32U595AJH6, STM32U595AJH6Q, STM32U595QII6, STM32U595QII6Q, STM32U595QJI6, STM32U595QJI6Q, STM32U595RIT6, STM32U595RIT6Q, STM32U595RJT6, STM32U595RJT6Q, STM32U595VIT6, STM32U595VIT6Q, STM32U595VJT6, STM32U595VJT6Q, STM32U595ZIT6, STM32U595ZIT6Q, STM32U595ZIY6QTR, STM32U595ZJT6, STM32U595ZJT6Q, STM32U595ZJY6QTR, STM32U599BJY6QTR, STM32U599NIH6Q, STM32U599NJH6Q, STM32U599VIT6Q, STM32U599VJT6, STM32U599VJT6Q, STM32U599ZIT6Q, STM32U599ZIY6QTR, STM32U599ZJT6Q, STM32U599ZJY6QTR, STM32U5A5AJH6, STM32U5A5AJH6Q, STM32U5A5QII3Q , STM32U5A5QJI6, STM32U5A5QJI6Q, STM32U5A5RJT6, STM32U5A5RJT6Q, STM32U5A5VJT6, STM32U5A5VJT6Q, STM32U5A5ZJT6, STM32U5A5ZJT6Q, STM32U5A5ZJY6QTR, STM32U5A9BJY6QTR, STM32U5A9J-DK, STM32U5A9NJH6Q, STM32U5A9VJT6Q, STM32U5A9ZJT6Q, STM32U5A9ZJY6QTR, STM32U5F7VIT6, STM32U5F7VIT6Q, STM32U5F7VJT6, STM32U5F7VJT6Q, STM32U5F9BJY6QTR, STM32U5F9NJH6Q, STM32U5F9VIT6Q, STM32U5F9VJT6Q, STM32U5F9ZIJ6QTR, STM32U5F9ZIT6Q, STM32U5F9ZJJ6QTR, STM32U5F9ZJT6Q, STM32U5G7VJT6, STM32U5G7VJT6Q, STM32U5G9BJY6QTR, STM32U5G9J-DK1, STM32U5G9J-DK2, STM32U5G9NJH6Q, STM32U5G9VJT6Q, STM32U5G9ZJJ6QTR, STM32U5G9ZJT6Q, STM32WB05KZV6TR, STM32WB05KZV7TR, STM32WB05TZF6TR, STM32WB05TZF7TR, STM32WB06CCF6TR, STM32WB06CCF7TR, STM32WB06CCV6TR, STM32WB06CCV7TR, STM32WB06KCV6TR, STM32WB06KCV7TR, STM32WB07CCF6TR, STM32WB07CCF7TR, STM32WB07CCV6TR, STM32WB07CCV7TR, STM32WB07KCV6TR, STM32WB07KCV7TR, STM32WB09KEV6TR, STM32WB09KEV7TR, STM32WB09TEF6TR, STM32WB09TEF7TR, STM32WB1MMCH6, STM32WBA50KGU6, STM32WBA50KGU6TR, STM32WBA52CEU6, STM32WBA52CEU6TR, STM32WBA52CEU7, STM32WBA52CEU7TR, STM32WBA52CGU6, STM32WBA52CGU6TR, STM32WBA52CGU6U, STM32WBA52CGU7, STM32WBA52CGU7TR, STM32WBA52KEU6, STM32WBA52KEU6TR, STM32WBA52KGU6, STM32WBA52KGU6TR, STM32WBA54CEU6, STM32WBA54CEU6TR, STM32WBA54CEU7, STM32WBA54CEU7TR, STM32WBA54CGU6, STM32WBA54CGU6TR, STM32WBA54CGU7, STM32WBA54CGU7TR, STM32WBA54KEU6, STM32WBA54KEU6TR, STM32WBA54KEU7, STM32WBA54KEU7TR, STM32WBA54KGU6, STM32WBA54KGU6TR, STM32WBA54KGU7, STM32WBA54KGU7TR, STM32WBA55CEU6, STM32WBA55CEU6TR, STM32WBA55CEU7, STM32WBA55CEU7TR, STM32WBA55CGU6, STM32WBA55CGU6TR, STM32WBA55CGU6U, STM32WBA55CGU7, STM32WBA55CGU7TR, STM32WBA55G-DK1, STM32WBA55HEF6, STM32WBA55HEF7, STM32WBA55HGF6, STM32WBA55HGF7, STM32WBA55UEI6, STM32WBA55UEI6TR, STM32WBA55UEI7, STM32WBA55UEI7TR, STM32WBA55UGI6, STM32WBA55UGI6TR, STM32WBA55UGI7, STM32WBA55UGI7TR, STM32WL5MOCH6, STM32WL5MOCH6TR]
2026-01-18 00:47:51,535 [INFO] DbMcus:218 - Found 4816 MCUs, 4816 are supported
2026-01-18 00:47:51,541 [INFO] ApiDb:423 - Load user favorites file C:\Users\brady/.stm32cubeide/favorites.mcus.txt: 1 item(s)
2026-01-18 00:47:51,541 [INFO] ApiDb:427 - User favorites MCUs=[STM32F412ZGT6]
2026-01-18 00:47:51,541 [INFO] DbMcus:224 - Set 1 / 1 favorites MCUs
2026-01-18 00:47:51,769 [INFO] BoardInfo:889 - No configuration file found for board B-WBA5M-WPAN
2026-01-18 00:47:51,769 [INFO] DbBoards:161 - Board is not supported: B-WBA5M-WPAN
2026-01-18 00:47:51,772 [INFO] BoardInfo:889 - No configuration file found for board NUCLEO-C051C8
2026-01-18 00:47:51,772 [INFO] DbBoards:161 - Board is not supported: NUCLEO-C051C8
2026-01-18 00:47:51,774 [INFO] BoardInfo:889 - No configuration file found for board NUCLEO-C092RC
2026-01-18 00:47:51,774 [INFO] DbBoards:161 - Board is not supported: NUCLEO-C092RC
2026-01-18 00:47:51,839 [INFO] BoardInfo:889 - No configuration file found for board NUCLEO-N657X0-Q
2026-01-18 00:47:51,840 [INFO] DbBoards:161 - Board is not supported: NUCLEO-N657X0-Q
2026-01-18 00:47:51,842 [INFO] BoardInfo:889 - No configuration file found for board NUCLEO-U385RG-Q
2026-01-18 00:47:51,843 [INFO] DbBoards:161 - Board is not supported: NUCLEO-U385RG-Q
2026-01-18 00:47:51,853 [INFO] BoardInfo:889 - No configuration file found for board NUCLEO-WBA65RI
2026-01-18 00:47:51,853 [INFO] DbBoards:161 - Board is not supported: NUCLEO-WBA65RI
2026-01-18 00:47:51,854 [INFO] BoardInfo:889 - No configuration file found for board NUCLEO-WL33CC1
2026-01-18 00:47:51,855 [INFO] DbBoards:161 - Board is not supported: NUCLEO-WL33CC1
2026-01-18 00:47:51,855 [INFO] BoardInfo:889 - No configuration file found for board NUCLEO-WL33CC2
2026-01-18 00:47:51,856 [INFO] DbBoards:161 - Board is not supported: NUCLEO-WL33CC2
2026-01-18 00:47:51,870 [INFO] BoardInfo:889 - No configuration file found for board P-NUCLEO-WB55
2026-01-18 00:47:51,870 [INFO] DbBoards:161 - Kit is not supported: P-NUCLEO-WB55
2026-01-18 00:47:51,874 [INFO] BoardInfo:889 - No configuration file found for board STEVAL-BFA001V1B
2026-01-18 00:47:51,874 [INFO] DbBoards:161 - Kit is not supported: STEVAL-BFA001V1B
2026-01-18 00:47:51,875 [INFO] BoardInfo:889 - No configuration file found for board STEVAL-BFA001V2B
2026-01-18 00:47:51,876 [INFO] DbBoards:161 - Kit is not supported: STEVAL-BFA001V2B
2026-01-18 00:47:51,986 [INFO] BoardInfo:889 - No configuration file found for board STM32N6570-DK
2026-01-18 00:47:51,986 [INFO] DbBoards:161 - Board is not supported: STM32N6570-DK
2026-01-18 00:47:51,994 [INFO] BoardInfo:889 - No configuration file found for board STM32WBA65I-DK1
2026-01-18 00:47:51,994 [INFO] DbBoards:161 - Board is not supported: STM32WBA65I-DK1
2026-01-18 00:47:51,995 [INFO] DbBoards:168 - Found 211 boards, 198 are supported
2026-01-18 00:47:51,995 [INFO] DbBoards:169 - Found 211 boards, 25 of them is supported for  Bsp
2026-01-18 00:47:51,997 [INFO] ApiDb:423 - Load user favorites file C:\Users\brady/.stm32cubeide/favorites.boards.txt: 0 item(s)
2026-01-18 00:47:51,997 [INFO] ApiDb:427 - User favorites Boards=[]
2026-01-18 00:47:51,997 [INFO] DbBoards:198 - Set 0 / 0 favorites Boards
2026-01-18 00:47:52,058 [INFO] UtilMem:75 - End LoadConfig() Used Memory: 801110928 Bytes (1073741824)
2026-01-18 00:47:52,135 [WARN] ThirdParty:833 - waiting for thirdparty lock release [change project]
2026-01-18 00:47:52,135 [INFO] ThirdParty:835 - entering critical section [change project]
2026-01-18 00:47:52,135 [INFO] ThirdParty:1030 - CMSIS Pack Vendor :STMicroelectronics X-CUBE-PM33A1 1.0.0
2026-01-18 00:47:52,135 [INFO] ThirdParty:1030 - CMSIS Pack Vendor :STMicroelectronics USBPD 4.1
2026-01-18 00:47:52,135 [INFO] ThirdParty:1030 - CMSIS Pack Vendor :STMicroelectronics X-CUBE-GNSS1 6.0.0
2026-01-18 00:47:52,135 [INFO] ThirdParty:1030 - CMSIS Pack Vendor :STMicroelectronics USB_HOST 2.0.0
2026-01-18 00:47:52,135 [INFO] ThirdParty:1030 - CMSIS Pack Vendor :STMicroelectronics FP-SNS-MOTENVWB1 1.4.0
2026-01-18 00:47:52,135 [INFO] ThirdParty:1030 - CMSIS Pack Vendor :STMicroelectronics X-CUBE-AZRTOS-F4 1.1.0
2026-01-18 00:47:52,135 [INFO] ThirdParty:1030 - CMSIS Pack Vendor :STMicroelectronics LIBJPEG 8.0.0
2026-01-18 00:47:52,135 [INFO] ThirdParty:1030 - CMSIS Pack Vendor :STMicroelectronics FP-ATR-ASTRA1 2.0.2
2026-01-18 00:47:52,135 [INFO] ThirdParty:1030 - CMSIS Pack Vendor :STMicroelectronics FP-ATR-ASTRA1 2.0.1
2026-01-18 00:47:52,135 [INFO] ThirdParty:1030 - CMSIS Pack Vendor :STMicroelectronics X-CUBE-SMBUS 2.1.0
2026-01-18 00:47:52,135 [INFO] ThirdParty:1030 - CMSIS Pack Vendor :STMicroelectronics X-CUBE-WB05N 1.1.0
2026-01-18 00:47:52,135 [INFO] ThirdParty:1030 - CMSIS Pack Vendor :STMicroelectronics X-CUBE-ISPU 2.1.0
2026-01-18 00:47:52,135 [INFO] ThirdParty:1030 - CMSIS Pack Vendor :STMicroelectronics X-CUBE-FREERTOS 1.2.0
2026-01-18 00:47:52,135 [INFO] ThirdParty:1030 - CMSIS Pack Vendor :STMicroelectronics X-CUBE-NFC12 1.0.0
2026-01-18 00:47:52,135 [INFO] ThirdParty:1030 - CMSIS Pack Vendor :STMicroelectronics X-CUBE-AZRTOS-F7 1.1.0
2026-01-18 00:47:52,135 [INFO] ThirdParty:1030 - CMSIS Pack Vendor :STMicroelectronics X-CUBE-AZRTOS-L5 2.0.0
2026-01-18 00:47:52,135 [INFO] ThirdParty:1030 - CMSIS Pack Vendor :STMicroelectronics USB_DEVICE 2.0.0
2026-01-18 00:47:52,135 [INFO] ThirdParty:1030 - CMSIS Pack Vendor :STMicroelectronics X-CUBE-NFC6 3.1.0
2026-01-18 00:47:52,135 [INFO] ThirdParty:1030 - CMSIS Pack Vendor :STMicroelectronics X-CUBE-MEMS1 11.0.0
2026-01-18 00:47:52,135 [INFO] ThirdParty:1030 - CMSIS Pack Vendor :STMicroelectronics FreeRTOS 0.0.1
2026-01-18 00:47:52,135 [INFO] ThirdParty:1030 - CMSIS Pack Vendor :STMicroelectronics X-CUBE-DPower 1.2.0
2026-01-18 00:47:52,135 [INFO] ThirdParty:1030 - CMSIS Pack Vendor :STMicroelectronics FP-SNS-FLIGHT1 5.0.2
2026-01-18 00:47:52,135 [INFO] ThirdParty:1030 - CMSIS Pack Vendor :STMicroelectronics X-CUBE-AI 9.0.0
2026-01-18 00:47:52,135 [INFO] ThirdParty:1030 - CMSIS Pack Vendor :STMicroelectronics PDM2PCM 3.3.0
2026-01-18 00:47:52,135 [INFO] ThirdParty:1030 - CMSIS Pack Vendor :STMicroelectronics X-CUBE-AZRTOS-H7 3.4.0
2026-01-18 00:47:52,135 [INFO] ThirdParty:1030 - CMSIS Pack Vendor :STMicroelectronics X-CUBE-DISPLAY 3.0.0
2026-01-18 00:47:52,135 [INFO] ThirdParty:1030 - CMSIS Pack Vendor :STMicroelectronics X-CUBE-BLE1 7.0.0
2026-01-18 00:47:52,135 [INFO] ThirdParty:1030 - CMSIS Pack Vendor :STMicroelectronics X-CUBE-NFC10 1.0.0
2026-01-18 00:47:52,135 [INFO] ThirdParty:1030 - CMSIS Pack Vendor :STMicroelectronics X-CUBE-BLEMGR 4.0.0
2026-01-18 00:47:52,135 [INFO] ThirdParty:1030 - CMSIS Pack Vendor :STMicroelectronics X-CUBE-FREERTOS 1.3.1
2026-01-18 00:47:52,135 [INFO] ThirdParty:1030 - CMSIS Pack Vendor :STMicroelectronics HAL Drivers 0.0.0
2026-01-18 00:47:52,135 [INFO] ThirdParty:1030 - CMSIS Pack Vendor :emotas I-CUBE-CANOPEN 1.3.0
2026-01-18 00:47:52,135 [INFO] ThirdParty:1030 - CMSIS Pack Vendor :STMicroelectronics X-CUBE-FREERTOS 1.3.0
2026-01-18 00:47:52,135 [INFO] ThirdParty:1030 - CMSIS Pack Vendor :STMicroelectronics X-CUBE-NFC7 1.0.1
2026-01-18 00:47:52,135 [INFO] ThirdParty:1030 - CMSIS Pack Vendor :STMicroelectronics MBEDTLS 2.14.1
2026-01-18 00:47:52,135 [INFO] ThirdParty:1030 - CMSIS Pack Vendor :STMicroelectronics X-CUBE-GNSS1 7.1.0
2026-01-18 00:47:52,135 [INFO] ThirdParty:1030 - CMSIS Pack Vendor :STMicroelectronics X-CUBE-TOUCHGFX 4.26.0
2026-01-18 00:47:52,135 [INFO] ThirdParty:1030 - CMSIS Pack Vendor :STMicroelectronics X-CUBE-BLEMGR 3.1.0
2026-01-18 00:47:52,135 [INFO] ThirdParty:1030 - CMSIS Pack Vendor :STMicroelectronics X-CUBE-AI 10.0.0
2026-01-18 00:47:52,135 [INFO] ThirdParty:1030 - CMSIS Pack Vendor :STMicroelectronics FP-SNS-SMARTAG2 1.2.0
2026-01-18 00:47:52,135 [INFO] ThirdParty:1030 - CMSIS Pack Vendor :STMicroelectronics X-CUBE-MEMS1 11.1.0
2026-01-18 00:47:52,135 [INFO] ThirdParty:1030 - CMSIS Pack Vendor :STMicroelectronics X-CUBE-AZRTOS-WL 2.0.0
2026-01-18 00:47:52,135 [INFO] ThirdParty:1030 - CMSIS Pack Vendor :STMicroelectronics X-CUBE-DPower 1.3.0
2026-01-18 00:47:52,135 [INFO] ThirdParty:1030 - CMSIS Pack Vendor :STMicroelectronics FP-SNS-MOTENV1 5.0.0
2026-01-18 00:47:52,135 [INFO] ThirdParty:1030 - CMSIS Pack Vendor :STMicroelectronics USB_DEVICE 1.0.0
2026-01-18 00:47:52,135 [INFO] ThirdParty:1030 - CMSIS Pack Vendor :STMicroelectronics X-CUBE-AZRTOS-H7RS 1.2.0
2026-01-18 00:47:52,135 [INFO] ThirdParty:1030 - CMSIS Pack Vendor :wolfSSL I-CUBE-wolfMQTT 1.19.0
2026-01-18 00:47:52,135 [INFO] ThirdParty:1030 - CMSIS Pack Vendor :STMicroelectronics X-CUBE-AZRTOS-L4 2.0.0
2026-01-18 00:47:52,135 [INFO] ThirdParty:1030 - CMSIS Pack Vendor :STMicroelectronics ThreadX 0.0.2
2026-01-18 00:47:52,135 [INFO] ThirdParty:1030 - CMSIS Pack Vendor :WES I-CUBE-Cesium 1.3.0
2026-01-18 00:47:52,135 [INFO] ThirdParty:1030 - CMSIS Pack Vendor :STMicroelectronics lwIP 2.1.2
2026-01-18 00:47:52,135 [INFO] ThirdParty:1030 - CMSIS Pack Vendor :STMicroelectronics X-CUBE-SFXS2LP1 4.0.0
2026-01-18 00:47:52,135 [INFO] ThirdParty:1030 - CMSIS Pack Vendor :STMicroelectronics X-CUBE-BLE2 3.3.0
2026-01-18 00:47:52,135 [INFO] ThirdParty:1030 - CMSIS Pack Vendor :STMicroelectronics PDM2PCM 3.2.0
2026-01-18 00:47:52,135 [INFO] ThirdParty:1030 - CMSIS Pack Vendor :STMicroelectronics X-CUBE-AZRTOS-H7 3.3.0
2026-01-18 00:47:52,135 [INFO] ThirdParty:1030 - CMSIS Pack Vendor :STMicroelectronics X-CUBE-NFC9 1.0.0
2026-01-18 00:47:52,135 [INFO] ThirdParty:1030 - CMSIS Pack Vendor :STMicroelectronics X-CUBE-BLE1 7.1.0
2026-01-18 00:47:52,135 [INFO] ThirdParty:1030 - CMSIS Pack Vendor :STMicroelectronics USB_DEVICE 3.0.0
2026-01-18 00:47:52,135 [INFO] ThirdParty:1030 - CMSIS Pack Vendor :STMicroelectronics X-CUBE-TCPP 4.1.0
2026-01-18 00:47:52,136 [INFO] ThirdParty:1030 - CMSIS Pack Vendor :STMicroelectronics X-CUBE-EEPRMA1 5.2.0
2026-01-18 00:47:52,136 [INFO] ThirdParty:1030 - CMSIS Pack Vendor :STMicroelectronics X-CUBE-IPS 3.0.0
2026-01-18 00:47:52,136 [INFO] ThirdParty:1030 - CMSIS Pack Vendor :STMicroelectronics X-CUBE-AZRTOS-WB 2.0.0
2026-01-18 00:47:52,136 [INFO] ThirdParty:1030 - CMSIS Pack Vendor :STMicroelectronics X-CUBE-GNSS1 7.0.0
2026-01-18 00:47:52,136 [INFO] ThirdParty:1030 - CMSIS Pack Vendor :STMicroelectronics X-CUBE-GNSS1 7.0.1
2026-01-18 00:47:52,136 [INFO] ThirdParty:1030 - CMSIS Pack Vendor :STMicroelectronics X-CUBE-TOUCHGFX 4.25.0
2026-01-18 00:47:52,136 [INFO] ThirdParty:1030 - CMSIS Pack Vendor :STMicroelectronics X-CUBE-AI 10.1.0
2026-01-18 00:47:52,136 [INFO] ThirdParty:1030 - CMSIS Pack Vendor :STMicroelectronics FP-SNS-STBOX1 2.0.0
2026-01-18 00:47:52,136 [INFO] ThirdParty:1030 - CMSIS Pack Vendor :STMicroelectronics X-CUBE-MEMS1 12.0.0
2026-01-18 00:47:52,136 [INFO] ThirdParty:1030 - CMSIS Pack Vendor :STMicroelectronics X-CUBE-MEMS1 11.2.0
2026-01-18 00:47:52,136 [INFO] ThirdParty:1030 - CMSIS Pack Vendor :STMicroelectronics X-CUBE-AZRTOS-G0 1.1.0
2026-01-18 00:47:52,136 [INFO] ThirdParty:1030 - CMSIS Pack Vendor :STMicroelectronics X-CUBE-SAFEA1 1.2.2
2026-01-18 00:47:52,136 [INFO] ThirdParty:1030 - CMSIS Pack Vendor :STMicroelectronics X-CUBE-NFC4 3.0.0
2026-01-18 00:47:52,136 [INFO] ThirdParty:1030 - CMSIS Pack Vendor :STMicroelectronics X-CUBE-SUBG2 5.0.0
2026-01-18 00:47:52,136 [INFO] ThirdParty:1030 - CMSIS Pack Vendor :STMicroelectronics X-CUBE-AZRTOS-H7RS 1.1.0
2026-01-18 00:47:52,136 [INFO] ThirdParty:1030 - CMSIS Pack Vendor :STMicroelectronics STM32_WPAN 1.0.0
2026-01-18 00:47:52,136 [INFO] ThirdParty:1030 - CMSIS Pack Vendor :EmbeddedOffice I-CUBE-FS-RTOS 1.0.1
2026-01-18 00:47:52,136 [INFO] ThirdParty:1030 - CMSIS Pack Vendor :STMicroelectronics lwIP 2.0.3
2026-01-18 00:47:52,136 [INFO] ThirdParty:1030 - CMSIS Pack Vendor :Cesanta I-CUBE-Mongoose 7.13.0
2026-01-18 00:47:52,136 [INFO] ThirdParty:1030 - CMSIS Pack Vendor :STMicroelectronics USB_HOST 1.0.0
2026-01-18 00:47:52,136 [INFO] ThirdParty:1030 - CMSIS Pack Vendor :STMicroelectronics X-CUBE-AZRTOS-G4 2.0.0
2026-01-18 00:47:52,136 [INFO] ThirdParty:1030 - CMSIS Pack Vendor :STMicroelectronics X-CUBE-WB05N 2.0.0
2026-01-18 00:47:52,136 [INFO] ThirdParty:1030 - CMSIS Pack Vendor :STMicroelectronics PDM2PCM 3.1.0
2026-01-18 00:47:52,136 [INFO] ThirdParty:1030 - CMSIS Pack Vendor :STMicroelectronics X-CUBE-NFC7 2.0.0
2026-01-18 00:47:52,136 [INFO] ThirdParty:1030 - CMSIS Pack Vendor :RealThread X-CUBE-RT-Thread_Nano 4.1.1
2026-01-18 00:47:52,136 [INFO] ThirdParty:1030 - CMSIS Pack Vendor :STMicroelectronics FP-ATR-SIGFOX1 3.2.0
2026-01-18 00:47:52,136 [INFO] ThirdParty:1030 - CMSIS Pack Vendor :wolfSSL I-CUBE-wolfSSL 5.7.2
2026-01-18 00:47:52,136 [INFO] ThirdParty:1030 - CMSIS Pack Vendor :quantropi X-CUBE-qispace-sdk-base 1.9.3
2026-01-18 00:47:52,136 [INFO] ThirdParty:1030 - CMSIS Pack Vendor :STMicroelectronics X-CUBE-ISPU 2.0.0
2026-01-18 00:47:52,136 [INFO] ThirdParty:1030 - CMSIS Pack Vendor :STMicroelectronics X-CUBE-EEPRMA1 5.1.0
2026-01-18 00:47:52,136 [INFO] ThirdParty:1030 - CMSIS Pack Vendor :STMicroelectronics MBEDTLS 2.16.2
2026-01-18 00:47:52,136 [INFO] ThirdParty:1030 - CMSIS Pack Vendor :STMicroelectronics X-CUBE-ALS 1.0.2
2026-01-18 00:47:52,136 [INFO] ThirdParty:1030 - CMSIS Pack Vendor :STMicroelectronics X-CUBE-TOUCHGFX 4.24.0
2026-01-18 00:47:52,136 [INFO] ThirdParty:1030 - CMSIS Pack Vendor :ITTIA_DB I-CUBE-ITTIADB 8.9.0
2026-01-18 00:47:52,136 [INFO] ThirdParty:1030 - CMSIS Pack Vendor :STMicroelectronics X-CUBE-TOUCHGFX 4.24.2
2026-01-18 00:47:52,136 [INFO] ThirdParty:1030 - CMSIS Pack Vendor :STMicroelectronics X-CUBE-TOUCHGFX 4.24.1
2026-01-18 00:47:52,136 [INFO] ThirdParty:1030 - CMSIS Pack Vendor :STMicroelectronics X-CUBE-STSE01 1.0.0
2026-01-18 00:47:52,136 [INFO] ThirdParty:1030 - CMSIS Pack Vendor :wolfSSL I-CUBE-wolfTPM 3.4.0
2026-01-18 00:47:52,136 [INFO] ThirdParty:1030 - CMSIS Pack Vendor :portGmbH I-Cube-SoM-uGOAL 1.1.0
2026-01-18 00:47:52,136 [INFO] ThirdParty:1030 - CMSIS Pack Vendor :STMicroelectronics X-CUBE-AI 10.2.0
2026-01-18 00:47:52,136 [INFO] ThirdParty:1030 - CMSIS Pack Vendor :STMicroelectronics ThreadX 1.0.0
2026-01-18 00:47:52,136 [INFO] ThirdParty:1030 - CMSIS Pack Vendor :SEGGER I-CUBE-embOS 1.3.1
2026-01-18 00:47:52,136 [INFO] ThirdParty:1030 - CMSIS Pack Vendor :STMicroelectronics X-CUBE-ALGOBUILD 1.4.0
2026-01-18 00:47:52,136 [INFO] ThirdParty:1030 - CMSIS Pack Vendor :STMicroelectronics X-CUBE-MEMS1 11.3.0
2026-01-18 00:47:52,136 [INFO] ThirdParty:1030 - CMSIS Pack Vendor :STMicroelectronics X-CUBE-AZRTOS-H7RS 1.0.0
2026-01-18 00:47:52,136 [INFO] ThirdParty:1030 - CMSIS Pack Vendor :STMicroelectronics FP-ATR-ASTRA1 2.0.0
2026-01-18 00:47:52,136 [INFO] ThirdParty:1030 - CMSIS Pack Vendor :STMicroelectronics X-CUBE-TOF1 3.4.2
2026-01-18 00:47:52,136 [INFO] ThirdParty:1030 - CMSIS Pack Vendor :STMicroelectronics X-CUBE-AI 9.1.0
2026-01-18 00:47:52,136 [INFO] ThirdParty:1030 - CMSIS Pack Vendor :Infineon AIROC-Wi-Fi-Bluetooth-STM32 1.6.1
2026-01-18 00:47:52,136 [INFO] ThirdParty:1030 - CMSIS Pack Vendor :wolfSSL I-CUBE-wolfSSH 1.4.17
2026-01-18 00:47:52,136 [INFO] ThirdParty:841 - exiting critical section [change project]
2026-01-18 00:47:52,483 [INFO] PinOutPanel:1561 - setPackage(No Configuration,No Configuration)
2026-01-18 00:47:52,484 [INFO] PinOutPanel:1561 - setPackage(STM32H743VGTx,LQFP100)
2026-01-18 00:47:53,192 [INFO] UtilMem:75 - Before build in PCC Used Memory: 787155392 Bytes (1073741824)
2026-01-18 00:47:54,142 [INFO] UtilMem:75 - After build in PCC Used Memory: 864227776 Bytes (1073741824)
2026-01-18 00:47:54,323 [INFO] ApiDbMcu:508 - Load IP Config File for FATFS
2026-01-18 00:47:54,357 [INFO] IPUIPlugin:80 - create IPUIPlugin
2026-01-18 00:47:54,357 [INFO] IPUIPlugin:80 - create IPUIPlugin
2026-01-18 00:47:54,357 [INFO] IPUIPlugin:80 - create IPUIPlugin
2026-01-18 00:47:54,357 [INFO] IPUIPlugin:80 - create IPUIPlugin
2026-01-18 00:47:54,357 [INFO] IPUIPlugin:80 - create IPUIPlugin
2026-01-18 00:47:54,357 [INFO] IPUIPlugin:80 - create IPUIPlugin
2026-01-18 00:47:54,357 [INFO] IPUIPlugin:80 - create IPUIPlugin
2026-01-18 00:47:54,357 [INFO] IPUIPlugin:80 - create IPUIPlugin
2026-01-18 00:47:54,357 [INFO] IPUIPlugin:80 - create IPUIPlugin
2026-01-18 00:47:54,357 [INFO] IPUIPlugin:80 - create IPUIPlugin
2026-01-18 00:47:54,358 [INFO] IPUIPlugin:80 - create IPUIPlugin
2026-01-18 00:47:54,358 [INFO] IPUIPlugin:80 - create IPUIPlugin
2026-01-18 00:47:54,358 [INFO] IPUIPlugin:80 - create IPUIPlugin
2026-01-18 00:47:54,358 [INFO] IPUIPlugin:80 - create IPUIPlugin
2026-01-18 00:47:54,358 [INFO] IPUIPlugin:80 - create IPUIPlugin
2026-01-18 00:47:54,358 [INFO] IPUIPlugin:80 - create IPUIPlugin
2026-01-18 00:47:54,358 [INFO] IPUIPlugin:80 - create IPUIPlugin
2026-01-18 00:47:54,358 [INFO] IPUIPlugin:80 - create IPUIPlugin
2026-01-18 00:47:54,358 [INFO] IPUIPlugin:80 - create IPUIPlugin
2026-01-18 00:47:54,358 [INFO] IPUIPlugin:80 - create IPUIPlugin
2026-01-18 00:47:54,358 [INFO] IPUIPlugin:80 - create IPUIPlugin
2026-01-18 00:47:54,358 [INFO] IPUIPlugin:80 - create IPUIPlugin
2026-01-18 00:47:54,358 [INFO] IPUIPlugin:80 - create IPUIPlugin
2026-01-18 00:47:54,358 [INFO] IPUIPlugin:80 - create IPUIPlugin
2026-01-18 00:47:54,358 [INFO] IPUIPlugin:80 - create IPUIPlugin
2026-01-18 00:47:54,358 [INFO] IPUIPlugin:80 - create IPUIPlugin
2026-01-18 00:47:54,358 [INFO] IPUIPlugin:80 - create IPUIPlugin
2026-01-18 00:47:54,358 [INFO] IPUIPlugin:80 - create IPUIPlugin
2026-01-18 00:47:54,359 [INFO] IPUIPlugin:80 - create IPUIPlugin
2026-01-18 00:47:54,359 [INFO] IPUIPlugin:80 - create IPUIPlugin
2026-01-18 00:47:54,359 [INFO] IPUIPlugin:80 - create IPUIPlugin
2026-01-18 00:47:54,359 [INFO] IPUIPlugin:80 - create IPUIPlugin
2026-01-18 00:47:54,359 [INFO] IPUIPlugin:80 - create IPUIPlugin
2026-01-18 00:47:54,359 [INFO] IPUIPlugin:80 - create IPUIPlugin
2026-01-18 00:47:54,359 [INFO] IPUIPlugin:80 - create IPUIPlugin
2026-01-18 00:47:54,360 [INFO] IPUIPlugin:80 - create IPUIPlugin
2026-01-18 00:47:54,367 [INFO] IPUIPlugin:80 - create IPUIPlugin
2026-01-18 00:47:54,367 [INFO] IPUIPlugin:80 - create IPUIPlugin
2026-01-18 00:47:54,367 [INFO] IPUIPlugin:80 - create IPUIPlugin
2026-01-18 00:47:54,367 [INFO] IPUIPlugin:80 - create IPUIPlugin
2026-01-18 00:47:54,368 [INFO] IPUIPlugin:80 - create IPUIPlugin
2026-01-18 00:47:54,368 [INFO] IPUIPlugin:80 - create IPUIPlugin
2026-01-18 00:47:54,368 [INFO] IPUIPlugin:80 - create IPUIPlugin
2026-01-18 00:47:54,368 [INFO] IPUIPlugin:80 - create IPUIPlugin
2026-01-18 00:47:54,368 [INFO] IPUIPlugin:80 - create IPUIPlugin
2026-01-18 00:47:54,368 [INFO] IPUIPlugin:80 - create IPUIPlugin
2026-01-18 00:47:54,368 [INFO] IPUIPlugin:80 - create IPUIPlugin
2026-01-18 00:47:54,368 [INFO] IPUIPlugin:80 - create IPUIPlugin
2026-01-18 00:47:54,368 [INFO] IPUIPlugin:80 - create IPUIPlugin
2026-01-18 00:47:54,369 [INFO] IPUIPlugin:80 - create IPUIPlugin
2026-01-18 00:47:54,369 [INFO] IPUIPlugin:80 - create IPUIPlugin
2026-01-18 00:47:54,369 [INFO] IPUIPlugin:80 - create IPUIPlugin
2026-01-18 00:47:54,369 [INFO] IPUIPlugin:80 - create IPUIPlugin
2026-01-18 00:47:54,369 [INFO] IPUIPlugin:80 - create IPUIPlugin
2026-01-18 00:47:54,369 [INFO] IPUIPlugin:80 - create IPUIPlugin
2026-01-18 00:47:54,370 [INFO] IPUIPlugin:80 - create IPUIPlugin
2026-01-18 00:47:54,370 [INFO] IPUIPlugin:80 - create IPUIPlugin
2026-01-18 00:47:54,370 [INFO] IPUIPlugin:80 - create IPUIPlugin
2026-01-18 00:47:54,370 [INFO] IPUIPlugin:80 - create IPUIPlugin
2026-01-18 00:47:54,370 [INFO] IPUIPlugin:80 - create IPUIPlugin
2026-01-18 00:47:54,370 [INFO] IPUIPlugin:80 - create IPUIPlugin
2026-01-18 00:47:54,370 [INFO] IPUIPlugin:80 - create IPUIPlugin
2026-01-18 00:47:54,371 [INFO] IPUIPlugin:80 - create IPUIPlugin
2026-01-18 00:47:54,371 [INFO] IPUIPlugin:80 - create IPUIPlugin
2026-01-18 00:47:54,371 [INFO] IPUIPlugin:80 - create IPUIPlugin
2026-01-18 00:47:54,371 [INFO] IPUIPlugin:80 - create IPUIPlugin
2026-01-18 00:47:54,371 [INFO] IPUIPlugin:80 - create IPUIPlugin
2026-01-18 00:47:54,371 [INFO] IPUIPlugin:80 - create IPUIPlugin
2026-01-18 00:47:54,372 [INFO] IPUIPlugin:80 - create IPUIPlugin
2026-01-18 00:47:54,372 [INFO] IPUIPlugin:80 - create IPUIPlugin
2026-01-18 00:47:54,372 [INFO] IPUIPlugin:80 - create IPUIPlugin
2026-01-18 00:47:54,372 [INFO] IPUIPlugin:80 - create IPUIPlugin
2026-01-18 00:47:54,372 [INFO] IPUIPlugin:80 - create IPUIPlugin
2026-01-18 00:47:54,372 [INFO] IPUIPlugin:80 - create IPUIPlugin
2026-01-18 00:47:54,373 [INFO] IPUIPlugin:80 - create IPUIPlugin
2026-01-18 00:47:54,373 [INFO] IPUIPlugin:80 - create IPUIPlugin
2026-01-18 00:47:54,373 [INFO] IPUIPlugin:80 - create IPUIPlugin
2026-01-18 00:47:54,373 [INFO] IPUIPlugin:80 - create IPUIPlugin
2026-01-18 00:47:54,373 [INFO] IPUIPlugin:80 - create IPUIPlugin
2026-01-18 00:47:54,373 [INFO] IPUIPlugin:80 - create IPUIPlugin
2026-01-18 00:47:54,374 [INFO] IPUIPlugin:80 - create IPUIPlugin
2026-01-18 00:47:54,374 [INFO] IPUIPlugin:80 - create IPUIPlugin
2026-01-18 00:47:54,374 [INFO] IPUIPlugin:80 - create IPUIPlugin
2026-01-18 00:47:54,374 [INFO] IPUIPlugin:80 - create IPUIPlugin
2026-01-18 00:47:54,375 [INFO] IPUIPlugin:80 - create IPUIPlugin
2026-01-18 00:47:54,375 [INFO] IPUIPlugin:80 - create IPUIPlugin
2026-01-18 00:47:54,375 [INFO] IPUIPlugin:80 - create IPUIPlugin
2026-01-18 00:47:54,375 [INFO] IPUIPlugin:80 - create IPUIPlugin
2026-01-18 00:47:54,376 [INFO] IPUIPlugin:80 - create IPUIPlugin
2026-01-18 00:47:54,376 [INFO] IPUIPlugin:80 - create IPUIPlugin
2026-01-18 00:47:54,376 [INFO] IPUIPlugin:80 - create IPUIPlugin
2026-01-18 00:47:54,376 [INFO] IPUIPlugin:80 - create IPUIPlugin
2026-01-18 00:47:54,377 [INFO] IPUIPlugin:80 - create IPUIPlugin
2026-01-18 00:47:54,377 [INFO] IPUIPlugin:80 - create IPUIPlugin
2026-01-18 00:47:54,377 [INFO] IPUIPlugin:80 - create IPUIPlugin
2026-01-18 00:47:54,378 [INFO] IPUIPlugin:80 - create IPUIPlugin
2026-01-18 00:47:54,378 [INFO] IPUIPlugin:80 - create IPUIPlugin
2026-01-18 00:47:54,412 [INFO] ApiDbMcu:508 - Load IP Config File for PDM2PCM
2026-01-18 00:47:54,726 [INFO] CADModel:165 - CPN selected for project levelSTM32H743VGT6
2026-01-18 00:47:54,726 [INFO] CADModel:114 - Register for checkConnection events
2026-01-18 00:47:54,790 [INFO] OpenFileManager:363 - Restore cursor
2026-01-18 00:54:49,029 [INFO] UtilMem:75 - End SaveConfig() Used Memory: 860207376 Bytes (1073741824)
2026-01-18 00:54:50,231 [INFO] UtilMem:75 - End SaveConfig() Used Memory: 906239760 Bytes (1073741824)
2026-01-18 00:54:51,581 [INFO] UtilMem:75 - End SaveConfig() Used Memory: 960686368 Bytes (1073741824)
2026-01-18 00:54:51,930 [INFO] BlockDiagram:2766 - set Specific Code input for plugin: SPI
2026-01-18 00:54:51,930 [INFO] BlockDiagram:2766 - set Specific Code input for plugin: RCC
2026-01-18 00:54:51,930 [INFO] BlockDiagram:2766 - set Specific Code input for plugin: USART
2026-01-18 00:54:51,930 [INFO] BlockDiagram:2766 - set Specific Code input for plugin: FATFS
2026-01-18 00:54:51,930 [INFO] BlockDiagram:2766 - set Specific Code input for plugin: MEMORYMAP
2026-01-18 00:54:51,930 [INFO] BlockDiagram:2766 - set Specific Code input for plugin: SYS
2026-01-18 00:54:51,930 [INFO] BlockDiagram:2766 - set Specific Code input for plugin: USB_OTG_FS
2026-01-18 00:54:51,930 [INFO] BlockDiagram:2766 - set Specific Code input for plugin: NVIC
2026-01-18 00:54:51,930 [INFO] BlockDiagram:2766 - set Specific Code input for plugin: CORTEX_M7
2026-01-18 00:54:51,930 [INFO] BlockDiagram:2766 - set Specific Code input for plugin: UART
2026-01-18 00:54:51,930 [INFO] BlockDiagram:2766 - set Specific Code input for plugin: UART
2026-01-18 00:54:51,930 [INFO] BlockDiagram:2766 - set Specific Code input for plugin: DEBUG
2026-01-18 00:54:51,932 [INFO] BlockDiagram:2766 - set Specific Code input for plugin: GPIO
2026-01-18 00:54:51,933 [INFO] CodeGenerator:807 - code generatio: config db path: C:\ST\STM32CubeIDE_1.16.0\STM32CubeIDE\plugins\com.st.stm32cube.common.mx_6.12.0.202406281431\\db\
2026-01-18 00:54:52,240 [INFO] CodeEngine:255 - oldGeneratedFile, C:\Users\brady\repos\UCI-Rocket-Project-Solids\flight-code\MXTmpFiles\license.tmp_save
2026-01-18 00:54:52,506 [INFO] CodeEngine:279 - Generated code: C:\Users\brady\repos\UCI-Rocket-Project-Solids\flight-code\MXTmpFiles\license.tmp
2026-01-18 00:54:52,641 [INFO] CodeEngine:255 - oldGeneratedFile, C:\Users\brady\repos\UCI-Rocket-Project-Solids\flight-code\MXTmpFiles\gpio.tmp_save
2026-01-18 00:54:52,781 [INFO] CodeEngine:279 - Generated code: C:\Users\brady\repos\UCI-Rocket-Project-Solids\flight-code\MXTmpFiles\gpio.tmp
2026-01-18 00:54:52,874 [WARN] IPConfigManager:98 - WARNING: Missing Config File for DEBUG ip!!
2026-01-18 00:54:53,137 [WARN] IPConfigManager:98 - WARNING: Missing Config File for MEMORYMAP ip!!
2026-01-18 00:54:53,739 [INFO] Middleware:1439 - No code input for Bsp Dependency
2026-01-18 00:54:53,751 [INFO] CodeEngine:255 - oldGeneratedFile, C:\Users\brady\repos\UCI-Rocket-Project-Solids\flight-code\MXTmpFiles\fatfs_HalInit.tmp_save
2026-01-18 00:54:53,812 [INFO] CodeEngine:279 - Generated code: C:\Users\brady\repos\UCI-Rocket-Project-Solids\flight-code\MXTmpFiles\fatfs_HalInit.tmp
2026-01-18 00:54:53,822 [INFO] CodeEngine:255 - oldGeneratedFile, C:\Users\brady\repos\UCI-Rocket-Project-Solids\flight-code\MXTmpFiles\fatfs_vars.tmp_save
2026-01-18 00:54:53,876 [INFO] CodeEngine:279 - Generated code: C:\Users\brady\repos\UCI-Rocket-Project-Solids\flight-code\MXTmpFiles\fatfs_vars.tmp
2026-01-18 00:54:53,886 [INFO] CodeEngine:255 - oldGeneratedFile, C:\Users\brady\repos\UCI-Rocket-Project-Solids\flight-code\MXTmpFiles\fatfs_ext_vars.tmp_save
2026-01-18 00:54:53,937 [INFO] CodeEngine:279 - Generated code: C:\Users\brady\repos\UCI-Rocket-Project-Solids\flight-code\MXTmpFiles\fatfs_ext_vars.tmp
2026-01-18 00:54:53,948 [INFO] CodeEngine:255 - oldGeneratedFile, C:\Users\brady\repos\UCI-Rocket-Project-Solids\flight-code\MXTmpFiles\fatfs_inc.tmp_save
2026-01-18 00:54:53,996 [INFO] CodeEngine:279 - Generated code: C:\Users\brady\repos\UCI-Rocket-Project-Solids\flight-code\MXTmpFiles\fatfs_inc.tmp
2026-01-18 00:54:54,010 [INFO] CodeEngine:255 - oldGeneratedFile, C:\Users\brady\repos\UCI-Rocket-Project-Solids\flight-code\MXTmpFiles\cortex.tmp_save
2026-01-18 00:54:54,084 [INFO] CodeEngine:279 - Generated code: C:\Users\brady\repos\UCI-Rocket-Project-Solids\flight-code\MXTmpFiles\cortex.tmp
2026-01-18 00:54:54,089 [INFO] Middleware:1439 - No code input for Bsp Dependency
2026-01-18 00:54:54,095 [INFO] CodeEngine:255 - oldGeneratedFile, C:\Users\brady\repos\UCI-Rocket-Project-Solids\flight-code\MXTmpFiles\fatfs_HalInit.tmp_save
2026-01-18 00:54:54,141 [INFO] CodeEngine:279 - Generated code: C:\Users\brady\repos\UCI-Rocket-Project-Solids\flight-code\MXTmpFiles\fatfs_HalInit.tmp
2026-01-18 00:54:54,145 [INFO] CodeEngine:255 - oldGeneratedFile, C:\Users\brady\repos\UCI-Rocket-Project-Solids\flight-code\MXTmpFiles\fatfs_vars.tmp_save
2026-01-18 00:54:54,185 [INFO] CodeEngine:279 - Generated code: C:\Users\brady\repos\UCI-Rocket-Project-Solids\flight-code\MXTmpFiles\fatfs_vars.tmp
2026-01-18 00:54:54,189 [INFO] CodeEngine:255 - oldGeneratedFile, C:\Users\brady\repos\UCI-Rocket-Project-Solids\flight-code\MXTmpFiles\fatfs_ext_vars.tmp_save
2026-01-18 00:54:54,230 [INFO] CodeEngine:279 - Generated code: C:\Users\brady\repos\UCI-Rocket-Project-Solids\flight-code\MXTmpFiles\fatfs_ext_vars.tmp
2026-01-18 00:54:54,235 [INFO] CodeEngine:255 - oldGeneratedFile, C:\Users\brady\repos\UCI-Rocket-Project-Solids\flight-code\MXTmpFiles\fatfs_inc.tmp_save
2026-01-18 00:54:54,271 [INFO] CodeEngine:279 - Generated code: C:\Users\brady\repos\UCI-Rocket-Project-Solids\flight-code\MXTmpFiles\fatfs_inc.tmp
2026-01-18 00:54:54,288 [INFO] CodeEngine:255 - oldGeneratedFile, C:\Users\brady\repos\UCI-Rocket-Project-Solids\flight-code\FATFS\Target\ffconf.h_save
2026-01-18 00:54:54,364 [INFO] CodeEngine:279 - Generated code: C:\Users\brady\repos\UCI-Rocket-Project-Solids\flight-code\FATFS\Target\ffconf.h
2026-01-18 00:54:54,381 [INFO] CodeEngine:255 - oldGeneratedFile, C:\Users\brady\repos\UCI-Rocket-Project-Solids\flight-code\FATFS\Target\user_diskio.c_save
2026-01-18 00:54:54,438 [INFO] CodeEngine:279 - Generated code: C:\Users\brady\repos\UCI-Rocket-Project-Solids\flight-code\FATFS\Target\user_diskio.c
2026-01-18 00:54:54,454 [INFO] CodeEngine:255 - oldGeneratedFile, C:\Users\brady\repos\UCI-Rocket-Project-Solids\flight-code\FATFS\Target\user_diskio.h_save
2026-01-18 00:54:54,500 [INFO] CodeEngine:279 - Generated code: C:\Users\brady\repos\UCI-Rocket-Project-Solids\flight-code\FATFS\Target\user_diskio.h
2026-01-18 00:54:54,516 [INFO] CodeEngine:255 - oldGeneratedFile, C:\Users\brady\repos\UCI-Rocket-Project-Solids\flight-code\FATFS\App\fatfs.c_save
2026-01-18 00:54:54,573 [INFO] CodeEngine:279 - Generated code: C:\Users\brady\repos\UCI-Rocket-Project-Solids\flight-code\FATFS\App\fatfs.c
2026-01-18 00:54:54,591 [INFO] CodeEngine:255 - oldGeneratedFile, C:\Users\brady\repos\UCI-Rocket-Project-Solids\flight-code\FATFS\App\fatfs.h_save
2026-01-18 00:54:54,643 [INFO] CodeEngine:279 - Generated code: C:\Users\brady\repos\UCI-Rocket-Project-Solids\flight-code\FATFS\App\fatfs.h
2026-01-18 00:54:54,674 [INFO] CodeEngine:255 - oldGeneratedFile, C:\Users\brady\repos\UCI-Rocket-Project-Solids\flight-code\Core\Src\stm32h7xx_it.c_save
2026-01-18 00:54:54,789 [INFO] CodeEngine:279 - Generated code: C:\Users\brady\repos\UCI-Rocket-Project-Solids\flight-code\Core\Src\stm32h7xx_it.c
2026-01-18 00:54:54,817 [INFO] CodeEngine:255 - oldGeneratedFile, C:\Users\brady\repos\UCI-Rocket-Project-Solids\flight-code\Core\Inc\stm32h7xx_it.h_save
2026-01-18 00:54:54,891 [INFO] CodeEngine:279 - Generated code: C:\Users\brady\repos\UCI-Rocket-Project-Solids\flight-code\Core\Inc\stm32h7xx_it.h
2026-01-18 00:54:55,058 [INFO] CodeEngine:255 - oldGeneratedFile, C:\Users\brady\repos\UCI-Rocket-Project-Solids\flight-code\Core\Src\stm32h7xx_hal_msp.c_save
2026-01-18 00:54:55,178 [INFO] CodeEngine:279 - Generated code: C:\Users\brady\repos\UCI-Rocket-Project-Solids\flight-code\Core\Src\stm32h7xx_hal_msp.c
2026-01-18 00:54:55,191 [INFO] CodeEngine:255 - oldGeneratedFile, C:\Users\brady\repos\UCI-Rocket-Project-Solids\flight-code\MXTmpFiles\system.tmp_save
2026-01-18 00:54:55,244 [INFO] CodeEngine:279 - Generated code: C:\Users\brady\repos\UCI-Rocket-Project-Solids\flight-code\MXTmpFiles\system.tmp
2026-01-18 00:54:55,273 [INFO] CodeEngine:311 - oldGeneratedFile, C:\Users\brady\repos\UCI-Rocket-Project-Solids\flight-code\Core\Inc\stm32h7xx_hal_conf.h_save
2026-01-18 00:54:55,340 [INFO] CodeEngine:335 - Generated code: C:\Users\brady\repos\UCI-Rocket-Project-Solids\flight-code\Core\Inc\stm32h7xx_hal_conf.h
2026-01-18 00:54:55,376 [WARN] IPConfigManager:3554 - IP not found : USB_OTG
2026-01-18 00:54:55,376 [WARN] CodeGenerator:4002 - IP not found : null
2026-01-18 00:54:55,400 [INFO] CodeEngine:255 - oldGeneratedFile, C:\Users\brady\repos\UCI-Rocket-Project-Solids\flight-code\Core\Inc\main.h_save
2026-01-18 00:54:55,483 [INFO] CodeEngine:279 - Generated code: C:\Users\brady\repos\UCI-Rocket-Project-Solids\flight-code\Core\Inc\main.h
2026-01-18 00:54:55,503 [INFO] CodeEngine:255 - oldGeneratedFile, C:\Users\brady\repos\UCI-Rocket-Project-Solids\flight-code\Core\Src\main.c_save
2026-01-18 00:54:55,638 [INFO] CodeEngine:279 - Generated code: C:\Users\brady\repos\UCI-Rocket-Project-Solids\flight-code\Core\Src\main.c
2026-01-18 00:54:55,873 [INFO] ProjectBuilder:3249 - Time for Copy HAL[1] : 144mS.
2026-01-18 00:54:55,880 [INFO] ProjectBuilder:4828 - Project Generator version: 4.4.0-B60
2026-01-18 00:54:55,958 [INFO] ConfigFileManager:1531 - The Die is : DIE450
2026-01-18 00:54:55,974 [INFO] ApiDbMcu:508 - Load IP Config File for FREERTOS
2026-01-18 00:54:55,986 [INFO] ApiDbMcu:508 - Load IP Config File for LIBJPEG
2026-01-18 00:54:56,005 [INFO] ApiDbMcu:508 - Load IP Config File for LWIP
2026-01-18 00:54:56,026 [INFO] ApiDbMcu:508 - Load IP Config File for MBEDTLS
2026-01-18 00:54:56,043 [INFO] ApiDbMcu:508 - Load IP Config File for USB_DEVICE
2026-01-18 00:54:56,059 [INFO] ApiDbMcu:508 - Load IP Config File for USB_HOST
2026-01-18 00:54:56,626 [INFO] LogOutputStream:77 - [STDOUT_REDIRECT] 
2026-01-18 00:54:57,874 [INFO] ProjectBuilder:5097 - Time for Generating toolchain IDE Files: 1994mS.
2026-01-18 00:54:57,875 [INFO] ProjectBuilder:3107 - Time for Copy CMSIS : 1mS.
2026-01-18 00:54:57,878 [INFO] ProjectBuilder:3107 - Time for Copy CMSIS : 0mS.
2026-01-18 01:45:34,285 [INFO] UtilMem:75 - End SaveConfig() Used Memory: 855479832 Bytes (1073741824)
2026-01-18 01:45:35,550 [INFO] UtilMem:75 - End SaveConfig() Used Memory: 829839592 Bytes (1073741824)
2026-01-18 01:45:37,130 [INFO] UtilMem:75 - End SaveConfig() Used Memory: 889564960 Bytes (1073741824)
2026-01-18 01:45:37,274 [INFO] BlockDiagram:2766 - set Specific Code input for plugin: SPI
2026-01-18 01:45:37,274 [INFO] BlockDiagram:2766 - set Specific Code input for plugin: RCC
2026-01-18 01:45:37,274 [INFO] BlockDiagram:2766 - set Specific Code input for plugin: USART
2026-01-18 01:45:37,274 [INFO] BlockDiagram:2766 - set Specific Code input for plugin: FATFS
2026-01-18 01:45:37,274 [INFO] BlockDiagram:2766 - set Specific Code input for plugin: MEMORYMAP
2026-01-18 01:45:37,274 [INFO] BlockDiagram:2766 - set Specific Code input for plugin: SYS
2026-01-18 01:45:37,274 [INFO] BlockDiagram:2766 - set Specific Code input for plugin: USB_OTG_FS
2026-01-18 01:45:37,274 [INFO] BlockDiagram:2766 - set Specific Code input for plugin: NVIC
2026-01-18 01:45:37,274 [INFO] BlockDiagram:2766 - set Specific Code input for plugin: CORTEX_M7
2026-01-18 01:45:37,274 [INFO] BlockDiagram:2766 - set Specific Code input for plugin: UART
2026-01-18 01:45:37,274 [INFO] BlockDiagram:2766 - set Specific Code input for plugin: UART
2026-01-18 01:45:37,274 [INFO] BlockDiagram:2766 - set Specific Code input for plugin: DEBUG
2026-01-18 01:45:37,274 [INFO] BlockDiagram:2766 - set Specific Code input for plugin: GPIO
2026-01-18 01:45:37,275 [INFO] CodeGenerator:807 - code generatio: config db path: C:\ST\STM32CubeIDE_1.16.0\STM32CubeIDE\plugins\com.st.stm32cube.common.mx_6.12.0.202406281431\\db\
2026-01-18 01:45:37,346 [INFO] CodeEngine:255 - oldGeneratedFile, C:\Users\brady\repos\UCI-Rocket-Project-Solids\flight-code\MXTmpFiles\license.tmp_save
2026-01-18 01:45:37,432 [INFO] CodeEngine:279 - Generated code: C:\Users\brady\repos\UCI-Rocket-Project-Solids\flight-code\MXTmpFiles\license.tmp
2026-01-18 01:45:37,482 [INFO] CodeEngine:255 - oldGeneratedFile, C:\Users\brady\repos\UCI-Rocket-Project-Solids\flight-code\MXTmpFiles\gpio.tmp_save
2026-01-18 01:45:37,565 [INFO] CodeEngine:279 - Generated code: C:\Users\brady\repos\UCI-Rocket-Project-Solids\flight-code\MXTmpFiles\gpio.tmp
2026-01-18 01:45:37,615 [WARN] IPConfigManager:98 - WARNING: Missing Config File for DEBUG ip!!
2026-01-18 01:45:37,731 [WARN] IPConfigManager:98 - WARNING: Missing Config File for MEMORYMAP ip!!
2026-01-18 01:45:38,162 [INFO] Middleware:1439 - No code input for Bsp Dependency
2026-01-18 01:45:38,172 [INFO] CodeEngine:255 - oldGeneratedFile, C:\Users\brady\repos\UCI-Rocket-Project-Solids\flight-code\MXTmpFiles\fatfs_HalInit.tmp_save
2026-01-18 01:45:38,259 [INFO] CodeEngine:279 - Generated code: C:\Users\brady\repos\UCI-Rocket-Project-Solids\flight-code\MXTmpFiles\fatfs_HalInit.tmp
2026-01-18 01:45:38,266 [INFO] CodeEngine:255 - oldGeneratedFile, C:\Users\brady\repos\UCI-Rocket-Project-Solids\flight-code\MXTmpFiles\fatfs_vars.tmp_save
2026-01-18 01:45:38,337 [INFO] CodeEngine:279 - Generated code: C:\Users\brady\repos\UCI-Rocket-Project-Solids\flight-code\MXTmpFiles\fatfs_vars.tmp
2026-01-18 01:45:38,342 [INFO] CodeEngine:255 - oldGeneratedFile, C:\Users\brady\repos\UCI-Rocket-Project-Solids\flight-code\MXTmpFiles\fatfs_ext_vars.tmp_save
2026-01-18 01:45:38,396 [INFO] CodeEngine:279 - Generated code: C:\Users\brady\repos\UCI-Rocket-Project-Solids\flight-code\MXTmpFiles\fatfs_ext_vars.tmp
2026-01-18 01:45:38,399 [INFO] CodeEngine:255 - oldGeneratedFile, C:\Users\brady\repos\UCI-Rocket-Project-Solids\flight-code\MXTmpFiles\fatfs_inc.tmp_save
2026-01-18 01:45:38,452 [INFO] CodeEngine:279 - Generated code: C:\Users\brady\repos\UCI-Rocket-Project-Solids\flight-code\MXTmpFiles\fatfs_inc.tmp
2026-01-18 01:45:38,457 [INFO] CodeEngine:255 - oldGeneratedFile, C:\Users\brady\repos\UCI-Rocket-Project-Solids\flight-code\MXTmpFiles\cortex.tmp_save
2026-01-18 01:45:38,525 [INFO] CodeEngine:279 - Generated code: C:\Users\brady\repos\UCI-Rocket-Project-Solids\flight-code\MXTmpFiles\cortex.tmp
2026-01-18 01:45:38,530 [INFO] Middleware:1439 - No code input for Bsp Dependency
2026-01-18 01:45:38,545 [INFO] CodeEngine:255 - oldGeneratedFile, C:\Users\brady\repos\UCI-Rocket-Project-Solids\flight-code\MXTmpFiles\fatfs_HalInit.tmp_save
2026-01-18 01:45:38,590 [INFO] CodeEngine:279 - Generated code: C:\Users\brady\repos\UCI-Rocket-Project-Solids\flight-code\MXTmpFiles\fatfs_HalInit.tmp
2026-01-18 01:45:38,594 [INFO] CodeEngine:255 - oldGeneratedFile, C:\Users\brady\repos\UCI-Rocket-Project-Solids\flight-code\MXTmpFiles\fatfs_vars.tmp_save
2026-01-18 01:45:38,625 [INFO] CodeEngine:279 - Generated code: C:\Users\brady\repos\UCI-Rocket-Project-Solids\flight-code\MXTmpFiles\fatfs_vars.tmp
2026-01-18 01:45:38,629 [INFO] CodeEngine:255 - oldGeneratedFile, C:\Users\brady\repos\UCI-Rocket-Project-Solids\flight-code\MXTmpFiles\fatfs_ext_vars.tmp_save
2026-01-18 01:45:38,667 [INFO] CodeEngine:279 - Generated code: C:\Users\brady\repos\UCI-Rocket-Project-Solids\flight-code\MXTmpFiles\fatfs_ext_vars.tmp
2026-01-18 01:45:38,670 [INFO] CodeEngine:255 - oldGeneratedFile, C:\Users\brady\repos\UCI-Rocket-Project-Solids\flight-code\MXTmpFiles\fatfs_inc.tmp_save
2026-01-18 01:45:38,706 [INFO] CodeEngine:279 - Generated code: C:\Users\brady\repos\UCI-Rocket-Project-Solids\flight-code\MXTmpFiles\fatfs_inc.tmp
2026-01-18 01:45:38,718 [INFO] CodeEngine:255 - oldGeneratedFile, C:\Users\brady\repos\UCI-Rocket-Project-Solids\flight-code\FATFS\Target\ffconf.h_save
2026-01-18 01:45:38,792 [INFO] CodeEngine:279 - Generated code: C:\Users\brady\repos\UCI-Rocket-Project-Solids\flight-code\FATFS\Target\ffconf.h
2026-01-18 01:45:38,803 [INFO] CodeEngine:255 - oldGeneratedFile, C:\Users\brady\repos\UCI-Rocket-Project-Solids\flight-code\FATFS\Target\user_diskio.c_save
2026-01-18 01:45:38,863 [INFO] CodeEngine:279 - Generated code: C:\Users\brady\repos\UCI-Rocket-Project-Solids\flight-code\FATFS\Target\user_diskio.c
2026-01-18 01:45:38,873 [INFO] CodeEngine:255 - oldGeneratedFile, C:\Users\brady\repos\UCI-Rocket-Project-Solids\flight-code\FATFS\Target\user_diskio.h_save
2026-01-18 01:45:38,923 [INFO] CodeEngine:279 - Generated code: C:\Users\brady\repos\UCI-Rocket-Project-Solids\flight-code\FATFS\Target\user_diskio.h
2026-01-18 01:45:38,934 [INFO] CodeEngine:255 - oldGeneratedFile, C:\Users\brady\repos\UCI-Rocket-Project-Solids\flight-code\FATFS\App\fatfs.c_save
2026-01-18 01:45:38,990 [INFO] CodeEngine:279 - Generated code: C:\Users\brady\repos\UCI-Rocket-Project-Solids\flight-code\FATFS\App\fatfs.c
2026-01-18 01:45:39,000 [INFO] CodeEngine:255 - oldGeneratedFile, C:\Users\brady\repos\UCI-Rocket-Project-Solids\flight-code\FATFS\App\fatfs.h_save
2026-01-18 01:45:39,061 [INFO] CodeEngine:279 - Generated code: C:\Users\brady\repos\UCI-Rocket-Project-Solids\flight-code\FATFS\App\fatfs.h
2026-01-18 01:45:39,090 [INFO] CodeEngine:255 - oldGeneratedFile, C:\Users\brady\repos\UCI-Rocket-Project-Solids\flight-code\Core\Src\stm32h7xx_it.c_save
2026-01-18 01:45:39,201 [INFO] CodeEngine:279 - Generated code: C:\Users\brady\repos\UCI-Rocket-Project-Solids\flight-code\Core\Src\stm32h7xx_it.c
2026-01-18 01:45:39,210 [INFO] CodeEngine:255 - oldGeneratedFile, C:\Users\brady\repos\UCI-Rocket-Project-Solids\flight-code\Core\Inc\stm32h7xx_it.h_save
2026-01-18 01:45:39,261 [INFO] CodeEngine:279 - Generated code: C:\Users\brady\repos\UCI-Rocket-Project-Solids\flight-code\Core\Inc\stm32h7xx_it.h
2026-01-18 01:45:39,383 [INFO] CodeEngine:255 - oldGeneratedFile, C:\Users\brady\repos\UCI-Rocket-Project-Solids\flight-code\Core\Src\stm32h7xx_hal_msp.c_save
2026-01-18 01:45:39,512 [INFO] CodeEngine:279 - Generated code: C:\Users\brady\repos\UCI-Rocket-Project-Solids\flight-code\Core\Src\stm32h7xx_hal_msp.c
2026-01-18 01:45:39,516 [INFO] CodeEngine:255 - oldGeneratedFile, C:\Users\brady\repos\UCI-Rocket-Project-Solids\flight-code\MXTmpFiles\system.tmp_save
2026-01-18 01:45:39,570 [INFO] CodeEngine:279 - Generated code: C:\Users\brady\repos\UCI-Rocket-Project-Solids\flight-code\MXTmpFiles\system.tmp
2026-01-18 01:45:39,591 [INFO] CodeEngine:311 - oldGeneratedFile, C:\Users\brady\repos\UCI-Rocket-Project-Solids\flight-code\Core\Inc\stm32h7xx_hal_conf.h_save
2026-01-18 01:45:39,655 [INFO] CodeEngine:335 - Generated code: C:\Users\brady\repos\UCI-Rocket-Project-Solids\flight-code\Core\Inc\stm32h7xx_hal_conf.h
2026-01-18 01:45:39,680 [WARN] IPConfigManager:3554 - IP not found : USB_OTG
2026-01-18 01:45:39,681 [WARN] CodeGenerator:4002 - IP not found : null
2026-01-18 01:45:39,693 [INFO] CodeEngine:255 - oldGeneratedFile, C:\Users\brady\repos\UCI-Rocket-Project-Solids\flight-code\Core\Inc\main.h_save
2026-01-18 01:45:39,772 [INFO] CodeEngine:279 - Generated code: C:\Users\brady\repos\UCI-Rocket-Project-Solids\flight-code\Core\Inc\main.h
2026-01-18 01:45:39,785 [INFO] CodeEngine:255 - oldGeneratedFile, C:\Users\brady\repos\UCI-Rocket-Project-Solids\flight-code\Core\Src\main.c_save
2026-01-18 01:45:39,885 [INFO] CodeEngine:279 - Generated code: C:\Users\brady\repos\UCI-Rocket-Project-Solids\flight-code\Core\Src\main.c
2026-01-18 01:45:40,134 [INFO] ProjectBuilder:3249 - Time for Copy HAL[1] : 166mS.
2026-01-18 01:45:40,139 [INFO] ProjectBuilder:4828 - Project Generator version: 4.4.0-B60
2026-01-18 01:45:40,183 [INFO] ConfigFileManager:1531 - The Die is : DIE450
2026-01-18 01:45:40,972 [INFO] ProjectBuilder:5097 - Time for Generating toolchain IDE Files: 833mS.
2026-01-18 01:45:40,973 [INFO] ProjectBuilder:3107 - Time for Copy CMSIS : 0mS.
2026-01-18 01:45:40,977 [INFO] ProjectBuilder:3107 - Time for Copy CMSIS : 0mS.
2026-01-18 01:54:38,391 [INFO] UtilMem:75 - End SaveConfig() Used Memory: 860634592 Bytes (1073741824)
2026-01-18 01:54:39,604 [INFO] UtilMem:75 - End SaveConfig() Used Memory: 906249696 Bytes (1073741824)
2026-01-18 01:54:41,249 [INFO] UtilMem:75 - End SaveConfig() Used Memory: 828075480 Bytes (1073741824)
2026-01-18 01:54:41,419 [INFO] BlockDiagram:2766 - set Specific Code input for plugin: SPI
2026-01-18 01:54:41,419 [INFO] BlockDiagram:2766 - set Specific Code input for plugin: RCC
2026-01-18 01:54:41,419 [INFO] BlockDiagram:2766 - set Specific Code input for plugin: USART
2026-01-18 01:54:41,419 [INFO] BlockDiagram:2766 - set Specific Code input for plugin: FATFS
2026-01-18 01:54:41,419 [INFO] BlockDiagram:2766 - set Specific Code input for plugin: MEMORYMAP
2026-01-18 01:54:41,419 [INFO] BlockDiagram:2766 - set Specific Code input for plugin: SYS
2026-01-18 01:54:41,419 [INFO] BlockDiagram:2766 - set Specific Code input for plugin: USB_OTG_FS
2026-01-18 01:54:41,419 [INFO] BlockDiagram:2766 - set Specific Code input for plugin: NVIC
2026-01-18 01:54:41,419 [INFO] BlockDiagram:2766 - set Specific Code input for plugin: CORTEX_M7
2026-01-18 01:54:41,419 [INFO] BlockDiagram:2766 - set Specific Code input for plugin: UART
2026-01-18 01:54:41,419 [INFO] BlockDiagram:2766 - set Specific Code input for plugin: UART
2026-01-18 01:54:41,419 [INFO] BlockDiagram:2766 - set Specific Code input for plugin: DEBUG
2026-01-18 01:54:41,419 [INFO] BlockDiagram:2766 - set Specific Code input for plugin: GPIO
2026-01-18 01:54:41,420 [INFO] CodeGenerator:807 - code generatio: config db path: C:\ST\STM32CubeIDE_1.16.0\STM32CubeIDE\plugins\com.st.stm32cube.common.mx_6.12.0.202406281431\\db\
2026-01-18 01:54:41,496 [INFO] CodeEngine:255 - oldGeneratedFile, C:\Users\brady\repos\UCI-Rocket-Project-Solids\flight-code\MXTmpFiles\license.tmp_save
2026-01-18 01:54:41,556 [INFO] CodeEngine:279 - Generated code: C:\Users\brady\repos\UCI-Rocket-Project-Solids\flight-code\MXTmpFiles\license.tmp
2026-01-18 01:54:41,610 [INFO] CodeEngine:255 - oldGeneratedFile, C:\Users\brady\repos\UCI-Rocket-Project-Solids\flight-code\MXTmpFiles\gpio.tmp_save
2026-01-18 01:54:41,693 [INFO] CodeEngine:279 - Generated code: C:\Users\brady\repos\UCI-Rocket-Project-Solids\flight-code\MXTmpFiles\gpio.tmp
2026-01-18 01:54:41,746 [WARN] IPConfigManager:98 - WARNING: Missing Config File for DEBUG ip!!
2026-01-18 01:54:41,835 [WARN] IPConfigManager:98 - WARNING: Missing Config File for MEMORYMAP ip!!
2026-01-18 01:54:42,231 [INFO] Middleware:1439 - No code input for Bsp Dependency
2026-01-18 01:54:42,241 [INFO] CodeEngine:255 - oldGeneratedFile, C:\Users\brady\repos\UCI-Rocket-Project-Solids\flight-code\MXTmpFiles\fatfs_HalInit.tmp_save
2026-01-18 01:54:42,309 [INFO] CodeEngine:279 - Generated code: C:\Users\brady\repos\UCI-Rocket-Project-Solids\flight-code\MXTmpFiles\fatfs_HalInit.tmp
2026-01-18 01:54:42,315 [INFO] CodeEngine:255 - oldGeneratedFile, C:\Users\brady\repos\UCI-Rocket-Project-Solids\flight-code\MXTmpFiles\fatfs_vars.tmp_save
2026-01-18 01:54:42,350 [INFO] CodeEngine:279 - Generated code: C:\Users\brady\repos\UCI-Rocket-Project-Solids\flight-code\MXTmpFiles\fatfs_vars.tmp
2026-01-18 01:54:42,354 [INFO] CodeEngine:255 - oldGeneratedFile, C:\Users\brady\repos\UCI-Rocket-Project-Solids\flight-code\MXTmpFiles\fatfs_ext_vars.tmp_save
2026-01-18 01:54:42,389 [INFO] CodeEngine:279 - Generated code: C:\Users\brady\repos\UCI-Rocket-Project-Solids\flight-code\MXTmpFiles\fatfs_ext_vars.tmp
2026-01-18 01:54:42,391 [INFO] CodeEngine:255 - oldGeneratedFile, C:\Users\brady\repos\UCI-Rocket-Project-Solids\flight-code\MXTmpFiles\fatfs_inc.tmp_save
2026-01-18 01:54:42,436 [INFO] CodeEngine:279 - Generated code: C:\Users\brady\repos\UCI-Rocket-Project-Solids\flight-code\MXTmpFiles\fatfs_inc.tmp
2026-01-18 01:54:42,441 [INFO] CodeEngine:255 - oldGeneratedFile, C:\Users\brady\repos\UCI-Rocket-Project-Solids\flight-code\MXTmpFiles\cortex.tmp_save
2026-01-18 01:54:42,494 [INFO] CodeEngine:279 - Generated code: C:\Users\brady\repos\UCI-Rocket-Project-Solids\flight-code\MXTmpFiles\cortex.tmp
2026-01-18 01:54:42,499 [INFO] Middleware:1439 - No code input for Bsp Dependency
2026-01-18 01:54:42,505 [INFO] CodeEngine:255 - oldGeneratedFile, C:\Users\brady\repos\UCI-Rocket-Project-Solids\flight-code\MXTmpFiles\fatfs_HalInit.tmp_save
2026-01-18 01:54:42,546 [INFO] CodeEngine:279 - Generated code: C:\Users\brady\repos\UCI-Rocket-Project-Solids\flight-code\MXTmpFiles\fatfs_HalInit.tmp
2026-01-18 01:54:42,550 [INFO] CodeEngine:255 - oldGeneratedFile, C:\Users\brady\repos\UCI-Rocket-Project-Solids\flight-code\MXTmpFiles\fatfs_vars.tmp_save
2026-01-18 01:54:42,577 [INFO] CodeEngine:279 - Generated code: C:\Users\brady\repos\UCI-Rocket-Project-Solids\flight-code\MXTmpFiles\fatfs_vars.tmp
2026-01-18 01:54:42,581 [INFO] CodeEngine:255 - oldGeneratedFile, C:\Users\brady\repos\UCI-Rocket-Project-Solids\flight-code\MXTmpFiles\fatfs_ext_vars.tmp_save
2026-01-18 01:54:42,613 [INFO] CodeEngine:279 - Generated code: C:\Users\brady\repos\UCI-Rocket-Project-Solids\flight-code\MXTmpFiles\fatfs_ext_vars.tmp
2026-01-18 01:54:42,617 [INFO] CodeEngine:255 - oldGeneratedFile, C:\Users\brady\repos\UCI-Rocket-Project-Solids\flight-code\MXTmpFiles\fatfs_inc.tmp_save
2026-01-18 01:54:42,650 [INFO] CodeEngine:279 - Generated code: C:\Users\brady\repos\UCI-Rocket-Project-Solids\flight-code\MXTmpFiles\fatfs_inc.tmp
2026-01-18 01:54:42,662 [INFO] CodeEngine:255 - oldGeneratedFile, C:\Users\brady\repos\UCI-Rocket-Project-Solids\flight-code\FATFS\Target\ffconf.h_save
2026-01-18 01:54:42,731 [INFO] CodeEngine:279 - Generated code: C:\Users\brady\repos\UCI-Rocket-Project-Solids\flight-code\FATFS\Target\ffconf.h
2026-01-18 01:54:42,736 [INFO] CodeEngine:255 - oldGeneratedFile, C:\Users\brady\repos\UCI-Rocket-Project-Solids\flight-code\FATFS\Target\user_diskio.c_save
2026-01-18 01:54:42,786 [INFO] CodeEngine:279 - Generated code: C:\Users\brady\repos\UCI-Rocket-Project-Solids\flight-code\FATFS\Target\user_diskio.c
2026-01-18 01:54:42,790 [INFO] CodeEngine:255 - oldGeneratedFile, C:\Users\brady\repos\UCI-Rocket-Project-Solids\flight-code\FATFS\Target\user_diskio.h_save
2026-01-18 01:54:42,829 [INFO] CodeEngine:279 - Generated code: C:\Users\brady\repos\UCI-Rocket-Project-Solids\flight-code\FATFS\Target\user_diskio.h
2026-01-18 01:54:42,833 [INFO] CodeEngine:255 - oldGeneratedFile, C:\Users\brady\repos\UCI-Rocket-Project-Solids\flight-code\FATFS\App\fatfs.c_save
2026-01-18 01:54:42,872 [INFO] CodeEngine:279 - Generated code: C:\Users\brady\repos\UCI-Rocket-Project-Solids\flight-code\FATFS\App\fatfs.c
2026-01-18 01:54:42,875 [INFO] CodeEngine:255 - oldGeneratedFile, C:\Users\brady\repos\UCI-Rocket-Project-Solids\flight-code\FATFS\App\fatfs.h_save
2026-01-18 01:54:42,909 [INFO] CodeEngine:279 - Generated code: C:\Users\brady\repos\UCI-Rocket-Project-Solids\flight-code\FATFS\App\fatfs.h
2026-01-18 01:54:42,934 [INFO] CodeEngine:255 - oldGeneratedFile, C:\Users\brady\repos\UCI-Rocket-Project-Solids\flight-code\Core\Src\stm32h7xx_it.c_save
2026-01-18 01:54:43,017 [INFO] CodeEngine:279 - Generated code: C:\Users\brady\repos\UCI-Rocket-Project-Solids\flight-code\Core\Src\stm32h7xx_it.c
2026-01-18 01:54:43,021 [INFO] CodeEngine:255 - oldGeneratedFile, C:\Users\brady\repos\UCI-Rocket-Project-Solids\flight-code\Core\Inc\stm32h7xx_it.h_save
2026-01-18 01:54:43,065 [INFO] CodeEngine:279 - Generated code: C:\Users\brady\repos\UCI-Rocket-Project-Solids\flight-code\Core\Inc\stm32h7xx_it.h
2026-01-18 01:54:43,213 [INFO] CodeEngine:255 - oldGeneratedFile, C:\Users\brady\repos\UCI-Rocket-Project-Solids\flight-code\Core\Src\stm32h7xx_hal_msp.c_save
2026-01-18 01:54:43,318 [INFO] CodeEngine:279 - Generated code: C:\Users\brady\repos\UCI-Rocket-Project-Solids\flight-code\Core\Src\stm32h7xx_hal_msp.c
2026-01-18 01:54:43,321 [INFO] CodeEngine:255 - oldGeneratedFile, C:\Users\brady\repos\UCI-Rocket-Project-Solids\flight-code\MXTmpFiles\system.tmp_save
2026-01-18 01:54:43,354 [INFO] CodeEngine:279 - Generated code: C:\Users\brady\repos\UCI-Rocket-Project-Solids\flight-code\MXTmpFiles\system.tmp
2026-01-18 01:54:43,368 [INFO] CodeEngine:311 - oldGeneratedFile, C:\Users\brady\repos\UCI-Rocket-Project-Solids\flight-code\Core\Inc\stm32h7xx_hal_conf.h_save
2026-01-18 01:54:43,433 [INFO] CodeEngine:335 - Generated code: C:\Users\brady\repos\UCI-Rocket-Project-Solids\flight-code\Core\Inc\stm32h7xx_hal_conf.h
2026-01-18 01:54:43,457 [WARN] IPConfigManager:3554 - IP not found : USB_OTG
2026-01-18 01:54:43,457 [WARN] CodeGenerator:4002 - IP not found : null
2026-01-18 01:54:43,469 [INFO] CodeEngine:255 - oldGeneratedFile, C:\Users\brady\repos\UCI-Rocket-Project-Solids\flight-code\Core\Inc\main.h_save
2026-01-18 01:54:43,525 [INFO] CodeEngine:279 - Generated code: C:\Users\brady\repos\UCI-Rocket-Project-Solids\flight-code\Core\Inc\main.h
2026-01-18 01:54:43,537 [INFO] CodeEngine:255 - oldGeneratedFile, C:\Users\brady\repos\UCI-Rocket-Project-Solids\flight-code\Core\Src\main.c_save
2026-01-18 01:54:43,634 [INFO] CodeEngine:279 - Generated code: C:\Users\brady\repos\UCI-Rocket-Project-Solids\flight-code\Core\Src\main.c
2026-01-18 01:54:43,861 [INFO] ProjectBuilder:3249 - Time for Copy HAL[1] : 142mS.
2026-01-18 01:54:43,865 [INFO] ProjectBuilder:4828 - Project Generator version: 4.4.0-B60
2026-01-18 01:54:43,902 [INFO] ConfigFileManager:1531 - The Die is : DIE450
2026-01-18 01:54:44,595 [INFO] ProjectBuilder:5097 - Time for Generating toolchain IDE Files: 730mS.
2026-01-18 01:54:44,595 [INFO] ProjectBuilder:3107 - Time for Copy CMSIS : 0mS.
2026-01-18 01:54:44,599 [INFO] ProjectBuilder:3107 - Time for Copy CMSIS : 0mS.
2026-01-18 01:57:40,661 [INFO] NvicIntPanel:101 - NVIC parent = com.st.microxplorer.plugins.ip.nvic.MultiNvicIntPanel[,0,0,0x0,invalid,layout=javax.swing.BoxLayout,alignmentX=0.0,alignmentY=0.0,border=,flags=9,maximumSize=,minimumSize=,preferredSize=]
2026-01-18 01:58:03,796 [INFO] NvicIntPanel:101 - NVIC parent = com.st.microxplorer.plugins.ip.nvic.MultiNvicIntPanel[,0,0,0x0,invalid,layout=javax.swing.BoxLayout,alignmentX=0.0,alignmentY=0.0,border=,flags=9,maximumSize=,minimumSize=,preferredSize=]
2026-01-18 01:58:03,884 [INFO] NvicIntPanel:101 - NVIC parent = com.st.microxplorer.plugins.ip.nvic.MultiNvicIntPanel[,0,0,0x0,invalid,layout=javax.swing.BoxLayout,alignmentX=0.0,alignmentY=0.0,border=,flags=9,maximumSize=,minimumSize=,preferredSize=]
2026-01-18 01:58:07,754 [INFO] NvicIntPanel:101 - NVIC parent = com.st.microxplorer.plugins.ip.nvic.MultiNvicIntPanel[,0,0,0x0,invalid,layout=javax.swing.BoxLayout,alignmentX=0.0,alignmentY=0.0,border=,flags=9,maximumSize=,minimumSize=,preferredSize=]
2026-01-18 01:58:07,841 [INFO] NvicIntPanel:101 - NVIC parent = com.st.microxplorer.plugins.ip.nvic.MultiNvicIntPanel[,0,0,0x0,invalid,layout=javax.swing.BoxLayout,alignmentX=0.0,alignmentY=0.0,border=,flags=9,maximumSize=,minimumSize=,preferredSize=]
2026-01-18 01:58:10,148 [INFO] NvicIntPanel:101 - NVIC parent = com.st.microxplorer.plugins.ip.nvic.MultiNvicIntPanel[,0,0,0x0,invalid,layout=javax.swing.BoxLayout,alignmentX=0.0,alignmentY=0.0,border=,flags=9,maximumSize=,minimumSize=,preferredSize=]
2026-01-18 01:58:14,974 [INFO] NvicIntPanel:101 - NVIC parent = com.st.microxplorer.plugins.ip.nvic.MultiNvicIntPanel[,0,0,0x0,invalid,layout=javax.swing.BoxLayout,alignmentX=0.0,alignmentY=0.0,border=,flags=9,maximumSize=,minimumSize=,preferredSize=]
2026-01-18 01:58:33,819 [INFO] UtilMem:75 - End SaveConfig() Used Memory: 861969024 Bytes (1073741824)
2026-01-18 01:58:35,228 [INFO] UtilMem:75 - End SaveConfig() Used Memory: 897599304 Bytes (1073741824)
2026-01-18 01:58:44,440 [INFO] UtilMem:75 - End SaveConfig() Used Memory: 871876464 Bytes (1073741824)
2026-01-18 01:58:44,619 [INFO] BlockDiagram:2766 - set Specific Code input for plugin: SPI
2026-01-18 01:58:44,619 [INFO] BlockDiagram:2766 - set Specific Code input for plugin: RCC
2026-01-18 01:58:44,619 [INFO] BlockDiagram:2766 - set Specific Code input for plugin: USART
2026-01-18 01:58:44,619 [INFO] BlockDiagram:2766 - set Specific Code input for plugin: FATFS
2026-01-18 01:58:44,619 [INFO] BlockDiagram:2766 - set Specific Code input for plugin: MEMORYMAP
2026-01-18 01:58:44,619 [INFO] BlockDiagram:2766 - set Specific Code input for plugin: SYS
2026-01-18 01:58:44,619 [INFO] BlockDiagram:2766 - set Specific Code input for plugin: USB_OTG_FS
2026-01-18 01:58:44,619 [INFO] BlockDiagram:2766 - set Specific Code input for plugin: NVIC
2026-01-18 01:58:44,619 [INFO] BlockDiagram:2766 - set Specific Code input for plugin: CORTEX_M7
2026-01-18 01:58:44,619 [INFO] BlockDiagram:2766 - set Specific Code input for plugin: UART
2026-01-18 01:58:44,619 [INFO] BlockDiagram:2766 - set Specific Code input for plugin: UART
2026-01-18 01:58:44,619 [INFO] BlockDiagram:2766 - set Specific Code input for plugin: DEBUG
2026-01-18 01:58:44,620 [INFO] BlockDiagram:2766 - set Specific Code input for plugin: GPIO
2026-01-18 01:58:44,622 [INFO] CodeGenerator:807 - code generatio: config db path: C:\ST\STM32CubeIDE_1.16.0\STM32CubeIDE\plugins\com.st.stm32cube.common.mx_6.12.0.202406281431\\db\
2026-01-18 01:58:44,724 [INFO] CodeEngine:255 - oldGeneratedFile, C:\Users\brady\repos\UCI-Rocket-Project-Solids\flight-code\MXTmpFiles\license.tmp_save
2026-01-18 01:58:44,786 [INFO] CodeEngine:279 - Generated code: C:\Users\brady\repos\UCI-Rocket-Project-Solids\flight-code\MXTmpFiles\license.tmp
2026-01-18 01:58:44,833 [INFO] CodeEngine:255 - oldGeneratedFile, C:\Users\brady\repos\UCI-Rocket-Project-Solids\flight-code\MXTmpFiles\gpio.tmp_save
2026-01-18 01:58:44,887 [INFO] CodeEngine:279 - Generated code: C:\Users\brady\repos\UCI-Rocket-Project-Solids\flight-code\MXTmpFiles\gpio.tmp
2026-01-18 01:58:44,929 [WARN] IPConfigManager:98 - WARNING: Missing Config File for DEBUG ip!!
2026-01-18 01:58:45,011 [WARN] IPConfigManager:98 - WARNING: Missing Config File for MEMORYMAP ip!!
2026-01-18 01:58:45,416 [INFO] Middleware:1439 - No code input for Bsp Dependency
2026-01-18 01:58:45,421 [INFO] CodeEngine:255 - oldGeneratedFile, C:\Users\brady\repos\UCI-Rocket-Project-Solids\flight-code\MXTmpFiles\fatfs_HalInit.tmp_save
2026-01-18 01:58:45,486 [INFO] CodeEngine:279 - Generated code: C:\Users\brady\repos\UCI-Rocket-Project-Solids\flight-code\MXTmpFiles\fatfs_HalInit.tmp
2026-01-18 01:58:45,490 [INFO] CodeEngine:255 - oldGeneratedFile, C:\Users\brady\repos\UCI-Rocket-Project-Solids\flight-code\MXTmpFiles\fatfs_vars.tmp_save
2026-01-18 01:58:45,522 [INFO] CodeEngine:279 - Generated code: C:\Users\brady\repos\UCI-Rocket-Project-Solids\flight-code\MXTmpFiles\fatfs_vars.tmp
2026-01-18 01:58:45,525 [INFO] CodeEngine:255 - oldGeneratedFile, C:\Users\brady\repos\UCI-Rocket-Project-Solids\flight-code\MXTmpFiles\fatfs_ext_vars.tmp_save
2026-01-18 01:58:45,562 [INFO] CodeEngine:279 - Generated code: C:\Users\brady\repos\UCI-Rocket-Project-Solids\flight-code\MXTmpFiles\fatfs_ext_vars.tmp
2026-01-18 01:58:45,565 [INFO] CodeEngine:255 - oldGeneratedFile, C:\Users\brady\repos\UCI-Rocket-Project-Solids\flight-code\MXTmpFiles\fatfs_inc.tmp_save
2026-01-18 01:58:45,604 [INFO] CodeEngine:279 - Generated code: C:\Users\brady\repos\UCI-Rocket-Project-Solids\flight-code\MXTmpFiles\fatfs_inc.tmp
2026-01-18 01:58:45,612 [INFO] CodeEngine:255 - oldGeneratedFile, C:\Users\brady\repos\UCI-Rocket-Project-Solids\flight-code\MXTmpFiles\cortex.tmp_save
2026-01-18 01:58:45,666 [INFO] CodeEngine:279 - Generated code: C:\Users\brady\repos\UCI-Rocket-Project-Solids\flight-code\MXTmpFiles\cortex.tmp
2026-01-18 01:58:45,672 [INFO] Middleware:1439 - No code input for Bsp Dependency
2026-01-18 01:58:45,678 [INFO] CodeEngine:255 - oldGeneratedFile, C:\Users\brady\repos\UCI-Rocket-Project-Solids\flight-code\MXTmpFiles\fatfs_HalInit.tmp_save
2026-01-18 01:58:45,731 [INFO] CodeEngine:279 - Generated code: C:\Users\brady\repos\UCI-Rocket-Project-Solids\flight-code\MXTmpFiles\fatfs_HalInit.tmp
2026-01-18 01:58:45,735 [INFO] CodeEngine:255 - oldGeneratedFile, C:\Users\brady\repos\UCI-Rocket-Project-Solids\flight-code\MXTmpFiles\fatfs_vars.tmp_save
2026-01-18 01:58:45,772 [INFO] CodeEngine:279 - Generated code: C:\Users\brady\repos\UCI-Rocket-Project-Solids\flight-code\MXTmpFiles\fatfs_vars.tmp
2026-01-18 01:58:45,776 [INFO] CodeEngine:255 - oldGeneratedFile, C:\Users\brady\repos\UCI-Rocket-Project-Solids\flight-code\MXTmpFiles\fatfs_ext_vars.tmp_save
2026-01-18 01:58:45,813 [INFO] CodeEngine:279 - Generated code: C:\Users\brady\repos\UCI-Rocket-Project-Solids\flight-code\MXTmpFiles\fatfs_ext_vars.tmp
2026-01-18 01:58:45,817 [INFO] CodeEngine:255 - oldGeneratedFile, C:\Users\brady\repos\UCI-Rocket-Project-Solids\flight-code\MXTmpFiles\fatfs_inc.tmp_save
2026-01-18 01:58:45,846 [INFO] CodeEngine:279 - Generated code: C:\Users\brady\repos\UCI-Rocket-Project-Solids\flight-code\MXTmpFiles\fatfs_inc.tmp
2026-01-18 01:58:45,857 [INFO] CodeEngine:255 - oldGeneratedFile, C:\Users\brady\repos\UCI-Rocket-Project-Solids\flight-code\FATFS\Target\ffconf.h_save
2026-01-18 01:58:45,920 [INFO] CodeEngine:279 - Generated code: C:\Users\brady\repos\UCI-Rocket-Project-Solids\flight-code\FATFS\Target\ffconf.h
2026-01-18 01:58:45,924 [INFO] CodeEngine:255 - oldGeneratedFile, C:\Users\brady\repos\UCI-Rocket-Project-Solids\flight-code\FATFS\Target\user_diskio.c_save
2026-01-18 01:58:45,961 [INFO] CodeEngine:279 - Generated code: C:\Users\brady\repos\UCI-Rocket-Project-Solids\flight-code\FATFS\Target\user_diskio.c
2026-01-18 01:58:45,965 [INFO] CodeEngine:255 - oldGeneratedFile, C:\Users\brady\repos\UCI-Rocket-Project-Solids\flight-code\FATFS\Target\user_diskio.h_save
2026-01-18 01:58:46,005 [INFO] CodeEngine:279 - Generated code: C:\Users\brady\repos\UCI-Rocket-Project-Solids\flight-code\FATFS\Target\user_diskio.h
2026-01-18 01:58:46,010 [INFO] CodeEngine:255 - oldGeneratedFile, C:\Users\brady\repos\UCI-Rocket-Project-Solids\flight-code\FATFS\App\fatfs.c_save
2026-01-18 01:58:46,044 [INFO] CodeEngine:279 - Generated code: C:\Users\brady\repos\UCI-Rocket-Project-Solids\flight-code\FATFS\App\fatfs.c
2026-01-18 01:58:46,047 [INFO] CodeEngine:255 - oldGeneratedFile, C:\Users\brady\repos\UCI-Rocket-Project-Solids\flight-code\FATFS\App\fatfs.h_save
2026-01-18 01:58:46,081 [INFO] CodeEngine:279 - Generated code: C:\Users\brady\repos\UCI-Rocket-Project-Solids\flight-code\FATFS\App\fatfs.h
2026-01-18 01:58:46,104 [INFO] CodeEngine:255 - oldGeneratedFile, C:\Users\brady\repos\UCI-Rocket-Project-Solids\flight-code\Core\Src\stm32h7xx_it.c_save
2026-01-18 01:58:46,181 [INFO] CodeEngine:279 - Generated code: C:\Users\brady\repos\UCI-Rocket-Project-Solids\flight-code\Core\Src\stm32h7xx_it.c
2026-01-18 01:58:46,184 [INFO] CodeEngine:255 - oldGeneratedFile, C:\Users\brady\repos\UCI-Rocket-Project-Solids\flight-code\Core\Inc\stm32h7xx_it.h_save
2026-01-18 01:58:46,220 [INFO] CodeEngine:279 - Generated code: C:\Users\brady\repos\UCI-Rocket-Project-Solids\flight-code\Core\Inc\stm32h7xx_it.h
2026-01-18 01:58:46,342 [INFO] CodeEngine:255 - oldGeneratedFile, C:\Users\brady\repos\UCI-Rocket-Project-Solids\flight-code\Core\Src\stm32h7xx_hal_msp.c_save
2026-01-18 01:58:46,450 [INFO] CodeEngine:279 - Generated code: C:\Users\brady\repos\UCI-Rocket-Project-Solids\flight-code\Core\Src\stm32h7xx_hal_msp.c
2026-01-18 01:58:46,454 [INFO] CodeEngine:255 - oldGeneratedFile, C:\Users\brady\repos\UCI-Rocket-Project-Solids\flight-code\MXTmpFiles\system.tmp_save
2026-01-18 01:58:46,486 [INFO] CodeEngine:279 - Generated code: C:\Users\brady\repos\UCI-Rocket-Project-Solids\flight-code\MXTmpFiles\system.tmp
2026-01-18 01:58:46,506 [INFO] CodeEngine:311 - oldGeneratedFile, C:\Users\brady\repos\UCI-Rocket-Project-Solids\flight-code\Core\Inc\stm32h7xx_hal_conf.h_save
2026-01-18 01:58:46,576 [INFO] CodeEngine:335 - Generated code: C:\Users\brady\repos\UCI-Rocket-Project-Solids\flight-code\Core\Inc\stm32h7xx_hal_conf.h
2026-01-18 01:58:46,597 [WARN] IPConfigManager:3554 - IP not found : USB_OTG
2026-01-18 01:58:46,598 [WARN] CodeGenerator:4002 - IP not found : null
2026-01-18 01:58:46,609 [INFO] CodeEngine:255 - oldGeneratedFile, C:\Users\brady\repos\UCI-Rocket-Project-Solids\flight-code\Core\Inc\main.h_save
2026-01-18 01:58:46,657 [INFO] CodeEngine:279 - Generated code: C:\Users\brady\repos\UCI-Rocket-Project-Solids\flight-code\Core\Inc\main.h
2026-01-18 01:58:46,669 [INFO] CodeEngine:255 - oldGeneratedFile, C:\Users\brady\repos\UCI-Rocket-Project-Solids\flight-code\Core\Src\main.c_save
2026-01-18 01:58:46,748 [INFO] CodeEngine:279 - Generated code: C:\Users\brady\repos\UCI-Rocket-Project-Solids\flight-code\Core\Src\main.c
2026-01-18 01:58:46,968 [INFO] ProjectBuilder:3249 - Time for Copy HAL[1] : 136mS.
2026-01-18 01:58:46,972 [INFO] ProjectBuilder:4828 - Project Generator version: 4.4.0-B60
2026-01-18 01:58:47,005 [INFO] ConfigFileManager:1531 - The Die is : DIE450
2026-01-18 01:58:47,609 [INFO] ProjectBuilder:5097 - Time for Generating toolchain IDE Files: 637mS.
2026-01-18 01:58:47,610 [INFO] ProjectBuilder:3107 - Time for Copy CMSIS : 0mS.
2026-01-18 01:58:47,614 [INFO] ProjectBuilder:3107 - Time for Copy CMSIS : 1mS.
2026-01-18 02:16:26,364 [INFO] NvicIntPanel:101 - NVIC parent = com.st.microxplorer.plugins.ip.nvic.MultiNvicIntPanel[,0,0,0x0,invalid,layout=javax.swing.BoxLayout,alignmentX=0.0,alignmentY=0.0,border=,flags=9,maximumSize=,minimumSize=,preferredSize=]
2026-01-18 02:16:26,461 [INFO] NvicIntPanel:101 - NVIC parent = com.st.microxplorer.plugins.ip.nvic.MultiNvicIntPanel[,0,0,0x0,invalid,layout=javax.swing.BoxLayout,alignmentX=0.0,alignmentY=0.0,border=,flags=9,maximumSize=,minimumSize=,preferredSize=]
2026-01-18 02:16:28,765 [INFO] UtilMem:75 - End SaveConfig() Used Memory: 881702904 Bytes (1073741824)
2026-01-18 02:16:29,882 [INFO] UtilMem:75 - End SaveConfig() Used Memory: 915257336 Bytes (1073741824)
2026-01-18 02:16:31,187 [INFO] UtilMem:75 - End SaveConfig() Used Memory: 875831072 Bytes (1073741824)
2026-01-18 02:16:31,385 [INFO] BlockDiagram:2766 - set Specific Code input for plugin: SPI
2026-01-18 02:16:31,385 [INFO] BlockDiagram:2766 - set Specific Code input for plugin: RCC
2026-01-18 02:16:31,385 [INFO] BlockDiagram:2766 - set Specific Code input for plugin: USART
2026-01-18 02:16:31,385 [INFO] BlockDiagram:2766 - set Specific Code input for plugin: FATFS
2026-01-18 02:16:31,385 [INFO] BlockDiagram:2766 - set Specific Code input for plugin: MEMORYMAP
2026-01-18 02:16:31,385 [INFO] BlockDiagram:2766 - set Specific Code input for plugin: SYS
2026-01-18 02:16:31,385 [INFO] BlockDiagram:2766 - set Specific Code input for plugin: USB_OTG_FS
2026-01-18 02:16:31,385 [INFO] BlockDiagram:2766 - set Specific Code input for plugin: NVIC
2026-01-18 02:16:31,385 [INFO] BlockDiagram:2766 - set Specific Code input for plugin: CORTEX_M7
2026-01-18 02:16:31,385 [INFO] BlockDiagram:2766 - set Specific Code input for plugin: UART
2026-01-18 02:16:31,385 [INFO] BlockDiagram:2766 - set Specific Code input for plugin: UART
2026-01-18 02:16:31,385 [INFO] BlockDiagram:2766 - set Specific Code input for plugin: DEBUG
2026-01-18 02:16:31,386 [INFO] BlockDiagram:2766 - set Specific Code input for plugin: GPIO
2026-01-18 02:16:31,387 [INFO] CodeGenerator:807 - code generatio: config db path: C:\ST\STM32CubeIDE_1.16.0\STM32CubeIDE\plugins\com.st.stm32cube.common.mx_6.12.0.202406281431\\db\
2026-01-18 02:16:31,484 [INFO] CodeEngine:255 - oldGeneratedFile, C:\Users\brady\repos\UCI-Rocket-Project-Solids\flight-code\MXTmpFiles\license.tmp_save
2026-01-18 02:16:31,545 [INFO] CodeEngine:279 - Generated code: C:\Users\brady\repos\UCI-Rocket-Project-Solids\flight-code\MXTmpFiles\license.tmp
2026-01-18 02:16:31,587 [INFO] CodeEngine:255 - oldGeneratedFile, C:\Users\brady\repos\UCI-Rocket-Project-Solids\flight-code\MXTmpFiles\gpio.tmp_save
2026-01-18 02:16:31,639 [INFO] CodeEngine:279 - Generated code: C:\Users\brady\repos\UCI-Rocket-Project-Solids\flight-code\MXTmpFiles\gpio.tmp
2026-01-18 02:16:31,684 [WARN] IPConfigManager:98 - WARNING: Missing Config File for DEBUG ip!!
2026-01-18 02:16:31,780 [WARN] IPConfigManager:98 - WARNING: Missing Config File for MEMORYMAP ip!!
2026-01-18 02:16:32,178 [INFO] Middleware:1439 - No code input for Bsp Dependency
2026-01-18 02:16:32,182 [INFO] CodeEngine:255 - oldGeneratedFile, C:\Users\brady\repos\UCI-Rocket-Project-Solids\flight-code\MXTmpFiles\fatfs_HalInit.tmp_save
2026-01-18 02:16:32,245 [INFO] CodeEngine:279 - Generated code: C:\Users\brady\repos\UCI-Rocket-Project-Solids\flight-code\MXTmpFiles\fatfs_HalInit.tmp
2026-01-18 02:16:32,248 [INFO] CodeEngine:255 - oldGeneratedFile, C:\Users\brady\repos\UCI-Rocket-Project-Solids\flight-code\MXTmpFiles\fatfs_vars.tmp_save
2026-01-18 02:16:32,283 [INFO] CodeEngine:279 - Generated code: C:\Users\brady\repos\UCI-Rocket-Project-Solids\flight-code\MXTmpFiles\fatfs_vars.tmp
2026-01-18 02:16:32,287 [INFO] CodeEngine:255 - oldGeneratedFile, C:\Users\brady\repos\UCI-Rocket-Project-Solids\flight-code\MXTmpFiles\fatfs_ext_vars.tmp_save
2026-01-18 02:16:32,323 [INFO] CodeEngine:279 - Generated code: C:\Users\brady\repos\UCI-Rocket-Project-Solids\flight-code\MXTmpFiles\fatfs_ext_vars.tmp
2026-01-18 02:16:32,327 [INFO] CodeEngine:255 - oldGeneratedFile, C:\Users\brady\repos\UCI-Rocket-Project-Solids\flight-code\MXTmpFiles\fatfs_inc.tmp_save
2026-01-18 02:16:32,365 [INFO] CodeEngine:279 - Generated code: C:\Users\brady\repos\UCI-Rocket-Project-Solids\flight-code\MXTmpFiles\fatfs_inc.tmp
2026-01-18 02:16:32,374 [INFO] CodeEngine:255 - oldGeneratedFile, C:\Users\brady\repos\UCI-Rocket-Project-Solids\flight-code\MXTmpFiles\cortex.tmp_save
2026-01-18 02:16:32,443 [INFO] CodeEngine:279 - Generated code: C:\Users\brady\repos\UCI-Rocket-Project-Solids\flight-code\MXTmpFiles\cortex.tmp
2026-01-18 02:16:32,448 [INFO] Middleware:1439 - No code input for Bsp Dependency
2026-01-18 02:16:32,459 [INFO] CodeEngine:255 - oldGeneratedFile, C:\Users\brady\repos\UCI-Rocket-Project-Solids\flight-code\MXTmpFiles\fatfs_HalInit.tmp_save
2026-01-18 02:16:32,506 [INFO] CodeEngine:279 - Generated code: C:\Users\brady\repos\UCI-Rocket-Project-Solids\flight-code\MXTmpFiles\fatfs_HalInit.tmp
2026-01-18 02:16:32,510 [INFO] CodeEngine:255 - oldGeneratedFile, C:\Users\brady\repos\UCI-Rocket-Project-Solids\flight-code\MXTmpFiles\fatfs_vars.tmp_save
2026-01-18 02:16:32,548 [INFO] CodeEngine:279 - Generated code: C:\Users\brady\repos\UCI-Rocket-Project-Solids\flight-code\MXTmpFiles\fatfs_vars.tmp
2026-01-18 02:16:32,552 [INFO] CodeEngine:255 - oldGeneratedFile, C:\Users\brady\repos\UCI-Rocket-Project-Solids\flight-code\MXTmpFiles\fatfs_ext_vars.tmp_save
2026-01-18 02:16:32,587 [INFO] CodeEngine:279 - Generated code: C:\Users\brady\repos\UCI-Rocket-Project-Solids\flight-code\MXTmpFiles\fatfs_ext_vars.tmp
2026-01-18 02:16:32,590 [INFO] CodeEngine:255 - oldGeneratedFile, C:\Users\brady\repos\UCI-Rocket-Project-Solids\flight-code\MXTmpFiles\fatfs_inc.tmp_save
2026-01-18 02:16:32,625 [INFO] CodeEngine:279 - Generated code: C:\Users\brady\repos\UCI-Rocket-Project-Solids\flight-code\MXTmpFiles\fatfs_inc.tmp
2026-01-18 02:16:32,636 [INFO] CodeEngine:255 - oldGeneratedFile, C:\Users\brady\repos\UCI-Rocket-Project-Solids\flight-code\FATFS\Target\ffconf.h_save
2026-01-18 02:16:32,704 [INFO] CodeEngine:279 - Generated code: C:\Users\brady\repos\UCI-Rocket-Project-Solids\flight-code\FATFS\Target\ffconf.h
2026-01-18 02:16:32,710 [INFO] CodeEngine:255 - oldGeneratedFile, C:\Users\brady\repos\UCI-Rocket-Project-Solids\flight-code\FATFS\Target\user_diskio.c_save
2026-01-18 02:16:32,751 [INFO] CodeEngine:279 - Generated code: C:\Users\brady\repos\UCI-Rocket-Project-Solids\flight-code\FATFS\Target\user_diskio.c
2026-01-18 02:16:32,755 [INFO] CodeEngine:255 - oldGeneratedFile, C:\Users\brady\repos\UCI-Rocket-Project-Solids\flight-code\FATFS\Target\user_diskio.h_save
2026-01-18 02:16:32,793 [INFO] CodeEngine:279 - Generated code: C:\Users\brady\repos\UCI-Rocket-Project-Solids\flight-code\FATFS\Target\user_diskio.h
2026-01-18 02:16:32,796 [INFO] CodeEngine:255 - oldGeneratedFile, C:\Users\brady\repos\UCI-Rocket-Project-Solids\flight-code\FATFS\App\fatfs.c_save
2026-01-18 02:16:32,830 [INFO] CodeEngine:279 - Generated code: C:\Users\brady\repos\UCI-Rocket-Project-Solids\flight-code\FATFS\App\fatfs.c
2026-01-18 02:16:32,834 [INFO] CodeEngine:255 - oldGeneratedFile, C:\Users\brady\repos\UCI-Rocket-Project-Solids\flight-code\FATFS\App\fatfs.h_save
2026-01-18 02:16:32,874 [INFO] CodeEngine:279 - Generated code: C:\Users\brady\repos\UCI-Rocket-Project-Solids\flight-code\FATFS\App\fatfs.h
2026-01-18 02:16:32,898 [INFO] CodeEngine:255 - oldGeneratedFile, C:\Users\brady\repos\UCI-Rocket-Project-Solids\flight-code\Core\Src\stm32h7xx_it.c_save
2026-01-18 02:16:32,987 [INFO] CodeEngine:279 - Generated code: C:\Users\brady\repos\UCI-Rocket-Project-Solids\flight-code\Core\Src\stm32h7xx_it.c
2026-01-18 02:16:32,992 [INFO] CodeEngine:255 - oldGeneratedFile, C:\Users\brady\repos\UCI-Rocket-Project-Solids\flight-code\Core\Inc\stm32h7xx_it.h_save
2026-01-18 02:16:33,026 [INFO] CodeEngine:279 - Generated code: C:\Users\brady\repos\UCI-Rocket-Project-Solids\flight-code\Core\Inc\stm32h7xx_it.h
2026-01-18 02:16:33,153 [INFO] CodeEngine:255 - oldGeneratedFile, C:\Users\brady\repos\UCI-Rocket-Project-Solids\flight-code\Core\Src\stm32h7xx_hal_msp.c_save
2026-01-18 02:16:33,256 [INFO] CodeEngine:279 - Generated code: C:\Users\brady\repos\UCI-Rocket-Project-Solids\flight-code\Core\Src\stm32h7xx_hal_msp.c
2026-01-18 02:16:33,261 [INFO] CodeEngine:255 - oldGeneratedFile, C:\Users\brady\repos\UCI-Rocket-Project-Solids\flight-code\MXTmpFiles\system.tmp_save
2026-01-18 02:16:33,298 [INFO] CodeEngine:279 - Generated code: C:\Users\brady\repos\UCI-Rocket-Project-Solids\flight-code\MXTmpFiles\system.tmp
2026-01-18 02:16:33,319 [INFO] CodeEngine:311 - oldGeneratedFile, C:\Users\brady\repos\UCI-Rocket-Project-Solids\flight-code\Core\Inc\stm32h7xx_hal_conf.h_save
2026-01-18 02:16:33,391 [INFO] CodeEngine:335 - Generated code: C:\Users\brady\repos\UCI-Rocket-Project-Solids\flight-code\Core\Inc\stm32h7xx_hal_conf.h
2026-01-18 02:16:33,413 [WARN] IPConfigManager:3554 - IP not found : USB_OTG
2026-01-18 02:16:33,413 [WARN] CodeGenerator:4002 - IP not found : null
2026-01-18 02:16:33,425 [INFO] CodeEngine:255 - oldGeneratedFile, C:\Users\brady\repos\UCI-Rocket-Project-Solids\flight-code\Core\Inc\main.h_save
2026-01-18 02:16:33,472 [INFO] CodeEngine:279 - Generated code: C:\Users\brady\repos\UCI-Rocket-Project-Solids\flight-code\Core\Inc\main.h
2026-01-18 02:16:33,484 [INFO] CodeEngine:255 - oldGeneratedFile, C:\Users\brady\repos\UCI-Rocket-Project-Solids\flight-code\Core\Src\main.c_save
2026-01-18 02:16:33,575 [INFO] CodeEngine:279 - Generated code: C:\Users\brady\repos\UCI-Rocket-Project-Solids\flight-code\Core\Src\main.c
2026-01-18 02:16:33,874 [INFO] ProjectBuilder:3249 - Time for Copy HAL[1] : 201mS.
2026-01-18 02:16:33,879 [INFO] ProjectBuilder:4828 - Project Generator version: 4.4.0-B60
2026-01-18 02:16:33,920 [INFO] ConfigFileManager:1531 - The Die is : DIE450
2026-01-18 02:16:34,485 [INFO] ProjectBuilder:5097 - Time for Generating toolchain IDE Files: 606mS.
2026-01-18 02:16:34,485 [INFO] ProjectBuilder:3107 - Time for Copy CMSIS : 0mS.
2026-01-18 02:16:34,490 [INFO] ProjectBuilder:3107 - Time for Copy CMSIS : 0mS.
2026-01-18 02:17:20,432 [ERROR] LogOutputStream:75 - [STDERR_REDIRECT] 
2026-01-18 02:17:20,434 [ERROR] LogOutputStream:75 - [STDERR_REDIRECT] 
